{
"type": "FeatureCollection",
"name": "tracts",
"crs": { "type": "name", "properties": { "name": "urn:ogc:def:crs:OGC:1.3:CRS84" } },
"features": [
{ "type": "Feature", "properties": { "GEOID": "36005037600", "gi_z": 1.17, "borough": "Bronx", "pop": 2115.0, "incidents": 88, "lisa": "Not significant" }, "geometry": { "type": "Polygon", "coordinates": [ [ [ -73.869435, 40.878129 ], [ -73.870562, 40.871511 ], [ -73.868258, 40.871462 ], [ -73.86805, 40.877799 ], [ -73.869435, 40.878129 ] ] ] } },
{ "type": "Feature", "properties": { "GEOID": "36005023502", "gi_z": 2.21, "borough": "Bronx", "pop": 4490.0, "incidents": 270, "lisa": "High-High" }, "geometry": { "type": "Polygon", "coordinates": [ [ [ -73.905999, 40.849392 ], [ -73.906059, 40.849321 ], [ -73.903281, 40.848692 ], [ -73.900852, 40.855937 ], [ -73.90186, 40.854586 ], [ -73.905999, 40.849392 ] ] ] } },
{ "type": "Feature", "properties": { "GEOID": "36005006400", "gi_z": 2.72, "borough": "Bronx", "pop": 4194.0, "incidents": 194, "lisa": "High-High" }, "geometry": { "type": "Polygon", "coordinates": [ [ [ -73.873799, 40.835968 ], [ -73.873193, 40.829905 ], [ -73.870007, 40.83082 ], [ -73.871102, 40.835755 ], [ -73.873799, 40.835968 ] ] ] } },
{ "type": "Feature", "properties": { "GEOID": "36005039100", "gi_z": 3.67, "borough": "Bronx", "pop": 6071.0, "incidents": 488, "lisa": "High-High" }, "geometry": { "type": "Polygon", "coordinates": [ [ [ -73.89003, 40.854221 ], [ -73.889879, 40.85207 ], [ -73.886436, 40.850309 ], [ -73.883628, 40.853909 ], [ -73.888449, 40.856024 ], [ -73.89003, 40.854221 ] ] ] } },
{ "type": "Feature", "properties": { "GEOID": "36005038000", "gi_z": 0.31, "borough": "Bronx", "pop": 5023.0, "incidents": 321, "lisa": "Not significant" }, "geometry": { "type": "Polygon", "coordinates": [ [ [ -73.866271, 40.877327 ], [ -73.86462, 40.876804 ], [ -73.860512, 40.875494 ], [ -73.859752, 40.876861 ], [ -73.8586, 40.878954 ], [ -73.864466, 40.880545 ], [ -73.866271, 40.877327 ] ] ] } },
{ "type": "Feature", "properties": { "GEOID": "36005008900", "gi_z": 5.53, "borough": "Bronx", "pop": 2949.0, "incidents": 382, "lisa": "High-High" }, "geometry": { "type": "Polygon", "coordinates": [ [ [ -73.897045, 40.816802 ], [ -73.895428, 40.815845 ], [ -73.890824, 40.820307 ], [ -73.891615, 40.820985 ], [ -73.892836, 40.820974 ], [ -73.897045, 40.816802 ] ] ] } },
{ "type": "Feature", "properties": { "GEOID": "36005022401", "gi_z": 1.63, "borough": "Bronx", "pop": 2433.0, "incidents": 163, "lisa": "Not significant" }, "geometry": { "type": "Polygon", "coordinates": [ [ [ -73.868383, 40.857812 ], [ -73.868609, 40.852088 ], [ -73.867801, 40.851589 ], [ -73.867703, 40.854493 ], [ -73.867588, 40.85783 ], [ -73.868383, 40.857812 ] ] ] } },
{ "type": "Feature", "properties": { "GEOID": "36005038200", "gi_z": 0.61, "borough": "Bronx", "pop": 2964.0, "incidents": 131, "lisa": "Not significant" }, "geometry": { "type": "Polygon", "coordinates": [ [ [ -73.8586, 40.878954 ], [ -73.859752, 40.876861 ], [ -73.851201, 40.875154 ], [ -73.850689, 40.875487 ], [ -73.852483, 40.879463 ], [ -73.8586, 40.878954 ] ] ] } },
{ "type": "Feature", "properties": { "GEOID": "36005022701", "gi_z": 0.99, "borough": "Bronx", "pop": 4942.0, "incidents": 240, "lisa": "Not significant" }, "geometry": { "type": "Polygon", "coordinates": [ [ [ -73.91168, 40.848639 ], [ -73.914199, 40.845115 ], [ -73.911143, 40.845063 ], [ -73.907487, 40.847804 ], [ -73.91168, 40.848639 ] ] ] } },
{ "type": "Feature", "properties": { "GEOID": "36005019500", "gi_z": 5.1, "borough": "Bronx", "pop": 7738.0, "incidents": 494, "lisa": "High-High" }, "geometry": { "type": "Polygon", "coordinates": [ [ [ -73.922217, 40.834163 ], [ -73.925927, 40.827812 ], [ -73.922669, 40.826854 ], [ -73.920461, 40.830915 ], [ -73.919029, 40.83309 ], [ -73.922217, 40.834163 ] ] ] } },
{ "type": "Feature", "properties": { "GEOID": "36005026500", "gi_z": 3.85, "borough": "Bronx", "pop": 6906.0, "incidents": 400, "lisa": "High-High" }, "geometry": { "type": "Polygon", "coordinates": [ [ [ -73.90114, 40.86828 ], [ -73.903319, 40.862735 ], [ -73.90108, 40.862756 ], [ -73.897403, 40.867474 ], [ -73.896561, 40.868565 ], [ -73.898918, 40.869658 ], [ -73.90114, 40.86828 ] ] ] } },
{ "type": "Feature", "properties": { "GEOID": "36005031200", "gi_z": 0.17, "borough": "Bronx", "pop": 1489.0, "incidents": 93, "lisa": "Not significant" }, "geometry": { "type": "Polygon", "coordinates": [ [ [ -73.844366, 40.86523 ], [ -73.843295, 40.85829 ], [ -73.840972, 40.857949 ], [ -73.840747, 40.865162 ], [ -73.844366, 40.86523 ] ] ] } },
{ "type": "Feature", "properties": { "GEOID": "36005021200", "gi_z": 0.62, "borough": "Bronx", "pop": 5322.0, "incidents": 59, "lisa": "Not significant" }, "geometry": { "type": "Polygon", "coordinates": [ [ [ -73.859966, 40.837779 ], [ -73.861012, 40.834597 ], [ -73.855858, 40.835897 ], [ -73.859966, 40.837779 ] ] ] } },
{ "type": "Feature", "properties": { "GEOID": "36005020100", "gi_z": 2.02, "borough": "Bronx", "pop": 3845.0, "incidents": 319, "lisa": "Not significant" }, "geometry": { "type": "Polygon", "coordinates": [ [ [ -73.930406, 40.840279 ], [ -73.928139, 40.838771 ], [ -73.926191, 40.838512 ], [ -73.92354, 40.844457 ], [ -73.928159, 40.845492 ], [ -73.930406, 40.840279 ] ] ] } },
{ "type": "Feature", "properties": { "GEOID": "36005021502", "gi_z": 1.21, "borough": "Bronx", "pop": 6235.0, "incidents": 379, "lisa": "Not significant" }, "geometry": { "type": "Polygon", "coordinates": [ [ [ -73.920542, 40.846894 ], [ -73.921044, 40.84652 ], [ -73.917421, 40.846344 ], [ -73.912875, 40.850125 ], [ -73.915452, 40.850494 ], [ -73.920542, 40.846894 ] ] ] } },
{ "type": "Feature", "properties": { "GEOID": "36005028800", "gi_z": 0.03, "borough": "Bronx", "pop": 2589.0, "incidents": 127, "lisa": "Not significant" }, "geometry": { "type": "Polygon", "coordinates": [ [ [ -73.856097, 40.856941 ], [ -73.854408, 40.8542 ], [ -73.851368, 40.850304 ], [ -73.848214, 40.851091 ], [ -73.850096, 40.856347 ], [ -73.856097, 40.856941 ] ] ] } },
{ "type": "Feature", "properties": { "GEOID": "36005039200", "gi_z": 1.12, "borough": "Bronx", "pop": 1590.0, "incidents": 196, "lisa": "Not significant" }, "geometry": { "type": "Polygon", "coordinates": [ [ [ -73.865982, 40.884391 ], [ -73.867053, 40.882255 ], [ -73.86395, 40.881434 ], [ -73.862803, 40.883574 ], [ -73.862416, 40.884281 ], [ -73.865982, 40.884391 ] ] ] } },
{ "type": "Feature", "properties": { "GEOID": "36005026601", "gi_z": 0.98, "borough": "Bronx", "pop": 3214.0, "incidents": 134, "lisa": "Not significant" }, "geometry": { "type": "Polygon", "coordinates": [ [ [ -73.835801, 40.849677 ], [ -73.836693, 40.84364 ], [ -73.830542, 40.849218 ], [ -73.835801, 40.849677 ] ] ] } },
{ "type": "Feature", "properties": { "GEOID": "36005039800", "gi_z": 0.73, "borough": "Bronx", "pop": 3540.0, "incidents": 107, "lisa": "Not significant" }, "geometry": { "type": "Polygon", "coordinates": [ [ [ -73.855104, 40.885271 ], [ -73.857056, 40.881745 ], [ -73.852033, 40.88014 ], [ -73.849735, 40.883555 ], [ -73.855104, 40.885271 ] ] ] } },
{ "type": "Feature", "properties": { "GEOID": "36005002701", "gi_z": 3.35, "borough": "Bronx", "pop": 3111.0, "incidents": 132, "lisa": "Low-High" }, "geometry": { "type": "Polygon", "coordinates": [ [ [ -73.917479, 40.806823 ], [ -73.918819, 40.804905 ], [ -73.913478, 40.804263 ], [ -73.917479, 40.806823 ] ] ] } },
{ "type": "Feature", "properties": { "GEOID": "36005036902", "gi_z": 1.8, "borough": "Bronx", "pop": 2504.0, "incidents": 91, "lisa": "Low-High" }, "geometry": { "type": "Polygon", "coordinates": [ [ [ -73.894809, 40.843761 ], [ -73.895367, 40.842895 ], [ -73.892169, 40.84105 ], [ -73.890554, 40.842678 ], [ -73.894809, 40.843761 ] ] ] } },
{ "type": "Feature", "properties": { "GEOID": "36005016900", "gi_z": 1.01, "borough": "Bronx", "pop": 1944.0, "incidents": 172, "lisa": "Not significant" }, "geometry": { "type": "Polygon", "coordinates": [ [ [ -73.905383, 40.839769 ], [ -73.905979, 40.838505 ], [ -73.901212, 40.835498 ], [ -73.899968, 40.837655 ], [ -73.905383, 40.839769 ] ] ] } },
{ "type": "Feature", "properties": { "GEOID": "36047005000", "gi_z": -1.52, "borough": "Brooklyn", "pop": 2564.0, "incidents": 42, "lisa": "Low-Low" }, "geometry": { "type": "Polygon", "coordinates": [ [ [ -74.041663965359902, 40.626014492560003 ], [ -74.041194260762396, 40.622450172728492 ], [ -74.034601, 40.622001 ], [ -74.033742, 40.624099 ], [ -74.033108, 40.625647 ], [ -74.036426, 40.624734 ], [ -74.041663965359902, 40.626014492560003 ] ] ] } },
{ "type": "Feature", "properties": { "GEOID": "36047005202", "gi_z": -1.32, "borough": "Brooklyn", "pop": 2681.0, "incidents": 35, "lisa": "Not significant" }, "geometry": { "type": "Polygon", "coordinates": [ [ [ -74.040964216859706, 40.620704500982704 ], [ -74.040564845637405, 40.6176739009518 ], [ -74.03599, 40.618596 ], [ -74.035437, 40.619956 ], [ -74.040964216859706, 40.620704500982704 ] ] ] } },
{ "type": "Feature", "properties": { "GEOID": "36047006000", "gi_z": -1.22, "borough": "Brooklyn", "pop": 2793.0, "incidents": 86, "lisa": "Not significant" }, "geometry": { "type": "Polygon", "coordinates": [ [ [ -74.034601, 40.622001 ], [ -74.034886, 40.62132 ], [ -74.029564, 40.619833 ], [ -74.02835, 40.622799 ], [ -74.033742, 40.624099 ], [ -74.034601, 40.622001 ] ] ] } },
{ "type": "Feature", "properties": { "GEOID": "36047016900", "gi_z": -1.67, "borough": "Brooklyn", "pop": 4714.0, "incidents": 59, "lisa": "Low-Low" }, "geometry": { "type": "Polygon", "coordinates": [ [ [ -73.982231, 40.662142 ], [ -73.985071, 40.659029 ], [ -73.980653, 40.656381 ], [ -73.977511, 40.659863 ], [ -73.980171, 40.661155 ], [ -73.982231, 40.662142 ] ] ] } },
{ "type": "Feature", "properties": { "GEOID": "36047022600", "gi_z": -1.33, "borough": "Brooklyn", "pop": 2844.0, "incidents": 56, "lisa": "Not significant" }, "geometry": { "type": "Polygon", "coordinates": [ [ [ -73.989059, 40.644119 ], [ -73.990497, 40.643164 ], [ -73.988494, 40.641956 ], [ -73.984088, 40.639297 ], [ -73.982994, 40.641325 ], [ -73.985897, 40.643068 ], [ -73.98835, 40.644562 ], [ -73.989059, 40.644119 ] ] ] } },
{ "type": "Feature", "properties": { "GEOID": "36047017600", "gi_z": -1.48, "borough": "Brooklyn", "pop": 2228.0, "incidents": 52, "lisa": "Low-Low" }, "geometry": { "type": "Polygon", "coordinates": [ [ [ -74.011150153804493, 40.600869290866306 ], [ -74.009089558718998, 40.59971489305142 ], [ -74.006172, 40.603887 ], [ -74.008369, 40.605217 ], [ -74.011150153804493, 40.600869290866306 ] ] ] } },
{ "type": "Feature", "properties": { "GEOID": "36047018100", "gi_z": 0.42, "borough": "Brooklyn", "pop": 3905.0, "incidents": 162, "lisa": "Not significant" }, "geometry": { "type": "Polygon", "coordinates": [ [ [ -73.975106, 40.689698 ], [ -73.974616, 40.687191 ], [ -73.974281, 40.685513 ], [ -73.96949, 40.686288 ], [ -73.970131, 40.689506 ], [ -73.973126, 40.689622 ], [ -73.975106, 40.689698 ] ] ] } },
{ "type": "Feature", "properties": { "GEOID": "36047018501", "gi_z": -0.89, "borough": "Brooklyn", "pop": 4583.0, "incidents": 119, "lisa": "Not significant" }, "geometry": { "type": "Polygon", "coordinates": [ [ [ -73.976443, 40.696371 ], [ -73.975848, 40.693361 ], [ -73.973855, 40.693287 ], [ -73.971872, 40.69321 ], [ -73.97247, 40.696207 ], [ -73.976443, 40.696371 ] ] ] } },
{ "type": "Feature", "properties": { "GEOID": "36047019800", "gi_z": -1.98, "borough": "Brooklyn", "pop": 1823.0, "incidents": 34, "lisa": "Low-Low" }, "geometry": { "type": "Polygon", "coordinates": [ [ [ -74.0098, 40.618024 ], [ -74.007599, 40.616695 ], [ -74.006434, 40.617814 ], [ -74.004019, 40.620136 ], [ -74.003436, 40.620696 ], [ -74.005637, 40.622024 ], [ -74.0098, 40.618024 ] ] ] } },
{ "type": "Feature", "properties": { "GEOID": "36047008200", "gi_z": -0.02, "borough": "Brooklyn", "pop": 3985.0, "incidents": 78, "lisa": "Not significant" }, "geometry": { "type": "Polygon", "coordinates": [ [ [ -74.008545, 40.6532 ], [ -74.010915, 40.650938 ], [ -74.006824, 40.648465 ], [ -74.005074, 40.650147 ], [ -74.00449, 40.650706 ], [ -74.008545, 40.6532 ] ] ] } },
{ "type": "Feature", "properties": { "GEOID": "36047011400", "gi_z": -1.33, "borough": "Brooklyn", "pop": 3683.0, "incidents": 91, "lisa": "Not significant" }, "geometry": { "type": "Polygon", "coordinates": [ [ [ -74.000341, 40.640905 ], [ -74.002672, 40.638667 ], [ -73.999807, 40.636936 ], [ -73.996942, 40.638853 ], [ -73.99551, 40.63981 ], [ -73.999176, 40.642026 ], [ -74.000341, 40.640905 ] ] ] } },
{ "type": "Feature", "properties": { "GEOID": "36047014800", "gi_z": -2.01, "borough": "Brooklyn", "pop": 1233.0, "incidents": 21, "lisa": "Low-Low" }, "geometry": { "type": "Polygon", "coordinates": [ [ [ -74.016118, 40.615384 ], [ -74.013926, 40.614064 ], [ -74.0098, 40.618024 ], [ -74.012002, 40.619353 ], [ -74.016118, 40.615384 ] ] ] } },
{ "type": "Feature", "properties": { "GEOID": "36047000301", "gi_z": 0.2, "borough": "Brooklyn", "pop": 4501.0, "incidents": 146, "lisa": "Not significant" }, "geometry": { "type": "Polygon", "coordinates": [ [ [ -73.998032, 40.698762 ], [ -74.000701, 40.694388 ], [ -73.996716, 40.693439 ], [ -73.994292, 40.698535 ], [ -73.9975, 40.699653 ], [ -73.998032, 40.698762 ] ] ] } },
{ "type": "Feature", "properties": { "GEOID": "36047025500", "gi_z": -0.55, "borough": "Brooklyn", "pop": 4940.0, "incidents": 78, "lisa": "Not significant" }, "geometry": { "type": "Polygon", "coordinates": [ [ [ -73.95337, 40.699405 ], [ -73.952489, 40.695004 ], [ -73.949207, 40.695378 ], [ -73.950091, 40.699791 ], [ -73.95337, 40.699405 ] ] ] } },
{ "type": "Feature", "properties": { "GEOID": "36047025901", "gi_z": -0.99, "borough": "Brooklyn", "pop": 2217.0, "incidents": 135, "lisa": "Not significant" }, "geometry": { "type": "Polygon", "coordinates": [ [ [ -73.949207, 40.695378 ], [ -73.948914, 40.693905 ], [ -73.943243, 40.694558 ], [ -73.943526, 40.696031 ], [ -73.946366, 40.695704 ], [ -73.949207, 40.695378 ] ] ] } },
{ "type": "Feature", "properties": { "GEOID": "36047028502", "gi_z": -0.21, "borough": "Brooklyn", "pop": 3144.0, "incidents": 58, "lisa": "Not significant" }, "geometry": { "type": "Polygon", "coordinates": [ [ [ -73.943949, 40.698222 ], [ -73.943526, 40.696031 ], [ -73.937792, 40.69669 ], [ -73.938177, 40.698641 ], [ -73.938568, 40.698848 ], [ -73.943949, 40.698222 ] ] ] } },
{ "type": "Feature", "properties": { "GEOID": "36047030600", "gi_z": -1.13, "borough": "Brooklyn", "pop": 1903.0, "incidents": 87, "lisa": "Not significant" }, "geometry": { "type": "Polygon", "coordinates": [ [ [ -73.989621, 40.590982 ], [ -73.984505, 40.58789 ], [ -73.983803, 40.589042 ], [ -73.98464, 40.593552 ], [ -73.984678, 40.593659 ], [ -73.986019, 40.594446 ], [ -73.987988, 40.592553 ], [ -73.989621, 40.590982 ] ] ] } },
{ "type": "Feature", "properties": { "GEOID": "36047032700", "gi_z": 0.09, "borough": "Brooklyn", "pop": 2980.0, "incidents": 171, "lisa": "Not significant" }, "geometry": { "type": "Polygon", "coordinates": [ [ [ -73.960956, 40.663285 ], [ -73.962814, 40.660504 ], [ -73.960662, 40.660947 ], [ -73.957044, 40.661965 ], [ -73.9537, 40.662174 ], [ -73.953849, 40.663728 ], [ -73.957292, 40.664303 ], [ -73.960337, 40.664108 ], [ -73.960956, 40.663285 ] ] ] } },
{ "type": "Feature", "properties": { "GEOID": "36047027700", "gi_z": -0.64, "borough": "Brooklyn", "pop": 4303.0, "incidents": 190, "lisa": "Not significant" }, "geometry": { "type": "Polygon", "coordinates": [ [ [ -73.941932, 40.687963 ], [ -73.941494, 40.685764 ], [ -73.941348, 40.685031 ], [ -73.93559, 40.685695 ], [ -73.936172, 40.688627 ], [ -73.941932, 40.687963 ] ] ] } },
{ "type": "Feature", "properties": { "GEOID": "36047028400", "gi_z": -1.14, "borough": "Brooklyn", "pop": 3675.0, "incidents": 148, "lisa": "Not significant" }, "geometry": { "type": "Polygon", "coordinates": [ [ [ -74.00263, 40.603847 ], [ -74.000324, 40.60262 ], [ -74.000022, 40.602907 ], [ -73.995303, 40.607445 ], [ -73.997503, 40.608775 ], [ -74.00263, 40.603847 ] ] ] } },
{ "type": "Feature", "properties": { "GEOID": "36047036002", "gi_z": -0.31, "borough": "Brooklyn", "pop": 3731.0, "incidents": 110, "lisa": "Not significant" }, "geometry": { "type": "Polygon", "coordinates": [ [ [ -73.963279, 40.577212 ], [ -73.962881, 40.574983 ], [ -73.959414, 40.575158 ], [ -73.959633, 40.577993 ], [ -73.963279, 40.577212 ] ] ] } },
{ "type": "Feature", "properties": { "GEOID": "36047036300", "gi_z": 1.29, "borough": "Brooklyn", "pop": 5430.0, "incidents": 234, "lisa": "Not significant" }, "geometry": { "type": "Polygon", "coordinates": [ [ [ -73.922132, 40.673684 ], [ -73.922384, 40.671009 ], [ -73.914873, 40.670533 ], [ -73.914039, 40.670897 ], [ -73.911336, 40.672077 ], [ -73.909255, 40.672948 ], [ -73.911224, 40.673152 ], [ -73.914004, 40.67324 ], [ -73.922132, 40.673684 ] ] ] } },
{ "type": "Feature", "properties": { "GEOID": "36047034200", "gi_z": 0.06, "borough": "Brooklyn", "pop": 6667.0, "incidents": 120, "lisa": "Not significant" }, "geometry": { "type": "Polygon", "coordinates": [ [ [ -74.002796, 40.574637 ], [ -74.002548, 40.573327 ], [ -73.991743, 40.57343 ], [ -73.992195, 40.575808 ], [ -74.002796, 40.574637 ] ] ] } },
{ "type": "Feature", "properties": { "GEOID": "36047040100", "gi_z": -0.15, "borough": "Brooklyn", "pop": 3354.0, "incidents": 146, "lisa": "Not significant" }, "geometry": { "type": "Polygon", "coordinates": [ [ [ -73.916046, 40.686072 ], [ -73.912273, 40.683935 ], [ -73.909439, 40.686845 ], [ -73.910189, 40.687271 ], [ -73.913194, 40.68898 ], [ -73.914642, 40.687507 ], [ -73.916046, 40.686072 ] ] ] } },
{ "type": "Feature", "properties": { "GEOID": "36047041500", "gi_z": -0.1, "borough": "Brooklyn", "pop": 4300.0, "incidents": 143, "lisa": "Not significant" }, "geometry": { "type": "Polygon", "coordinates": [ [ [ -73.917791, 40.69146 ], [ -73.913946, 40.689409 ], [ -73.911053, 40.692358 ], [ -73.911805, 40.692785 ], [ -73.914808, 40.694497 ], [ -73.917791, 40.69146 ] ] ] } },
{ "type": "Feature", "properties": { "GEOID": "36047045400", "gi_z": -2.12, "borough": "Brooklyn", "pop": 2075.0, "incidents": 34, "lisa": "Low-Low" }, "geometry": { "type": "Polygon", "coordinates": [ [ [ -73.966645, 40.622163 ], [ -73.965739, 40.61738 ], [ -73.965287, 40.614992 ], [ -73.963361, 40.615204 ], [ -73.964268, 40.619984 ], [ -73.96472, 40.622373 ], [ -73.966645, 40.622163 ] ] ] } },
{ "type": "Feature", "properties": { "GEOID": "36047047400", "gi_z": -1.87, "borough": "Brooklyn", "pop": 3211.0, "incidents": 40, "lisa": "Low-Low" }, "geometry": { "type": "Polygon", "coordinates": [ [ [ -73.985509, 40.631038 ], [ -73.986675, 40.629916 ], [ -73.979818, 40.625774 ], [ -73.978067, 40.627455 ], [ -73.984928, 40.631597 ], [ -73.985509, 40.631038 ] ] ] } },
{ "type": "Feature", "properties": { "GEOID": "36047049200", "gi_z": -1.05, "borough": "Brooklyn", "pop": 3115.0, "incidents": 89, "lisa": "Not significant" }, "geometry": { "type": "Polygon", "coordinates": [ [ [ -73.970841, 40.646378 ], [ -73.972086, 40.645863 ], [ -73.971222, 40.64118 ], [ -73.970291, 40.636407 ], [ -73.968039, 40.636651 ], [ -73.968791, 40.639256 ], [ -73.970841, 40.646378 ] ] ] } },
{ "type": "Feature", "properties": { "GEOID": "36047043200", "gi_z": -1.09, "borough": "Brooklyn", "pop": 3874.0, "incidents": 134, "lisa": "Not significant" }, "geometry": { "type": "Polygon", "coordinates": [ [ [ -73.981438, 40.613838 ], [ -73.98266, 40.612693 ], [ -73.981624, 40.607866 ], [ -73.978699, 40.608188 ], [ -73.979474, 40.612666 ], [ -73.981438, 40.613838 ] ] ] } },
{ "type": "Feature", "properties": { "GEOID": "36047050500", "gi_z": -0.15, "borough": "Brooklyn", "pop": 4121.0, "incidents": 145, "lisa": "Not significant" }, "geometry": { "type": "Polygon", "coordinates": [ [ [ -73.946973, 40.709894 ], [ -73.946265, 40.705604 ], [ -73.94285, 40.705182 ], [ -73.94344, 40.708781 ], [ -73.943788, 40.710901 ], [ -73.945475, 40.71074 ], [ -73.946973, 40.709894 ] ] ] } },
{ "type": "Feature", "properties": { "GEOID": "36047052300", "gi_z": 1.62, "borough": "Brooklyn", "pop": 5077.0, "incidents": 198, "lisa": "Not significant" }, "geometry": { "type": "Polygon", "coordinates": [ [ [ -73.961421, 40.711349 ], [ -73.962035, 40.710362 ], [ -73.956624, 40.710384 ], [ -73.955476, 40.712266 ], [ -73.959797, 40.713887 ], [ -73.961421, 40.711349 ] ] ] } },
{ "type": "Feature", "properties": { "GEOID": "36047055800", "gi_z": -1.21, "borough": "Brooklyn", "pop": 2145.0, "incidents": 79, "lisa": "Not significant" }, "geometry": { "type": "Polygon", "coordinates": [ [ [ -73.957724, 40.6058 ], [ -73.95683, 40.601087 ], [ -73.953978, 40.601401 ], [ -73.953037, 40.601506 ], [ -73.953922, 40.606217 ], [ -73.957724, 40.6058 ] ] ] } },
{ "type": "Feature", "properties": { "GEOID": "36047057400", "gi_z": -1.8, "borough": "Brooklyn", "pop": 2647.0, "incidents": 48, "lisa": "Low-Low" }, "geometry": { "type": "Polygon", "coordinates": [ [ [ -73.946096, 40.60227 ], [ -73.945265, 40.597894 ], [ -73.942484, 40.598201 ], [ -73.942889, 40.600318 ], [ -73.943766, 40.604961 ], [ -73.94562, 40.604759 ], [ -73.946096, 40.60227 ] ] ] } },
{ "type": "Feature", "properties": { "GEOID": "36047058400", "gi_z": -1.66, "borough": "Brooklyn", "pop": 3588.0, "incidents": 128, "lisa": "Low-Low" }, "geometry": { "type": "Polygon", "coordinates": [ [ [ -73.961028, 40.596161 ], [ -73.960845, 40.593743 ], [ -73.96068, 40.591598 ], [ -73.957003, 40.592002 ], [ -73.956077, 40.592101 ], [ -73.956928, 40.596612 ], [ -73.961028, 40.596161 ] ] ] } },
{ "type": "Feature", "properties": { "GEOID": "36047059100", "gi_z": -0.73, "borough": "Brooklyn", "pop": 3952.0, "incidents": 118, "lisa": "Not significant" }, "geometry": { "type": "Polygon", "coordinates": [ [ [ -73.94543, 40.725518 ], [ -73.945015, 40.723004 ], [ -73.944405, 40.72024 ], [ -73.941094, 40.722309 ], [ -73.940221, 40.722892 ], [ -73.940738, 40.725973 ], [ -73.94543, 40.725518 ] ] ] } },
{ "type": "Feature", "properties": { "GEOID": "36047052800", "gi_z": -1.73, "borough": "Brooklyn", "pop": 1764.0, "incidents": 40, "lisa": "Low-Low" }, "geometry": { "type": "Polygon", "coordinates": [ [ [ -73.959898, 40.632668 ], [ -73.966676, 40.631922 ], [ -73.966074, 40.629545 ], [ -73.962298, 40.629961 ], [ -73.958994, 40.627886 ], [ -73.959898, 40.632668 ] ] ] } },
{ "type": "Feature", "properties": { "GEOID": "36047053200", "gi_z": -1.74, "borough": "Brooklyn", "pop": 2280.0, "incidents": 83, "lisa": "Low-Low" }, "geometry": { "type": "Polygon", "coordinates": [ [ [ -73.962298, 40.629961 ], [ -73.961393, 40.625179 ], [ -73.96094, 40.622791 ], [ -73.958088, 40.623105 ], [ -73.958994, 40.627886 ], [ -73.962298, 40.629961 ] ] ] } },
{ "type": "Feature", "properties": { "GEOID": "36047062600", "gi_z": -1.32, "borough": "Brooklyn", "pop": 3046.0, "incidents": 84, "lisa": "Low-Low" }, "geometry": { "type": "Polygon", "coordinates": [ [ [ -73.93778, 40.594126 ], [ -73.936985, 40.589871 ], [ -73.931784, 40.588141 ], [ -73.932576, 40.597719 ], [ -73.935369, 40.596542 ], [ -73.93778, 40.594126 ] ] ] } },
{ "type": "Feature", "properties": { "GEOID": "36047066000", "gi_z": -1.75, "borough": "Brooklyn", "pop": 1893.0, "incidents": 19, "lisa": "Low-Low" }, "geometry": { "type": "Polygon", "coordinates": [ [ [ -73.92846, 40.611613 ], [ -73.931345, 40.609747 ], [ -73.927691, 40.60648 ], [ -73.926249, 40.607414 ], [ -73.92846, 40.611613 ] ] ] } },
{ "type": "Feature", "properties": { "GEOID": "36047081800", "gi_z": 0.38, "borough": "Brooklyn", "pop": 4639.0, "incidents": 197, "lisa": "Not significant" }, "geometry": { "type": "Polygon", "coordinates": [ [ [ -73.950066, 40.655423 ], [ -73.949571, 40.650807 ], [ -73.946674, 40.650948 ], [ -73.945706, 40.651006 ], [ -73.947159, 40.655594 ], [ -73.950066, 40.655423 ] ] ] } },
{ "type": "Feature", "properties": { "GEOID": "36047084600", "gi_z": -1.15, "borough": "Brooklyn", "pop": 2038.0, "incidents": 105, "lisa": "Not significant" }, "geometry": { "type": "Polygon", "coordinates": [ [ [ -73.929599, 40.644433 ], [ -73.929106, 40.639795 ], [ -73.925743, 40.640014 ], [ -73.925382, 40.642384 ], [ -73.925721, 40.644674 ], [ -73.929599, 40.644433 ] ] ] } },
{ "type": "Feature", "properties": { "GEOID": "36047086600", "gi_z": -0.83, "borough": "Brooklyn", "pop": 2984.0, "incidents": 111, "lisa": "Not significant" }, "geometry": { "type": "Polygon", "coordinates": [ [ [ -73.926464, 40.659814 ], [ -73.928172, 40.658478 ], [ -73.927995, 40.656802 ], [ -73.927514, 40.652318 ], [ -73.926547, 40.652392 ], [ -73.92561, 40.652446 ], [ -73.924654, 40.657007 ], [ -73.926464, 40.659814 ] ] ] } },
{ "type": "Feature", "properties": { "GEOID": "36047073000", "gi_z": -2.17, "borough": "Brooklyn", "pop": 2109.0, "incidents": 50, "lisa": "Low-Low" }, "geometry": { "type": "Polygon", "coordinates": [ [ [ -73.933449, 40.625704 ], [ -73.9331, 40.622694 ], [ -73.932195, 40.623269 ], [ -73.924918, 40.627984 ], [ -73.924298, 40.628386 ], [ -73.931743, 40.62793 ], [ -73.933449, 40.625704 ] ] ] } },
{ "type": "Feature", "properties": { "GEOID": "36047075400", "gi_z": -1.98, "borough": "Brooklyn", "pop": 1000.0, "incidents": 27, "lisa": "Low-Low" }, "geometry": { "type": "Polygon", "coordinates": [ [ [ -73.953052, 40.623658 ], [ -73.952148, 40.618875 ], [ -73.950256, 40.619083 ], [ -73.948369, 40.619291 ], [ -73.949274, 40.624072 ], [ -73.950202, 40.623971 ], [ -73.953052, 40.623658 ] ] ] } },
{ "type": "Feature", "properties": { "GEOID": "36047093400", "gi_z": -0.95, "borough": "Brooklyn", "pop": 2175.0, "incidents": 85, "lisa": "Not significant" }, "geometry": { "type": "Polygon", "coordinates": [ [ [ -73.920773, 40.652554 ], [ -73.919976, 40.64503 ], [ -73.919951, 40.644707 ], [ -73.916937, 40.646683 ], [ -73.918137, 40.651158 ], [ -73.920773, 40.652554 ] ] ] } },
{ "type": "Feature", "properties": { "GEOID": "36047096600", "gi_z": -1.46, "borough": "Brooklyn", "pop": 1883.0, "incidents": 62, "lisa": "Low-Low" }, "geometry": { "type": "Polygon", "coordinates": [ [ [ -73.907454, 40.639276 ], [ -73.905612, 40.637622 ], [ -73.90413, 40.638578 ], [ -73.901933, 40.640001 ], [ -73.898828, 40.642005 ], [ -73.90067, 40.64366 ], [ -73.903774, 40.641652 ], [ -73.907454, 40.639276 ] ] ] } },
{ "type": "Feature", "properties": { "GEOID": "36047099800", "gi_z": -1.71, "borough": "Brooklyn", "pop": 3348.0, "incidents": 73, "lisa": "Low-Low" }, "geometry": { "type": "Polygon", "coordinates": [ [ [ -73.918604, 40.632096 ], [ -73.90848, 40.627979 ], [ -73.90178, 40.624816 ], [ -73.899682, 40.627369 ], [ -73.902388, 40.628599 ], [ -73.907351, 40.630831 ], [ -73.911437, 40.633857 ], [ -73.916224, 40.633606 ], [ -73.918604, 40.632096 ] ] ] } },
{ "type": "Feature", "properties": { "GEOID": "36047107800", "gi_z": 2.1, "borough": "Brooklyn", "pop": 3716.0, "incidents": 209, "lisa": "High-High" }, "geometry": { "type": "Polygon", "coordinates": [ [ [ -73.885681, 40.65485 ], [ -73.884653, 40.653451 ], [ -73.882213, 40.654498 ], [ -73.879733, 40.655563 ], [ -73.867181, 40.660452 ], [ -73.869485, 40.663546 ], [ -73.878592, 40.659701 ], [ -73.881826, 40.658308 ], [ -73.885681, 40.65485 ] ] ] } },
{ "type": "Feature", "properties": { "GEOID": "36047087600", "gi_z": -0.27, "borough": "Brooklyn", "pop": 1798.0, "incidents": 59, "lisa": "Not significant" }, "geometry": { "type": "Polygon", "coordinates": [ [ [ -73.937264, 40.663192 ], [ -73.936864, 40.657942 ], [ -73.933996, 40.658119 ], [ -73.934231, 40.660415 ], [ -73.934553, 40.663362 ], [ -73.937264, 40.663192 ] ] ] } },
{ "type": "Feature", "properties": { "GEOID": "36047088800", "gi_z": -0.29, "borough": "Brooklyn", "pop": 3783.0, "incidents": 166, "lisa": "Not significant" }, "geometry": { "type": "Polygon", "coordinates": [ [ [ -73.921776, 40.654424 ], [ -73.920773, 40.652554 ], [ -73.918137, 40.651158 ], [ -73.915226, 40.653039 ], [ -73.913744, 40.654169 ], [ -73.918147, 40.656766 ], [ -73.921776, 40.654424 ] ] ] } },
{ "type": "Feature", "properties": { "GEOID": "36047089800", "gi_z": 0.85, "borough": "Brooklyn", "pop": 2316.0, "incidents": 154, "lisa": "Not significant" }, "geometry": { "type": "Polygon", "coordinates": [ [ [ -73.916267, 40.664654 ], [ -73.914131, 40.660181 ], [ -73.911335, 40.660597 ], [ -73.911727, 40.662135 ], [ -73.912516, 40.665209 ], [ -73.916267, 40.664654 ] ] ] } },
{ "type": "Feature", "properties": { "GEOID": "36047113400", "gi_z": 1.9, "borough": "Brooklyn", "pop": 2615.0, "incidents": 172, "lisa": "High-High" }, "geometry": { "type": "Polygon", "coordinates": [ [ [ -73.901982, 40.66967 ], [ -73.901668, 40.668413 ], [ -73.900851, 40.665346 ], [ -73.899076, 40.665608 ], [ -73.897233, 40.665878 ], [ -73.898341, 40.670212 ], [ -73.901982, 40.66967 ] ] ] } },
{ "type": "Feature", "properties": { "GEOID": "36047116800", "gi_z": 0.12, "borough": "Brooklyn", "pop": 2661.0, "incidents": 172, "lisa": "Not significant" }, "geometry": { "type": "Polygon", "coordinates": [ [ [ -73.884893, 40.680811 ], [ -73.884671, 40.67994 ], [ -73.883226, 40.67637 ], [ -73.880505, 40.676766 ], [ -73.880609, 40.679111 ], [ -73.881168, 40.681354 ], [ -73.884893, 40.680811 ] ] ] } },
{ "type": "Feature", "properties": { "GEOID": "36047061002", "gi_z": -0.76, "borough": "Brooklyn", "pop": 4696.0, "incidents": 71, "lisa": "Not significant" }, "geometry": { "type": "Polygon", "coordinates": [ [ [ -73.959633, 40.577993 ], [ -73.959414, 40.575158 ], [ -73.959421370286705, 40.574136805823109 ], [ -73.952493509198007, 40.574909053274851 ], [ -73.952874, 40.576882 ], [ -73.959633, 40.577993 ] ] ] } },
{ "type": "Feature", "properties": { "GEOID": "36081004300", "gi_z": -0.11, "borough": "Queens", "pop": 2033.0, "incidents": 84, "lisa": "Not significant" }, "geometry": { "type": "Polygon", "coordinates": [ [ [ -73.937005, 40.76424 ], [ -73.9391, 40.757494 ], [ -73.936791, 40.759883 ], [ -73.933981, 40.762826 ], [ -73.937005, 40.76424 ] ] ] } },
{ "type": "Feature", "properties": { "GEOID": "36081005400", "gi_z": -0.64, "borough": "Queens", "pop": 5341.0, "incidents": 201, "lisa": "Not significant" }, "geometry": { "type": "Polygon", "coordinates": [ [ [ -73.853924, 40.679686 ], [ -73.852466, 40.675584 ], [ -73.843837, 40.676744 ], [ -73.844724, 40.680707 ], [ -73.847868, 40.681487 ], [ -73.851979, 40.682564 ], [ -73.853924, 40.679686 ] ] ] } },
{ "type": "Feature", "properties": { "GEOID": "36081005900", "gi_z": -0.38, "borough": "Queens", "pop": 4208.0, "incidents": 144, "lisa": "Not significant" }, "geometry": { "type": "Polygon", "coordinates": [ [ [ -73.928051, 40.760048 ], [ -73.921659, 40.757051 ], [ -73.919799, 40.759349 ], [ -73.926188, 40.762351 ], [ -73.928051, 40.760048 ] ] ] } },
{ "type": "Feature", "properties": { "GEOID": "36081015900", "gi_z": -0.28, "borough": "Queens", "pop": 3699.0, "incidents": 135, "lisa": "Not significant" }, "geometry": { "type": "Polygon", "coordinates": [ [ [ -73.918203, 40.7586 ], [ -73.921619, 40.753028 ], [ -73.917632, 40.753858 ], [ -73.915007, 40.757098 ], [ -73.916604, 40.757848 ], [ -73.918203, 40.7586 ] ] ] } },
{ "type": "Feature", "properties": { "GEOID": "36081008800", "gi_z": 0.12, "borough": "Queens", "pop": 3679.0, "incidents": 185, "lisa": "Not significant" }, "geometry": { "type": "Polygon", "coordinates": [ [ [ -73.843329, 40.67374 ], [ -73.842572, 40.669284 ], [ -73.842429, 40.668784 ], [ -73.833312, 40.666759 ], [ -73.836981, 40.674678 ], [ -73.843329, 40.67374 ] ] ] } },
{ "type": "Feature", "properties": { "GEOID": "36081010400", "gi_z": -0.01, "borough": "Queens", "pop": 3746.0, "incidents": 143, "lisa": "Not significant" }, "geometry": { "type": "Polygon", "coordinates": [ [ [ -73.825937, 40.685937 ], [ -73.82946, 40.6854 ], [ -73.82633, 40.679084 ], [ -73.823901, 40.68176 ], [ -73.825937, 40.685937 ] ] ] } },
{ "type": "Feature", "properties": { "GEOID": "36081012301", "gi_z": -0.86, "borough": "Queens", "pop": 3343.0, "incidents": 207, "lisa": "Not significant" }, "geometry": { "type": "Polygon", "coordinates": [ [ [ -73.903793, 40.777957 ], [ -73.905955, 40.776188 ], [ -73.904553, 40.775196 ], [ -73.90024, 40.772151 ], [ -73.89522, 40.771904 ], [ -73.896565, 40.776247 ], [ -73.894232, 40.778154 ], [ -73.89779, 40.780728 ], [ -73.903793, 40.777957 ] ] ] } },
{ "type": "Feature", "properties": { "GEOID": "36081014000", "gi_z": -1.31, "borough": "Queens", "pop": 4409.0, "incidents": 94, "lisa": "Not significant" }, "geometry": { "type": "Polygon", "coordinates": [ [ [ -73.831764, 40.706142 ], [ -73.832132, 40.702794 ], [ -73.831521, 40.70139 ], [ -73.827953, 40.70229 ], [ -73.822459, 40.703656 ], [ -73.824441, 40.704062 ], [ -73.831764, 40.706142 ] ] ] } },
{ "type": "Feature", "properties": { "GEOID": "36081015300", "gi_z": -0.79, "borough": "Queens", "pop": 1821.0, "incidents": 95, "lisa": "Not significant" }, "geometry": { "type": "Polygon", "coordinates": [ [ [ -73.916604, 40.757848 ], [ -73.915007, 40.757098 ], [ -73.912611, 40.755971 ], [ -73.910684, 40.758319 ], [ -73.913897, 40.759818 ], [ -73.914696, 40.760188 ], [ -73.916604, 40.757848 ] ] ] } },
{ "type": "Feature", "properties": { "GEOID": "36081001600", "gi_z": -1.06, "borough": "Queens", "pop": 2650.0, "incidents": 98, "lisa": "Not significant" }, "geometry": { "type": "Polygon", "coordinates": [ [ [ -73.85732, 40.692623 ], [ -73.85619, 40.689759 ], [ -73.85484, 40.686446 ], [ -73.85231, 40.687166 ], [ -73.854679, 40.692831 ], [ -73.85732, 40.692623 ] ] ] } },
{ "type": "Feature", "properties": { "GEOID": "36081003800", "gi_z": -1.15, "borough": "Queens", "pop": 2185.0, "incidents": 102, "lisa": "Not significant" }, "geometry": { "type": "Polygon", "coordinates": [ [ [ -73.852801, 40.684253 ], [ -73.851979, 40.682564 ], [ -73.842175, 40.685354 ], [ -73.843003, 40.687038 ], [ -73.849369, 40.685227 ], [ -73.852801, 40.684253 ] ] ] } },
{ "type": "Feature", "properties": { "GEOID": "36081033401", "gi_z": -1.06, "borough": "Queens", "pop": 3928.0, "incidents": 126, "lisa": "Not significant" }, "geometry": { "type": "Polygon", "coordinates": [ [ [ -73.772203, 40.68161 ], [ -73.7747, 40.680487 ], [ -73.771988, 40.678798 ], [ -73.769241, 40.677089 ], [ -73.763805, 40.67377 ], [ -73.763677, 40.674746 ], [ -73.76161, 40.679738 ], [ -73.766293, 40.681973 ], [ -73.769742, 40.683778 ], [ -73.772203, 40.68161 ] ] ] } },
{ "type": "Feature", "properties": { "GEOID": "36081018900", "gi_z": -1.08, "borough": "Queens", "pop": 3106.0, "incidents": 97, "lisa": "Not significant" }, "geometry": { "type": "Polygon", "coordinates": [ [ [ -73.930227, 40.742446 ], [ -73.929946, 40.737536 ], [ -73.925399, 40.738111 ], [ -73.92503, 40.739955 ], [ -73.924664, 40.7418 ], [ -73.925588, 40.741908 ], [ -73.927444, 40.742123 ], [ -73.930227, 40.742446 ] ] ] } },
{ "type": "Feature", "properties": { "GEOID": "36081023800", "gi_z": 2.18, "borough": "Queens", "pop": 4502.0, "incidents": 247, "lisa": "High-High" }, "geometry": { "type": "Polygon", "coordinates": [ [ [ -73.812012, 40.705945 ], [ -73.811632, 40.703052 ], [ -73.805648, 40.704672 ], [ -73.806949, 40.707367 ], [ -73.812012, 40.705945 ] ] ] } },
{ "type": "Feature", "properties": { "GEOID": "36081026100", "gi_z": 0.04, "borough": "Queens", "pop": 7175.0, "incidents": 224, "lisa": "Not significant" }, "geometry": { "type": "Polygon", "coordinates": [ [ [ -73.903687, 40.744914 ], [ -73.901409, 40.744251 ], [ -73.900029, 40.743762 ], [ -73.897577, 40.7493 ], [ -73.901063, 40.750783 ], [ -73.903687, 40.744914 ] ] ] } },
{ "type": "Feature", "properties": { "GEOID": "36081027400", "gi_z": -1.53, "borough": "Queens", "pop": 1871.0, "incidents": 49, "lisa": "Low-Low" }, "geometry": { "type": "Polygon", "coordinates": [ [ [ -73.790385, 40.687754 ], [ -73.792107, 40.687048 ], [ -73.788408, 40.681992 ], [ -73.786529, 40.685111 ], [ -73.790385, 40.687754 ] ] ] } },
{ "type": "Feature", "properties": { "GEOID": "36081028000", "gi_z": -1.75, "borough": "Queens", "pop": 1717.0, "incidents": 38, "lisa": "Low-Low" }, "geometry": { "type": "Polygon", "coordinates": [ [ [ -73.783266, 40.689994 ], [ -73.782345, 40.688407 ], [ -73.779668, 40.685377 ], [ -73.776998, 40.686283 ], [ -73.776619, 40.688364 ], [ -73.777893, 40.689918 ], [ -73.783266, 40.689994 ] ] ] } },
{ "type": "Feature", "properties": { "GEOID": "36081028700", "gi_z": 3.05, "borough": "Queens", "pop": 6422.0, "incidents": 297, "lisa": "High-High" }, "geometry": { "type": "Polygon", "coordinates": [ [ [ -73.890948, 40.754974 ], [ -73.890501, 40.746942 ], [ -73.887647, 40.747245 ], [ -73.888157, 40.755266 ], [ -73.890948, 40.754974 ] ] ] } },
{ "type": "Feature", "properties": { "GEOID": "36081051000", "gi_z": -1.62, "borough": "Queens", "pop": 1490.0, "incidents": 60, "lisa": "Low-Low" }, "geometry": { "type": "Polygon", "coordinates": [ [ [ -73.757182, 40.712213 ], [ -73.756037, 40.709456 ], [ -73.752051, 40.705228 ], [ -73.750471, 40.70564 ], [ -73.753607, 40.713071 ], [ -73.757182, 40.712213 ] ] ] } },
{ "type": "Feature", "properties": { "GEOID": "36081052100", "gi_z": -1.3, "borough": "Queens", "pop": 1841.0, "incidents": 54, "lisa": "Not significant" }, "geometry": { "type": "Polygon", "coordinates": [ [ [ -73.904571, 40.723009 ], [ -73.904096, 40.721031 ], [ -73.902101, 40.717996 ], [ -73.900339, 40.71802 ], [ -73.900106, 40.723296 ], [ -73.904571, 40.723009 ] ] ] } },
{ "type": "Feature", "properties": { "GEOID": "36081053800", "gi_z": -1.36, "borough": "Queens", "pop": 1714.0, "incidents": 30, "lisa": "Not significant" }, "geometry": { "type": "Polygon", "coordinates": [ [ [ -73.744858, 40.70967 ], [ -73.743307, 40.70296 ], [ -73.7405, 40.703435 ], [ -73.742141, 40.710248 ], [ -73.744858, 40.70967 ] ] ] } },
{ "type": "Feature", "properties": { "GEOID": "36081041500", "gi_z": 0.45, "borough": "Queens", "pop": 3999.0, "incidents": 246, "lisa": "Not significant" }, "geometry": { "type": "Polygon", "coordinates": [ [ [ -73.860262, 40.747069 ], [ -73.858874, 40.744395 ], [ -73.852918, 40.746171 ], [ -73.854421, 40.748805 ], [ -73.857323, 40.747922 ], [ -73.860262, 40.747069 ] ] ] } },
{ "type": "Feature", "properties": { "GEOID": "36081046300", "gi_z": 1.03, "borough": "Queens", "pop": 4020.0, "incidents": 503, "lisa": "Not significant" }, "geometry": { "type": "Polygon", "coordinates": [ [ [ -73.874658, 40.743268 ], [ -73.873485, 40.742501 ], [ -73.867491, 40.743302 ], [ -73.86791, 40.744934 ], [ -73.868086, 40.745601 ], [ -73.871946, 40.746908 ], [ -73.874658, 40.743268 ] ] ] } },
{ "type": "Feature", "properties": { "GEOID": "36081047900", "gi_z": -0.34, "borough": "Queens", "pop": 6032.0, "incidents": 164, "lisa": "Not significant" }, "geometry": { "type": "Polygon", "coordinates": [ [ [ -73.887253, 40.738836 ], [ -73.888566, 40.734592 ], [ -73.877506, 40.731607 ], [ -73.880354, 40.737135 ], [ -73.881785, 40.737807 ], [ -73.887253, 40.738836 ] ] ] } },
{ "type": "Feature", "properties": { "GEOID": "36081050600", "gi_z": -2.08, "borough": "Queens", "pop": 1504.0, "incidents": 35, "lisa": "Low-Low" }, "geometry": { "type": "Polygon", "coordinates": [ [ [ -73.762301, 40.70795 ], [ -73.761264, 40.703599 ], [ -73.760067, 40.703141 ], [ -73.757406, 40.703835 ], [ -73.756519, 40.704064 ], [ -73.758718, 40.708811 ], [ -73.761406, 40.708163 ], [ -73.762301, 40.70795 ] ] ] } },
{ "type": "Feature", "properties": { "GEOID": "36081060000", "gi_z": -1.81, "borough": "Queens", "pop": 1132.0, "incidents": 25, "lisa": "Low-Low" }, "geometry": { "type": "Polygon", "coordinates": [ [ [ -73.734877, 40.697411 ], [ -73.736642, 40.694044 ], [ -73.732297, 40.692683 ], [ -73.729646, 40.695836 ], [ -73.734877, 40.697411 ] ] ] } },
{ "type": "Feature", "properties": { "GEOID": "36081061800", "gi_z": -1.67, "borough": "Queens", "pop": 2037.0, "incidents": 92, "lisa": "Low-Low" }, "geometry": { "type": "Polygon", "coordinates": [ [ [ -73.738546, 40.679627 ], [ -73.740458, 40.676117 ], [ -73.735059, 40.67399 ], [ -73.731874, 40.677569 ], [ -73.734992, 40.678506 ], [ -73.738546, 40.679627 ] ] ] } },
{ "type": "Feature", "properties": { "GEOID": "36081062300", "gi_z": -1.52, "borough": "Queens", "pop": 2111.0, "incidents": 43, "lisa": "Low-Low" }, "geometry": { "type": "Polygon", "coordinates": [ [ [ -73.881232, 40.706372 ], [ -73.879167, 40.702076 ], [ -73.876398, 40.702294 ], [ -73.875431, 40.702374 ], [ -73.87722, 40.706687 ], [ -73.881232, 40.706372 ] ] ] } },
{ "type": "Feature", "properties": { "GEOID": "36081063301", "gi_z": -1.65, "borough": "Queens", "pop": 1584.0, "incidents": 38, "lisa": "Low-Low" }, "geometry": { "type": "Polygon", "coordinates": [ [ [ -73.87722, 40.706687 ], [ -73.875431, 40.702374 ], [ -73.871648, 40.702687 ], [ -73.874918, 40.706816 ], [ -73.87722, 40.706687 ] ] ] } },
{ "type": "Feature", "properties": { "GEOID": "36081064600", "gi_z": -1.45, "borough": "Queens", "pop": 3076.0, "incidents": 53, "lisa": "Low-Low" }, "geometry": { "type": "Polygon", "coordinates": [ [ [ -73.746473, 40.676298 ], [ -73.74876, 40.673026 ], [ -73.738501, 40.669285 ], [ -73.736249, 40.672631 ], [ -73.744884, 40.675756 ], [ -73.746473, 40.676298 ] ] ] } },
{ "type": "Feature", "properties": { "GEOID": "36081055100", "gi_z": -0.25, "borough": "Queens", "pop": 4363.0, "incidents": 138, "lisa": "Not significant" }, "geometry": { "type": "Polygon", "coordinates": [ [ [ -73.904124, 40.703974 ], [ -73.908299, 40.699882 ], [ -73.90249, 40.700484 ], [ -73.9002, 40.700501 ], [ -73.900986, 40.702449 ], [ -73.903381, 40.703538 ], [ -73.904124, 40.703974 ] ] ] } },
{ "type": "Feature", "properties": { "GEOID": "36081056400", "gi_z": -0.87, "borough": "Queens", "pop": 1580.0, "incidents": 29, "lisa": "Not significant" }, "geometry": { "type": "Polygon", "coordinates": [ [ [ -73.735829, 40.722709 ], [ -73.736917, 40.722467 ], [ -73.735304, 40.718498 ], [ -73.730326, 40.722157 ], [ -73.728175, 40.723092 ], [ -73.729905, 40.723273 ], [ -73.735829, 40.722709 ] ] ] } },
{ "type": "Feature", "properties": { "GEOID": "36081056800", "gi_z": -1.03, "borough": "Queens", "pop": 4373.0, "incidents": 252, "lisa": "High-Low" }, "geometry": { "type": "Polygon", "coordinates": [ [ [ -73.745646, 40.715956 ], [ -73.735856, 40.713305 ], [ -73.735539, 40.71186 ], [ -73.726971, 40.710715 ], [ -73.730326, 40.722157 ], [ -73.735304, 40.718498 ], [ -73.73984, 40.717309 ], [ -73.745646, 40.715956 ] ] ] } },
{ "type": "Feature", "properties": { "GEOID": "36081058300", "gi_z": -0.4, "borough": "Queens", "pop": 3495.0, "incidents": 82, "lisa": "Not significant" }, "geometry": { "type": "Polygon", "coordinates": [ [ [ -73.900986, 40.702449 ], [ -73.9002, 40.700501 ], [ -73.894388, 40.700784 ], [ -73.895692, 40.70396 ], [ -73.900986, 40.702449 ] ] ] } },
{ "type": "Feature", "properties": { "GEOID": "36081091602", "gi_z": -1.69, "borough": "Queens", "pop": 16.0, "incidents": 1, "lisa": "Low-Low" }, "geometry": { "type": "Polygon", "coordinates": [ [ [ -73.902306, 40.562128 ], [ -73.901016066057394, 40.556853256813099 ], [ -73.89623, 40.557378 ], [ -73.879439558052198, 40.561936054063011 ], [ -73.88277, 40.567597 ], [ -73.902306, 40.562128 ] ] ] } },
{ "type": "Feature", "properties": { "GEOID": "36081067700", "gi_z": -1.73, "borough": "Queens", "pop": 1893.0, "incidents": 13, "lisa": "Low-Low" }, "geometry": { "type": "Polygon", "coordinates": [ [ [ -73.877941, 40.717898 ], [ -73.87722, 40.717226 ], [ -73.872392, 40.717831 ], [ -73.867969, 40.719268 ], [ -73.869869, 40.721638 ], [ -73.877941, 40.717898 ] ] ] } },
{ "type": "Feature", "properties": { "GEOID": "36081070300", "gi_z": -1.35, "borough": "Queens", "pop": 2324.0, "incidents": 43, "lisa": "Not significant" }, "geometry": { "type": "Polygon", "coordinates": [ [ [ -73.863018, 40.717708 ], [ -73.859632, 40.713598 ], [ -73.857298, 40.711465 ], [ -73.857772, 40.716456 ], [ -73.858522, 40.721529 ], [ -73.863018, 40.717708 ] ] ] } },
{ "type": "Feature", "properties": { "GEOID": "36081074100", "gi_z": -1.56, "borough": "Queens", "pop": 3102.0, "incidents": 87, "lisa": "Low-Low" }, "geometry": { "type": "Polygon", "coordinates": [ [ [ -73.850253, 40.729655 ], [ -73.849247, 40.72845 ], [ -73.848082, 40.72573 ], [ -73.843934, 40.726965 ], [ -73.844277, 40.72763 ], [ -73.845987, 40.730955 ], [ -73.850253, 40.729655 ] ] ] } },
{ "type": "Feature", "properties": { "GEOID": "36081081800", "gi_z": -0.4, "borough": "Queens", "pop": 3739.0, "incidents": 152, "lisa": "Not significant" }, "geometry": { "type": "Polygon", "coordinates": [ [ [ -73.812068, 40.670866 ], [ -73.813198, 40.667253 ], [ -73.805452, 40.666896 ], [ -73.807143, 40.667669 ], [ -73.806197, 40.674784 ], [ -73.809782, 40.675108 ], [ -73.812068, 40.670866 ] ] ] } },
{ "type": "Feature", "properties": { "GEOID": "36081085700", "gi_z": 0.56, "borough": "Queens", "pop": 5814.0, "incidents": 118, "lisa": "Not significant" }, "geometry": { "type": "Polygon", "coordinates": [ [ [ -73.825185, 40.757649 ], [ -73.824718, 40.755488 ], [ -73.823979, 40.754868 ], [ -73.819233, 40.757947 ], [ -73.820636, 40.758872 ], [ -73.820758, 40.758842 ], [ -73.825185, 40.757649 ] ] ] } },
{ "type": "Feature", "properties": { "GEOID": "36081094203", "gi_z": -0.02, "borough": "Queens", "pop": 5730.0, "incidents": 192, "lisa": "Not significant" }, "geometry": { "type": "Polygon", "coordinates": [ [ [ -73.817229, 40.585687 ], [ -73.815518355065294, 40.582358813148197 ], [ -73.801434586431796, 40.585658064731021 ], [ -73.801991, 40.588869 ], [ -73.813048, 40.587338 ], [ -73.817229, 40.585687 ] ] ] } },
{ "type": "Feature", "properties": { "GEOID": "36081109700", "gi_z": -1.56, "borough": "Queens", "pop": 1900.0, "incidents": 57, "lisa": "Low-Low" }, "geometry": { "type": "Polygon", "coordinates": [ [ [ -73.770639, 40.769645 ], [ -73.772023, 40.771498 ], [ -73.778444, 40.772895 ], [ -73.783727, 40.771361 ], [ -73.78146, 40.767066 ], [ -73.774687, 40.768792 ], [ -73.770639, 40.769645 ] ] ] } },
{ "type": "Feature", "properties": { "GEOID": "36081118900", "gi_z": -1.82, "borough": "Queens", "pop": 2100.0, "incidents": 47, "lisa": "Low-Low" }, "geometry": { "type": "Polygon", "coordinates": [ [ [ -73.816215, 40.75747 ], [ -73.815339, 40.755432 ], [ -73.810476, 40.754212 ], [ -73.810123, 40.756839 ], [ -73.809799, 40.759192 ], [ -73.816215, 40.75747 ] ] ] } },
{ "type": "Feature", "properties": { "GEOID": "36081146700", "gi_z": -1.54, "borough": "Queens", "pop": 2762.0, "incidents": 104, "lisa": "Low-Low" }, "geometry": { "type": "Polygon", "coordinates": [ [ [ -73.779031, 40.76238 ], [ -73.777403, 40.758214 ], [ -73.769337, 40.760254 ], [ -73.766405, 40.76362 ], [ -73.768347, 40.76343 ], [ -73.770769, 40.763193 ], [ -73.779031, 40.76238 ] ] ] } },
{ "type": "Feature", "properties": { "GEOID": "36081157902", "gi_z": -1.19, "borough": "Queens", "pop": 3681.0, "incidents": 78, "lisa": "Not significant" }, "geometry": { "type": "Polygon", "coordinates": [ [ [ -73.717625, 40.744028 ], [ -73.71371, 40.736175 ], [ -73.706514, 40.737722 ], [ -73.710296, 40.747908 ], [ -73.717625, 40.744028 ] ] ] } },
{ "type": "Feature", "properties": { "GEOID": "36085001800", "gi_z": -1.44, "borough": "Staten Island", "pop": 449.0, "incidents": 4, "lisa": "Not significant" }, "geometry": { "type": "Polygon", "coordinates": [ [ [ -74.065163, 40.604201 ], [ -74.063769, 40.602127 ], [ -74.063759, 40.598935 ], [ -74.059725523440605, 40.594118359422986 ], [ -74.053556, 40.5995 ], [ -74.053125, 40.603678 ], [ -74.056887905417, 40.608014722434199 ], [ -74.06043, 40.606354 ], [ -74.065163, 40.604201 ] ] ] } },
{ "type": "Feature", "properties": { "GEOID": "36085007700", "gi_z": -0.83, "borough": "Staten Island", "pop": 1793.0, "incidents": 88, "lisa": "Not significant" }, "geometry": { "type": "Polygon", "coordinates": [ [ [ -74.094094, 40.639267 ], [ -74.092449, 40.635619 ], [ -74.085879, 40.636692 ], [ -74.087206, 40.639896 ], [ -74.087091, 40.640334 ], [ -74.094094, 40.639267 ] ] ] } },
{ "type": "Feature", "properties": { "GEOID": "36085012500", "gi_z": -0.92, "borough": "Staten Island", "pop": 3229.0, "incidents": 78, "lisa": "Not significant" }, "geometry": { "type": "Polygon", "coordinates": [ [ [ -74.124891, 40.631728 ], [ -74.121257, 40.627823 ], [ -74.113309, 40.623042 ], [ -74.11619, 40.628941 ], [ -74.116836, 40.632675 ], [ -74.124891, 40.631728 ] ] ] } },
{ "type": "Feature", "properties": { "GEOID": "36085017300", "gi_z": -1.56, "borough": "Staten Island", "pop": 2791.0, "incidents": 27, "lisa": "Low-Low" }, "geometry": { "type": "Polygon", "coordinates": [ [ [ -74.12117, 40.608834 ], [ -74.120596, 40.60181 ], [ -74.114871, 40.602137 ], [ -74.11596, 40.607452 ], [ -74.12117, 40.608834 ] ] ] } },
{ "type": "Feature", "properties": { "GEOID": "36085032300", "gi_z": -1.0, "borough": "Staten Island", "pop": 1030.0, "incidents": 80, "lisa": "Not significant" }, "geometry": { "type": "Polygon", "coordinates": [ [ [ -74.170765022103794, 40.642545882262397 ], [ -74.174258, 40.64463 ], [ -74.177988, 40.642553 ], [ -74.181503, 40.644649 ], [ -74.187715, 40.642636 ], [ -74.196190765716295, 40.635265081474294 ], [ -74.178845, 40.626106 ], [ -74.174108, 40.62226 ], [ -74.168725, 40.621209 ], [ -74.168141, 40.622078 ], [ -74.166559, 40.627367 ], [ -74.166275, 40.63365 ], [ -74.171196, 40.63595 ], [ -74.170765022103794, 40.642545882262397 ] ] ] } },
{ "type": "Feature", "properties": { "GEOID": "36061014200", "gi_z": -0.71, "borough": "Manhattan", "pop": 3979.0, "incidents": 89, "lisa": "Not significant" }, "geometry": { "type": "Polygon", "coordinates": [ [ [ -73.961361, 40.780241 ], [ -73.964687, 40.775677 ], [ -73.961475, 40.774324 ], [ -73.958165, 40.778861 ], [ -73.961361, 40.780241 ] ] ] } },
{ "type": "Feature", "properties": { "GEOID": "36061013300", "gi_z": 5.92, "borough": "Manhattan", "pop": 6146.0, "incidents": 848, "lisa": "High-High" }, "geometry": { "type": "Polygon", "coordinates": [ [ [ -73.989964, 40.767188 ], [ -73.991788, 40.764684 ], [ -73.986104, 40.76229 ], [ -73.984283, 40.764792 ], [ -73.989964, 40.767188 ] ] ] } },
{ "type": "Feature", "properties": { "GEOID": "36061026500", "gi_z": 2.5, "borough": "Manhattan", "pop": 7702.0, "incidents": 390, "lisa": "High-High" }, "geometry": { "type": "Polygon", "coordinates": [ [ [ -73.943187, 40.849755 ], [ -73.939524, 40.847838 ], [ -73.936397, 40.849541 ], [ -73.936661, 40.850448 ], [ -73.940285, 40.851322 ], [ -73.943187, 40.849755 ] ] ] } },
{ "type": "Feature", "properties": { "GEOID": "36061009100", "gi_z": 3.18, "borough": "Manhattan", "pop": 6539.0, "incidents": 596, "lisa": "High-High" }, "geometry": { "type": "Polygon", "coordinates": [ [ [ -73.997099, 40.747205 ], [ -73.998972, 40.74463 ], [ -73.993292, 40.742233 ], [ -73.991419, 40.744802 ], [ -73.997099, 40.747205 ] ] ] } },
{ "type": "Feature", "properties": { "GEOID": "36061019100", "gi_z": 1.88, "borough": "Manhattan", "pop": 8055.0, "incidents": 340, "lisa": "Not significant" }, "geometry": { "type": "Polygon", "coordinates": [ [ [ -73.9789376576, 40.805760522735099 ], [ -73.980702017041693, 40.803332424066397 ], [ -73.967575, 40.79787 ], [ -73.965711, 40.800437 ], [ -73.9789376576, 40.805760522735099 ] ] ] } },
{ "type": "Feature", "properties": { "GEOID": "36061020800", "gi_z": 3.66, "borough": "Manhattan", "pop": 5391.0, "incidents": 239, "lisa": "High-High" }, "geometry": { "type": "Polygon", "coordinates": [ [ [ -73.943172, 40.810942 ], [ -73.944994, 40.808446 ], [ -73.941771, 40.807089 ], [ -73.939018, 40.810856 ], [ -73.942249, 40.812201 ], [ -73.943172, 40.810942 ] ] ] } },
{ "type": "Feature", "properties": { "GEOID": "36061008700", "gi_z": 4.02, "borough": "Manhattan", "pop": 5376.0, "incidents": 462, "lisa": "High-High" }, "geometry": { "type": "Polygon", "coordinates": [ [ [ -73.998972, 40.74463 ], [ -74.000703, 40.742254 ], [ -73.995018, 40.73986 ], [ -73.993739, 40.741617 ], [ -73.993292, 40.742233 ], [ -73.998972, 40.74463 ] ] ] } },
{ "type": "Feature", "properties": { "GEOID": "36061009600", "gi_z": 12.29, "borough": "Manhattan", "pop": 560.0, "incidents": 622, "lisa": "High-High" }, "geometry": { "type": "Polygon", "coordinates": [ [ [ -73.982256, 40.757387 ], [ -73.984118, 40.754842 ], [ -73.980888, 40.753481 ], [ -73.977655, 40.757912 ], [ -73.980886, 40.75927 ], [ -73.982256, 40.757387 ] ] ] } },
{ "type": "Feature", "properties": { "GEOID": "36061025300", "gi_z": 2.69, "borough": "Manhattan", "pop": 10189.0, "incidents": 386, "lisa": "High-High" }, "geometry": { "type": "Polygon", "coordinates": [ [ [ -73.940518, 40.845369 ], [ -73.942013, 40.84281 ], [ -73.936464, 40.840482 ], [ -73.935567, 40.841713 ], [ -73.934671, 40.842958 ], [ -73.937518, 40.844137 ], [ -73.940518, 40.845369 ] ] ] } },
{ "type": "Feature", "properties": { "GEOID": "36061017000", "gi_z": 3.27, "borough": "Manhattan", "pop": 8791.0, "incidents": 292, "lisa": "High-High" }, "geometry": { "type": "Polygon", "coordinates": [ [ [ -73.945168, 40.790894 ], [ -73.945636, 40.790254 ], [ -73.941019, 40.788319 ], [ -73.938649, 40.791558 ], [ -73.943272, 40.793488 ], [ -73.945168, 40.790894 ] ] ] } },
{ "type": "Feature", "properties": { "GEOID": "36061018100", "gi_z": 0.98, "borough": "Manhattan", "pop": 8408.0, "incidents": 107, "lisa": "Not significant" }, "geometry": { "type": "Polygon", "coordinates": [ [ [ -73.96987, 40.794736 ], [ -73.971316, 40.792753 ], [ -73.965632, 40.790365 ], [ -73.964176, 40.792362 ], [ -73.96987, 40.794736 ] ] ] } },
{ "type": "Feature", "properties": { "GEOID": "36061018500", "gi_z": 1.55, "borough": "Manhattan", "pop": 5060.0, "incidents": 74, "lisa": "Low-High" }, "geometry": { "type": "Polygon", "coordinates": [ [ [ -73.969415, 40.795361 ], [ -73.96987, 40.794736 ], [ -73.964176, 40.792362 ], [ -73.962834, 40.794203 ], [ -73.968476, 40.796643 ], [ -73.969415, 40.795361 ] ] ] } },
{ "type": "Feature", "properties": { "GEOID": "36061002601", "gi_z": 0.41, "borough": "Manhattan", "pop": 4199.0, "incidents": 155, "lisa": "Not significant" }, "geometry": { "type": "Polygon", "coordinates": [ [ [ -73.981637, 40.724494 ], [ -73.982964, 40.722671 ], [ -73.978231, 40.720674 ], [ -73.976893, 40.722498 ], [ -73.981637, 40.724494 ] ] ] } },
{ "type": "Feature", "properties": { "GEOID": "36061003002", "gi_z": 2.82, "borough": "Manhattan", "pop": 2833.0, "incidents": 233, "lisa": "High-High" }, "geometry": { "type": "Polygon", "coordinates": [ [ [ -73.987502, 40.724584 ], [ -73.988643, 40.722933 ], [ -73.983824, 40.721473 ], [ -73.982964, 40.722671 ], [ -73.987502, 40.724584 ] ] ] } },
{ "type": "Feature", "properties": { "GEOID": "36061008400", "gi_z": 15.4, "borough": "Manhattan", "pop": 1765.0, "incidents": 948, "lisa": "High-High" }, "geometry": { "type": "Polygon", "coordinates": [ [ [ -73.985947, 40.752317 ], [ -73.987294, 40.750451 ], [ -73.984076, 40.749102 ], [ -73.980888, 40.753481 ], [ -73.984118, 40.754842 ], [ -73.985947, 40.752317 ] ] ] } },
{ "type": "Feature", "properties": { "GEOID": "36061005000", "gi_z": 4.58, "borough": "Manhattan", "pop": 4774.0, "incidents": 260, "lisa": "High-High" }, "geometry": { "type": "Polygon", "coordinates": [ [ [ -73.987302, 40.738903 ], [ -73.989903, 40.734435 ], [ -73.98718, 40.733292 ], [ -73.984934, 40.736376 ], [ -73.984082, 40.737546 ], [ -73.987302, 40.738903 ] ] ] } },
{ "type": "Feature", "properties": { "GEOID": "36061006700", "gi_z": 6.0, "borough": "Manhattan", "pop": 4652.0, "incidents": 686, "lisa": "High-High" }, "geometry": { "type": "Polygon", "coordinates": [ [ [ -74.006624, 40.731669 ], [ -74.00709, 40.728772 ], [ -74.002808, 40.728365 ], [ -74.000954, 40.731706 ], [ -74.002124, 40.732841 ], [ -74.006624, 40.731669 ] ] ] } },
{ "type": "Feature", "properties": { "GEOID": "36061005400", "gi_z": 5.82, "borough": "Manhattan", "pop": 4453.0, "incidents": 418, "lisa": "High-High" }, "geometry": { "type": "Polygon", "coordinates": [ [ [ -73.995018, 40.73986 ], [ -73.99684, 40.737361 ], [ -73.993617, 40.736005 ], [ -73.990518, 40.740262 ], [ -73.993739, 40.741617 ], [ -73.995018, 40.73986 ] ] ] } },
{ "type": "Feature", "properties": { "GEOID": "36061002800", "gi_z": 1.85, "borough": "Manhattan", "pop": 6509.0, "incidents": 200, "lisa": "High-High" }, "geometry": { "type": "Polygon", "coordinates": [ [ [ -73.979906, 40.726866 ], [ -73.980333, 40.726281 ], [ -73.975598, 40.724283 ], [ -73.973298, 40.727428 ], [ -73.978001, 40.729429 ], [ -73.979906, 40.726866 ] ] ] } },
{ "type": "Feature", "properties": { "GEOID": "36061028100", "gi_z": 1.88, "borough": "Manhattan", "pop": 3308.0, "incidents": 75, "lisa": "Low-High" }, "geometry": { "type": "Polygon", "coordinates": [ [ [ -73.934088, 40.859382 ], [ -73.936038, 40.854915 ], [ -73.934627, 40.854501 ], [ -73.93215, 40.859527 ], [ -73.934088, 40.859382 ] ] ] } },
{ "type": "Feature", "properties": { "GEOID": "36061017200", "gi_z": 3.58, "borough": "Manhattan", "pop": 5630.0, "incidents": 557, "lisa": "High-High" }, "geometry": { "type": "Polygon", "coordinates": [ [ [ -73.947896, 40.792928 ], [ -73.948386, 40.792256 ], [ -73.945168, 40.790894 ], [ -73.943272, 40.793488 ], [ -73.941876, 40.795406 ], [ -73.945096, 40.796764 ], [ -73.946042, 40.795467 ], [ -73.947896, 40.792928 ] ] ] } },
{ "type": "Feature", "properties": { "GEOID": "36061024200", "gi_z": 4.16, "borough": "Manhattan", "pop": 5847.0, "incidents": 472, "lisa": "High-High" }, "geometry": { "type": "Polygon", "coordinates": [ [ [ -73.935819, 40.809503 ], [ -73.938544, 40.80573 ], [ -73.93631, 40.803024 ], [ -73.931773, 40.800979 ], [ -73.928225, 40.80385 ], [ -73.931801, 40.807876 ], [ -73.932605, 40.811517 ], [ -73.935819, 40.809503 ] ] ] } },
{ "type": "Feature", "properties": { "GEOID": "36005027402", "gi_z": -0.03, "borough": "Bronx", "pop": 3492.0, "incidents": 100, "lisa": "Not significant" }, "geometry": { "type": "Polygon", "coordinates": [ [ [ -73.820141, 40.84802 ], [ -73.820461, 40.842549 ], [ -73.818046, 40.835543 ], [ -73.815763866904604, 40.835906579625721 ], [ -73.816688, 40.843896 ], [ -73.815678898860199, 40.848677650672805 ], [ -73.820141, 40.84802 ] ] ] } },
{ "type": "Feature", "properties": { "GEOID": "36005022102", "gi_z": 2.98, "borough": "Bronx", "pop": 5144.0, "incidents": 159, "lisa": "Low-High" }, "geometry": { "type": "Polygon", "coordinates": [ [ [ -73.91594, 40.839552 ], [ -73.918412, 40.83644 ], [ -73.916467, 40.835778 ], [ -73.915871, 40.836393 ], [ -73.913755, 40.838743 ], [ -73.91594, 40.839552 ] ] ] } },
{ "type": "Feature", "properties": { "GEOID": "36005024502", "gi_z": 1.04, "borough": "Bronx", "pop": 4226.0, "incidents": 165, "lisa": "Not significant" }, "geometry": { "type": "Polygon", "coordinates": [ [ [ -73.91619, 40.854582 ], [ -73.912273, 40.853759 ], [ -73.911196, 40.854822 ], [ -73.910413, 40.855729 ], [ -73.91619, 40.854582 ] ] ] } },
{ "type": "Feature", "properties": { "GEOID": "36005040501", "gi_z": 1.16, "borough": "Bronx", "pop": 3327.0, "incidents": 145, "lisa": "Not significant" }, "geometry": { "type": "Polygon", "coordinates": [ [ [ -73.893299, 40.865294 ], [ -73.892132, 40.864633 ], [ -73.888314, 40.868547 ], [ -73.889892, 40.869522 ], [ -73.893299, 40.865294 ] ] ] } },
{ "type": "Feature", "properties": { "GEOID": "36047012600", "gi_z": -1.06, "borough": "Brooklyn", "pop": 3020.0, "incidents": 113, "lisa": "Not significant" }, "geometry": { "type": "Polygon", "coordinates": [ [ [ -74.02291, 40.636108 ], [ -74.023235, 40.635318 ], [ -74.01853, 40.632334 ], [ -74.016048, 40.631033 ], [ -74.015139, 40.633217 ], [ -74.016752, 40.63544 ], [ -74.021087, 40.638262 ], [ -74.02291, 40.636108 ] ] ] } },
{ "type": "Feature", "properties": { "GEOID": "36047027100", "gi_z": 0.68, "borough": "Brooklyn", "pop": 3652.0, "incidents": 249, "lisa": "Not significant" }, "geometry": { "type": "Polygon", "coordinates": [ [ [ -73.943973, 40.680088 ], [ -73.944141, 40.678237 ], [ -73.941369, 40.678093 ], [ -73.935858, 40.677817 ], [ -73.930322, 40.677485 ], [ -73.929058, 40.679277 ], [ -73.934351, 40.679564 ], [ -73.940328, 40.67989 ], [ -73.943973, 40.680088 ] ] ] } },
{ "type": "Feature", "properties": { "GEOID": "36047050801", "gi_z": -0.27, "borough": "Brooklyn", "pop": 3910.0, "incidents": 132, "lisa": "Not significant" }, "geometry": { "type": "Polygon", "coordinates": [ [ [ -73.96302, 40.651532 ], [ -73.962186, 40.649789 ], [ -73.958707, 40.650387 ], [ -73.959329, 40.652928 ], [ -73.961407, 40.65217 ], [ -73.96302, 40.651532 ] ] ] } },
{ "type": "Feature", "properties": { "GEOID": "36047062000", "gi_z": -1.19, "borough": "Brooklyn", "pop": 1516.0, "incidents": 27, "lisa": "Not significant" }, "geometry": { "type": "Polygon", "coordinates": [ [ [ -73.953342, 40.579267 ], [ -73.952874, 40.576882 ], [ -73.939801, 40.578317 ], [ -73.940439, 40.581879 ], [ -73.940947, 40.581913 ], [ -73.944308, 40.582201 ], [ -73.943989, 40.5803 ], [ -73.953342, 40.579267 ] ] ] } },
{ "type": "Feature", "properties": { "GEOID": "36047069601", "gi_z": -1.51, "borough": "Brooklyn", "pop": 3434.0, "incidents": 63, "lisa": "Low-Low" }, "geometry": { "type": "Polygon", "coordinates": [ [ [ -73.918604, 40.632096 ], [ -73.917995, 40.626458 ], [ -73.917515, 40.621941 ], [ -73.91747, 40.621513 ], [ -73.90848, 40.627979 ], [ -73.918604, 40.632096 ] ] ] } },
{ "type": "Feature", "properties": { "GEOID": "36081019400", "gi_z": -1.13, "borough": "Queens", "pop": 2977.0, "incidents": 98, "lisa": "Not significant" }, "geometry": { "type": "Polygon", "coordinates": [ [ [ -73.808017, 40.68706 ], [ -73.806748, 40.684683 ], [ -73.805891, 40.682897 ], [ -73.798982, 40.684859 ], [ -73.799135, 40.687182 ], [ -73.80415, 40.688388 ], [ -73.808017, 40.68706 ] ] ] } },
{ "type": "Feature", "properties": { "GEOID": "36081008500", "gi_z": -0.1, "borough": "Queens", "pop": 1821.0, "incidents": 182, "lisa": "Not significant" }, "geometry": { "type": "Polygon", "coordinates": [ [ [ -73.945814, 40.757799 ], [ -73.941239, 40.755234 ], [ -73.9391, 40.757494 ], [ -73.937005, 40.76424 ], [ -73.937635, 40.766475 ], [ -73.942456, 40.758683 ], [ -73.944167, 40.759308 ], [ -73.945814, 40.757799 ] ] ] } },
{ "type": "Feature", "properties": { "GEOID": "36081095400", "gi_z": 0.16, "borough": "Queens", "pop": 7184.0, "incidents": 118, "lisa": "Not significant" }, "geometry": { "type": "Polygon", "coordinates": [ [ [ -73.807512, 40.597862 ], [ -73.802438, 40.59264 ], [ -73.801991, 40.588869 ], [ -73.801434586431796, 40.585658064731021 ], [ -73.795594402719402, 40.58678195139791 ], [ -73.796768, 40.599384 ], [ -73.793652, 40.602623 ], [ -73.802469, 40.600967 ], [ -73.807512, 40.597862 ] ] ] } },
{ "type": "Feature", "properties": { "GEOID": "36081071702", "gi_z": -0.3, "borough": "Queens", "pop": 4448.0, "incidents": 105, "lisa": "Not significant" }, "geometry": { "type": "Polygon", "coordinates": [ [ [ -73.864618, 40.734271 ], [ -73.869037, 40.732849 ], [ -73.864479, 40.731089 ], [ -73.857652, 40.733668 ], [ -73.858771, 40.735785 ], [ -73.858866, 40.735939 ], [ -73.864618, 40.734271 ] ] ] } },
{ "type": "Feature", "properties": { "GEOID": "36085014608", "gi_z": -1.77, "borough": "Staten Island", "pop": 3592.0, "incidents": 31, "lisa": "Low-Low" }, "geometry": { "type": "Polygon", "coordinates": [ [ [ -74.160968, 40.56146 ], [ -74.157672, 40.554058 ], [ -74.152072, 40.555217 ], [ -74.155851, 40.563774 ], [ -74.160968, 40.56146 ] ] ] } },
{ "type": "Feature", "properties": { "GEOID": "36085020805", "gi_z": -1.47, "borough": "Staten Island", "pop": 6559.0, "incidents": 56, "lisa": "Low-Low" }, "geometry": { "type": "Polygon", "coordinates": [ [ [ -74.213502, 40.555668 ], [ -74.217526, 40.554622 ], [ -74.22065, 40.548605 ], [ -74.217769, 40.541126 ], [ -74.207973, 40.541671 ], [ -74.213502, 40.555668 ] ] ] } },
{ "type": "Feature", "properties": { "GEOID": "36085017013", "gi_z": -1.79, "borough": "Staten Island", "pop": 4617.0, "incidents": 38, "lisa": "Low-Low" }, "geometry": { "type": "Polygon", "coordinates": [ [ [ -74.197695, 40.558887 ], [ -74.203343, 40.556133 ], [ -74.200144, 40.548801 ], [ -74.191428, 40.552801 ], [ -74.197695, 40.558887 ] ] ] } },
{ "type": "Feature", "properties": { "GEOID": "36005009301", "gi_z": 4.42, "borough": "Bronx", "pop": 5754.0, "incidents": 783, "lisa": "High-High" }, "geometry": { "type": "Polygon", "coordinates": [ [ [ -73.890824, 40.820307 ], [ -73.895428, 40.815845 ], [ -73.890975, 40.813213 ], [ -73.890036, 40.809629 ], [ -73.882025, 40.81083 ], [ -73.887996, 40.816664 ], [ -73.890824, 40.820307 ] ] ] } },
{ "type": "Feature", "properties": { "GEOID": "36005002002", "gi_z": 0.66, "borough": "Bronx", "pop": 3609.0, "incidents": 220, "lisa": "Not significant" }, "geometry": { "type": "Polygon", "coordinates": [ [ [ -73.867656, 40.820751 ], [ -73.865218, 40.814529 ], [ -73.861482, 40.815029 ], [ -73.862464, 40.819247 ], [ -73.865746, 40.821012 ], [ -73.867656, 40.820751 ] ] ] } },
{ "type": "Feature", "properties": { "GEOID": "36005001901", "gi_z": 2.89, "borough": "Bronx", "pop": 2260.0, "incidents": 217, "lisa": "High-High" }, "geometry": { "type": "Polygon", "coordinates": [ [ [ -73.929219, 40.809564 ], [ -73.931801, 40.807876 ], [ -73.928225, 40.80385 ], [ -73.925765, 40.805223 ], [ -73.924265, 40.807175 ], [ -73.929219, 40.809564 ] ] ] } },
{ "type": "Feature", "properties": { "GEOID": "36061015401", "gi_z": -0.43, "borough": "Manhattan", "pop": 4594.0, "incidents": 81, "lisa": "Not significant" }, "geometry": { "type": "Polygon", "coordinates": [ [ [ -73.951659, 40.782008 ], [ -73.952575, 40.780753 ], [ -73.947968, 40.778807 ], [ -73.947049, 40.780064 ], [ -73.949419, 40.781062 ], [ -73.951659, 40.782008 ] ] ] } },
{ "type": "Feature", "properties": { "GEOID": "36061009902", "gi_z": 1.44, "borough": "Manhattan", "pop": 4019.0, "incidents": 148, "lisa": "Not significant" }, "geometry": { "type": "Polygon", "coordinates": [ [ [ -74.0142468634549, 40.756655747290296 ], [ -74.015013346956493, 40.753506084433297 ], [ -74.002785, 40.749592 ], [ -74.000975, 40.752055 ], [ -74.0142468634549, 40.756655747290296 ] ] ] } },
{ "type": "Feature", "properties": { "GEOID": "36081000101", "gi_z": 0.06, "borough": "Queens", "pop": 4665.0, "incidents": 155, "lisa": "Not significant" }, "geometry": { "type": "Polygon", "coordinates": [ [ [ -73.96262, 40.739033 ], [ -73.962478, 40.736802 ], [ -73.955087, 40.7394 ], [ -73.954584, 40.741345 ], [ -73.955992, 40.744495 ], [ -73.959725, 40.745261 ], [ -73.960211, 40.744511 ], [ -73.96262, 40.739033 ] ] ] } },
{ "type": "Feature", "properties": { "GEOID": "36081059501", "gi_z": -1.51, "borough": "Queens", "pop": 1903.0, "incidents": 78, "lisa": "Low-Low" }, "geometry": { "type": "Polygon", "coordinates": [ [ [ -73.910778, 40.713188 ], [ -73.913038, 40.713332 ], [ -73.909963, 40.711057 ], [ -73.907, 40.709306 ], [ -73.904895, 40.712857 ], [ -73.905376, 40.712877 ], [ -73.910778, 40.713188 ] ] ] } },
{ "type": "Feature", "properties": { "GEOID": "36081053902", "gi_z": -1.03, "borough": "Queens", "pop": 27.0, "incidents": 32, "lisa": "Not significant" }, "geometry": { "type": "Polygon", "coordinates": [ [ [ -73.91467, 40.713437 ], [ -73.916748, 40.711402 ], [ -73.912291, 40.708782 ], [ -73.909963, 40.711057 ], [ -73.913038, 40.713332 ], [ -73.91467, 40.713437 ] ] ] } },
{ "type": "Feature", "properties": { "GEOID": "36081040102", "gi_z": 0.64, "borough": "Queens", "pop": 3966.0, "incidents": 263, "lisa": "Not significant" }, "geometry": { "type": "Polygon", "coordinates": [ [ [ -73.860409, 40.753937 ], [ -73.858763, 40.750717 ], [ -73.855835, 40.751577 ], [ -73.854556, 40.751962 ], [ -73.855799, 40.75441 ], [ -73.860409, 40.753937 ] ] ] } },
{ "type": "Feature", "properties": { "GEOID": "36081040301", "gi_z": 2.16, "borough": "Queens", "pop": 2603.0, "incidents": 206, "lisa": "High-High" }, "geometry": { "type": "Polygon", "coordinates": [ [ [ -73.858763, 40.750717 ], [ -73.861751, 40.749968 ], [ -73.86032, 40.747196 ], [ -73.860262, 40.747069 ], [ -73.857323, 40.747922 ], [ -73.858763, 40.750717 ] ] ] } },
{ "type": "Feature", "properties": { "GEOID": "36081134701", "gi_z": -0.61, "borough": "Queens", "pop": 4809.0, "incidents": 174, "lisa": "Not significant" }, "geometry": { "type": "Polygon", "coordinates": [ [ [ -73.786713, 40.740911 ], [ -73.788453, 40.736095 ], [ -73.786499, 40.731972 ], [ -73.783025, 40.733131 ], [ -73.780779, 40.736284 ], [ -73.783132, 40.7419 ], [ -73.786713, 40.740911 ] ] ] } },
{ "type": "Feature", "properties": { "GEOID": "36081046902", "gi_z": 1.07, "borough": "Queens", "pop": 3177.0, "incidents": 329, "lisa": "Not significant" }, "geometry": { "type": "Polygon", "coordinates": [ [ [ -73.876252, 40.748439 ], [ -73.877904, 40.74559 ], [ -73.876282, 40.744869 ], [ -73.873303, 40.748758 ], [ -73.873701, 40.748717 ], [ -73.876252, 40.748439 ] ] ] } },
{ "type": "Feature", "properties": { "GEOID": "36081023501", "gi_z": -1.19, "borough": "Queens", "pop": 3614.0, "incidents": 71, "lisa": "Not significant" }, "geometry": { "type": "Polygon", "coordinates": [ [ [ -73.919836, 40.737464 ], [ -73.920256, 40.735194 ], [ -73.917558, 40.735292 ], [ -73.915675, 40.740785 ], [ -73.919466, 40.739312 ], [ -73.919836, 40.737464 ] ] ] } },
{ "type": "Feature", "properties": { "GEOID": "36081028802", "gi_z": -0.08, "borough": "Queens", "pop": 2343.0, "incidents": 66, "lisa": "Not significant" }, "geometry": { "type": "Polygon", "coordinates": [ [ [ -73.784676, 40.68372 ], [ -73.784123, 40.678066 ], [ -73.781572, 40.676901 ], [ -73.779478, 40.678365 ], [ -73.783016, 40.684277 ], [ -73.784676, 40.68372 ] ] ] } },
{ "type": "Feature", "properties": { "GEOID": "36081000102", "gi_z": -0.07, "borough": "Queens", "pop": 6790.0, "incidents": 97, "lisa": "Not significant" }, "geometry": { "type": "Polygon", "coordinates": [ [ [ -73.957732, 40.747775 ], [ -73.959725, 40.745261 ], [ -73.955992, 40.744495 ], [ -73.955741, 40.745251 ], [ -73.95505, 40.747334 ], [ -73.956842, 40.748828 ], [ -73.957732, 40.747775 ] ] ] } },
{ "type": "Feature", "properties": { "GEOID": "36081001901", "gi_z": 2.09, "borough": "Queens", "pop": 1738.0, "incidents": 185, "lisa": "High-High" }, "geometry": { "type": "Polygon", "coordinates": [ [ [ -73.948761, 40.743903 ], [ -73.94923, 40.742523 ], [ -73.944196, 40.742882 ], [ -73.939965, 40.745745 ], [ -73.943842, 40.74743 ], [ -73.945056, 40.747664 ], [ -73.948761, 40.743903 ] ] ] } },
{ "type": "Feature", "properties": { "GEOID": "36047001501", "gi_z": 2.21, "borough": "Brooklyn", "pop": 4565.0, "incidents": 364, "lisa": "High-High" }, "geometry": { "type": "Polygon", "coordinates": [ [ [ -73.98496, 40.698445 ], [ -73.985143, 40.694885 ], [ -73.982512, 40.693614 ], [ -73.979168, 40.693489 ], [ -73.980388, 40.696507 ], [ -73.980515, 40.697437 ], [ -73.98496, 40.698445 ] ] ] } },
{ "type": "Feature", "properties": { "GEOID": "36047035301", "gi_z": -0.07, "borough": "Brooklyn", "pop": 2483.0, "incidents": 164, "lisa": "Not significant" }, "geometry": { "type": "Polygon", "coordinates": [ [ [ -73.936569, 40.670041 ], [ -73.936657, 40.669101 ], [ -73.933888, 40.66895 ], [ -73.933635, 40.671626 ], [ -73.936406, 40.671774 ], [ -73.936569, 40.670041 ] ] ] } },
{ "type": "Feature", "properties": { "GEOID": "36047056301", "gi_z": -0.4, "borough": "Brooklyn", "pop": 4688.0, "incidents": 121, "lisa": "Not significant" }, "geometry": { "type": "Polygon", "coordinates": [ [ [ -73.955307, 40.736577 ], [ -73.958635, 40.736213 ], [ -73.959592, 40.731852 ], [ -73.954609, 40.732324 ], [ -73.95519, 40.735867 ], [ -73.955307, 40.736577 ] ] ] } },
{ "type": "Feature", "properties": { "GEOID": "36047103401", "gi_z": -1.62, "borough": "Brooklyn", "pop": 3637.0, "incidents": 14, "lisa": "Low-Low" }, "geometry": { "type": "Polygon", "coordinates": [ [ [ -73.886646, 40.635775 ], [ -73.889695, 40.633802 ], [ -73.886357, 40.630821 ], [ -73.882889, 40.633437 ], [ -73.885944, 40.636227 ], [ -73.886646, 40.635775 ] ] ] } },
{ "type": "Feature", "properties": { "GEOID": "36047005303", "gi_z": -1.37, "borough": "Brooklyn", "pop": 136.0, "incidents": 3, "lisa": "Not significant" }, "geometry": { "type": "Polygon", "coordinates": [ [ [ -74.018692265425102, 40.679677569194908 ], [ -74.0117, 40.679365 ], [ -74.005819, 40.683656 ], [ -74.004853, 40.685668 ], [ -74.0083751072696, 40.685953637344412 ], [ -74.018692265425102, 40.679677569194908 ] ] ] } },
{ "type": "Feature", "properties": { "GEOID": "36047057901", "gi_z": -0.85, "borough": "Brooklyn", "pop": 1512.0, "incidents": 99, "lisa": "Not significant" }, "geometry": { "type": "Polygon", "coordinates": [ [ [ -73.955087, 40.7394 ], [ -73.955307, 40.736577 ], [ -73.95519, 40.735867 ], [ -73.952975, 40.736079 ], [ -73.950731, 40.728972 ], [ -73.949911, 40.729244 ], [ -73.950205, 40.736707 ], [ -73.952669, 40.739258 ], [ -73.955087, 40.7394 ] ] ] } },
{ "type": "Feature", "properties": { "GEOID": "36047088001", "gi_z": -0.74, "borough": "Brooklyn", "pop": 1702.0, "incidents": 107, "lisa": "Not significant" }, "geometry": { "type": "Polygon", "coordinates": [ [ [ -73.934553, 40.663362 ], [ -73.934231, 40.660415 ], [ -73.931325, 40.660594 ], [ -73.931607, 40.663557 ], [ -73.934553, 40.663362 ] ] ] } },
{ "type": "Feature", "properties": { "GEOID": "36061004001", "gi_z": 2.67, "borough": "Manhattan", "pop": 3304.0, "incidents": 93, "lisa": "Low-High" }, "geometry": { "type": "Polygon", "coordinates": [ [ [ -73.984941, 40.732347 ], [ -73.987239, 40.729192 ], [ -73.984875, 40.728194 ], [ -73.982564, 40.731361 ], [ -73.984941, 40.732347 ] ] ] } },
{ "type": "Feature", "properties": { "GEOID": "36061010300", "gi_z": 8.3, "borough": "Manhattan", "pop": 3410.0, "incidents": 406, "lisa": "High-High" }, "geometry": { "type": "Polygon", "coordinates": [ [ [ -73.999143, 40.754585 ], [ -74.000975, 40.752055 ], [ -73.995299, 40.749671 ], [ -73.993464, 40.75219 ], [ -73.999143, 40.754585 ] ] ] } },
{ "type": "Feature", "properties": { "GEOID": "36061002202", "gi_z": 1.48, "borough": "Manhattan", "pop": 2502.0, "incidents": 115, "lisa": "Not significant" }, "geometry": { "type": "Polygon", "coordinates": [ [ [ -73.982964, 40.722671 ], [ -73.983824, 40.721473 ], [ -73.978753, 40.719934 ], [ -73.978231, 40.720674 ], [ -73.982964, 40.722671 ] ] ] } },
{ "type": "Feature", "properties": { "GEOID": "36061023600", "gi_z": 3.72, "borough": "Manhattan", "pop": 11042.0, "incidents": 194, "lisa": "High-High" }, "geometry": { "type": "Polygon", "coordinates": [ [ [ -73.939602, 40.826002 ], [ -73.935745, 40.821106 ], [ -73.936227, 40.820438 ], [ -73.934475, 40.819697 ], [ -73.932327, 40.819503 ], [ -73.933059, 40.828156 ], [ -73.937271, 40.829154 ], [ -73.939602, 40.826002 ] ] ] } },
{ "type": "Feature", "properties": { "GEOID": "36061029100", "gi_z": 2.7, "borough": "Manhattan", "pop": 10870.0, "incidents": 350, "lisa": "High-High" }, "geometry": { "type": "Polygon", "coordinates": [ [ [ -73.927269, 40.865535 ], [ -73.926011, 40.863575 ], [ -73.924742, 40.861594 ], [ -73.920611, 40.863113 ], [ -73.92311, 40.867016 ], [ -73.927269, 40.865535 ] ] ] } },
{ "type": "Feature", "properties": { "GEOID": "36061020701", "gi_z": -0.56, "borough": "Manhattan", "pop": 2826.0, "incidents": 26, "lisa": "Not significant" }, "geometry": { "type": "Polygon", "coordinates": [ [ [ -73.958272, 40.810629 ], [ -73.960106, 40.80812 ], [ -73.958407, 40.807419 ], [ -73.958272, 40.810629 ] ] ] } },
{ "type": "Feature", "properties": { "GEOID": "36061012000", "gi_z": 0.3, "borough": "Manhattan", "pop": 3489.0, "incidents": 475, "lisa": "Not significant" }, "geometry": { "type": "Polygon", "coordinates": [ [ [ -73.964782, 40.769796 ], [ -73.967974, 40.765413 ], [ -73.964755, 40.764058 ], [ -73.964299, 40.764683 ], [ -73.962014, 40.767812 ], [ -73.961559, 40.768437 ], [ -73.964782, 40.769796 ] ] ] } },
{ "type": "Feature", "properties": { "GEOID": "36061002201", "gi_z": 1.27, "borough": "Manhattan", "pop": 6795.0, "incidents": 237, "lisa": "Not significant" }, "geometry": { "type": "Polygon", "coordinates": [ [ [ -73.983824, 40.721473 ], [ -73.985074, 40.719083 ], [ -73.983395, 40.718571 ], [ -73.980577, 40.716455 ], [ -73.978753, 40.719934 ], [ -73.983824, 40.721473 ] ] ] } },
{ "type": "Feature", "properties": { "GEOID": "36061011402", "gi_z": 0.78, "borough": "Manhattan", "pop": 2298.0, "incidents": 169, "lisa": "Not significant" }, "geometry": { "type": "Polygon", "coordinates": [ [ [ -73.969801, 40.762914 ], [ -73.966583, 40.761552 ], [ -73.964755, 40.764058 ], [ -73.967974, 40.765413 ], [ -73.969801, 40.762914 ] ] ] } },
{ "type": "Feature", "properties": { "GEOID": "36061015802", "gi_z": 0.13, "borough": "Manhattan", "pop": 4260.0, "incidents": 69, "lisa": "Not significant" }, "geometry": { "type": "Polygon", "coordinates": [ [ [ -73.951609, 40.787858 ], [ -73.952551, 40.786549 ], [ -73.949332, 40.785194 ], [ -73.948378, 40.786497 ], [ -73.951609, 40.787858 ] ] ] } },
{ "type": "Feature", "properties": { "GEOID": "36061013000", "gi_z": 0.32, "borough": "Manhattan", "pop": 3336.0, "incidents": 131, "lisa": "Not significant" }, "geometry": { "type": "Polygon", "coordinates": [ [ [ -73.964687, 40.775677 ], [ -73.967994, 40.771147 ], [ -73.964782, 40.769796 ], [ -73.961475, 40.774324 ], [ -73.964687, 40.775677 ] ] ] } },
{ "type": "Feature", "properties": { "GEOID": "36061012200", "gi_z": 0.42, "borough": "Manhattan", "pop": 3103.0, "incidents": 92, "lisa": "Not significant" }, "geometry": { "type": "Polygon", "coordinates": [ [ [ -73.971189, 40.766767 ], [ -73.967974, 40.765413 ], [ -73.964782, 40.769796 ], [ -73.967994, 40.771147 ], [ -73.971189, 40.766767 ] ] ] } },
{ "type": "Feature", "properties": { "GEOID": "36061008200", "gi_z": 7.04, "borough": "Manhattan", "pop": 3450.0, "incidents": 223, "lisa": "High-High" }, "geometry": { "type": "Polygon", "coordinates": [ [ [ -73.984076, 40.749102 ], [ -73.980853, 40.747751 ], [ -73.977677, 40.752119 ], [ -73.97837, 40.752416 ], [ -73.980888, 40.753481 ], [ -73.984076, 40.749102 ] ] ] } },
{ "type": "Feature", "properties": { "GEOID": "36061001200", "gi_z": 0.04, "borough": "Manhattan", "pop": 4173.0, "incidents": 282, "lisa": "Not significant" }, "geometry": { "type": "Polygon", "coordinates": [ [ [ -73.983395, 40.718571 ], [ -73.985013, 40.715438 ], [ -73.982453, 40.714699 ], [ -73.979962, 40.713973 ], [ -73.978909, 40.715951 ], [ -73.980577, 40.716455 ], [ -73.983395, 40.718571 ] ] ] } },
{ "type": "Feature", "properties": { "GEOID": "36061014601", "gi_z": -0.35, "borough": "Manhattan", "pop": 3940.0, "incidents": 158, "lisa": "Not significant" }, "geometry": { "type": "Polygon", "coordinates": [ [ [ -73.953984, 40.778822 ], [ -73.954945, 40.777504 ], [ -73.950339, 40.775564 ], [ -73.949374, 40.776876 ], [ -73.953984, 40.778822 ] ] ] } },
{ "type": "Feature", "properties": { "GEOID": "36061021703", "gi_z": 2.13, "borough": "Manhattan", "pop": 348.0, "incidents": 222, "lisa": "High-High" }, "geometry": { "type": "Polygon", "coordinates": [ [ [ -73.9522, 40.81895 ], [ -73.952974, 40.81507 ], [ -73.950927, 40.812575 ], [ -73.948356, 40.816374 ], [ -73.946078, 40.821264 ], [ -73.949921, 40.822073 ], [ -73.950829, 40.820829 ], [ -73.9522, 40.81895 ] ] ] } },
{ "type": "Feature", "properties": { "GEOID": "36061020600", "gi_z": 4.78, "borough": "Manhattan", "pop": 3481.0, "incidents": 205, "lisa": "High-High" }, "geometry": { "type": "Polygon", "coordinates": [ [ [ -73.939018, 40.810856 ], [ -73.941771, 40.807089 ], [ -73.938544, 40.80573 ], [ -73.935819, 40.809503 ], [ -73.939018, 40.810856 ] ] ] } },
{ "type": "Feature", "properties": { "GEOID": "36061022102", "gi_z": 2.07, "borough": "Manhattan", "pop": 2350.0, "incidents": 186, "lisa": "High-High" }, "geometry": { "type": "Polygon", "coordinates": [ [ [ -73.946078, 40.821264 ], [ -73.948356, 40.816374 ], [ -73.947034, 40.81583 ], [ -73.945141, 40.818424 ], [ -73.943778, 40.820294 ], [ -73.945155, 40.820876 ], [ -73.946078, 40.821264 ] ] ] } },
{ "type": "Feature", "properties": { "GEOID": "36061022400", "gi_z": 3.51, "borough": "Manhattan", "pop": 6682.0, "incidents": 327, "lisa": "High-High" }, "geometry": { "type": "Polygon", "coordinates": [ [ [ -73.948419, 40.813938 ], [ -73.95068, 40.810843 ], [ -73.944994, 40.808446 ], [ -73.943172, 40.810942 ], [ -73.948419, 40.813938 ] ] ] } },
{ "type": "Feature", "properties": { "GEOID": "36061016700", "gi_z": 0.76, "borough": "Manhattan", "pop": 7884.0, "incidents": 243, "lisa": "Not significant" }, "geometry": { "type": "Polygon", "coordinates": [ [ [ -73.990046673715298, 40.790472375318807 ], [ -73.991405036777493, 40.788603005923285 ], [ -73.978823, 40.782465 ], [ -73.976902, 40.785098 ], [ -73.990046673715298, 40.790472375318807 ] ] ] } },
{ "type": "Feature", "properties": { "GEOID": "36061023200", "gi_z": 0.8, "borough": "Manhattan", "pop": 9183.0, "incidents": 272, "lisa": "Not significant" }, "geometry": { "type": "Polygon", "coordinates": [ [ [ -73.941426, 40.823507 ], [ -73.943322, 40.820917 ], [ -73.937641, 40.818517 ], [ -73.936227, 40.820438 ], [ -73.935745, 40.821106 ], [ -73.941426, 40.823507 ] ] ] } },
{ "type": "Feature", "properties": { "GEOID": "36061030700", "gi_z": 0.66, "borough": "Manhattan", "pop": 3563.0, "incidents": 84, "lisa": "Not significant" }, "geometry": { "type": "Polygon", "coordinates": [ [ [ -73.914009, 40.87116 ], [ -73.919458, 40.872249 ], [ -73.915183, 40.869551 ], [ -73.914009, 40.87116 ] ] ] } },
{ "type": "Feature", "properties": { "GEOID": "36061023502", "gi_z": 0.89, "borough": "Manhattan", "pop": 1858.0, "incidents": 159, "lisa": "Not significant" }, "geometry": { "type": "Polygon", "coordinates": [ [ [ -73.940595, 40.826414 ], [ -73.939602, 40.826002 ], [ -73.937271, 40.829154 ], [ -73.938588, 40.829717 ], [ -73.940595, 40.826414 ] ] ] } },
{ "type": "Feature", "properties": { "GEOID": "36061000800", "gi_z": 3.04, "borough": "Manhattan", "pop": 8747.0, "incidents": 338, "lisa": "High-High" }, "geometry": { "type": "Polygon", "coordinates": [ [ [ -73.997504, 40.714069 ], [ -73.996947, 40.712072 ], [ -73.993693, 40.704476 ], [ -73.989381, 40.705137 ], [ -73.991939, 40.709528 ], [ -73.992562, 40.714388 ], [ -73.997504, 40.714069 ] ] ] } },
{ "type": "Feature", "properties": { "GEOID": "36061006800", "gi_z": 4.33, "borough": "Manhattan", "pop": 6430.0, "incidents": 421, "lisa": "High-High" }, "geometry": { "type": "Polygon", "coordinates": [ [ [ -73.984078, 40.743326 ], [ -73.987302, 40.738903 ], [ -73.984082, 40.737546 ], [ -73.982665, 40.739497 ], [ -73.980859, 40.74197 ], [ -73.984078, 40.743326 ] ] ] } },
{ "type": "Feature", "properties": { "GEOID": "36061010200", "gi_z": 4.02, "borough": "Manhattan", "pop": 267.0, "incidents": 128, "lisa": "Low-High" }, "geometry": { "type": "Polygon", "coordinates": [ [ [ -73.977655, 40.757912 ], [ -73.974439, 40.756556 ], [ -73.971243, 40.760937 ], [ -73.974457, 40.762293 ], [ -73.977655, 40.757912 ] ] ] } },
{ "type": "Feature", "properties": { "GEOID": "36061004700", "gi_z": 3.16, "borough": "Manhattan", "pop": 2187.0, "incidents": 233, "lisa": "High-High" }, "geometry": { "type": "Polygon", "coordinates": [ [ [ -74.00531, 40.721824 ], [ -74.001884, 40.719398 ], [ -73.999853, 40.721792 ], [ -74.004031, 40.725513 ], [ -74.00531, 40.721824 ] ] ] } },
{ "type": "Feature", "properties": { "GEOID": "36061001501", "gi_z": 3.46, "borough": "Manhattan", "pop": 7677.0, "incidents": 314, "lisa": "High-High" }, "geometry": { "type": "Polygon", "coordinates": [ [ [ -74.008601, 40.711392 ], [ -74.009063, 40.710887 ], [ -74.002198036341397, 40.705377048573112 ], [ -73.996371533420202, 40.703420668143302 ], [ -73.995138, 40.70298 ], [ -73.995069, 40.703102 ], [ -73.994498, 40.704318 ], [ -74.001419, 40.709815 ], [ -74.004858, 40.712453 ], [ -74.008601, 40.711392 ] ] ] } },
{ "type": "Feature", "properties": { "GEOID": "36061022000", "gi_z": 3.47, "borough": "Manhattan", "pop": 6087.0, "incidents": 268, "lisa": "High-High" }, "geometry": { "type": "Polygon", "coordinates": [ [ [ -73.952585, 40.808238 ], [ -73.954416, 40.805725 ], [ -73.948728, 40.803331 ], [ -73.948273, 40.803957 ], [ -73.9469, 40.805839 ], [ -73.952585, 40.808238 ] ] ] } },
{ "type": "Feature", "properties": { "GEOID": "36061009500", "gi_z": 6.04, "borough": "Manhattan", "pop": 3765.0, "incidents": 436, "lisa": "High-High" }, "geometry": { "type": "Polygon", "coordinates": [ [ [ -73.995299, 40.749671 ], [ -73.997099, 40.747205 ], [ -73.991419, 40.744802 ], [ -73.990518, 40.746038 ], [ -73.989617, 40.747277 ], [ -73.995299, 40.749671 ] ] ] } },
{ "type": "Feature", "properties": { "GEOID": "36061002602", "gi_z": 0.49, "borough": "Manhattan", "pop": 3528.0, "incidents": 181, "lisa": "Not significant" }, "geometry": { "type": "Polygon", "coordinates": [ [ [ -73.980333, 40.726281 ], [ -73.981637, 40.724494 ], [ -73.976893, 40.722498 ], [ -73.975598, 40.724283 ], [ -73.980333, 40.726281 ] ] ] } },
{ "type": "Feature", "properties": { "GEOID": "36061005200", "gi_z": 4.73, "borough": "Manhattan", "pop": 3543.0, "incidents": 519, "lisa": "High-High" }, "geometry": { "type": "Polygon", "coordinates": [ [ [ -73.990518, 40.740262 ], [ -73.993617, 40.736005 ], [ -73.989903, 40.734435 ], [ -73.987302, 40.738903 ], [ -73.990518, 40.740262 ] ] ] } },
{ "type": "Feature", "properties": { "GEOID": "36061026100", "gi_z": 3.64, "borough": "Manhattan", "pop": 12041.0, "incidents": 355, "lisa": "High-High" }, "geometry": { "type": "Polygon", "coordinates": [ [ [ -73.937518, 40.844137 ], [ -73.934671, 40.842958 ], [ -73.931393, 40.847428 ], [ -73.934239, 40.848626 ], [ -73.937518, 40.844137 ] ] ] } },
{ "type": "Feature", "properties": { "GEOID": "36061009400", "gi_z": 5.72, "borough": "Manhattan", "pop": 70.0, "incidents": 271, "lisa": "High-High" }, "geometry": { "type": "Polygon", "coordinates": [ [ [ -73.980888, 40.753481 ], [ -73.97837, 40.752416 ], [ -73.974439, 40.756556 ], [ -73.977655, 40.757912 ], [ -73.980888, 40.753481 ] ] ] } },
{ "type": "Feature", "properties": { "GEOID": "36085000700", "gi_z": 0.05, "borough": "Staten Island", "pop": 5482.0, "incidents": 280, "lisa": "Not significant" }, "geometry": { "type": "Polygon", "coordinates": [ [ [ -74.074315190992905, 40.644831297769613 ], [ -74.079042, 40.648171 ], [ -74.086485, 40.648601 ], [ -74.089594020949093, 40.647532274048686 ], [ -74.086524, 40.642564 ], [ -74.082372, 40.644645 ], [ -74.079206, 40.643431 ], [ -74.074315190992905, 40.644831297769613 ] ] ] } },
{ "type": "Feature", "properties": { "GEOID": "36085002700", "gi_z": 0.22, "borough": "Staten Island", "pop": 2627.0, "incidents": 110, "lisa": "Not significant" }, "geometry": { "type": "Polygon", "coordinates": [ [ [ -74.07997, 40.624483 ], [ -74.076955, 40.620161 ], [ -74.072535, 40.622464 ], [ -74.075647, 40.626664 ], [ -74.07997, 40.624483 ] ] ] } },
{ "type": "Feature", "properties": { "GEOID": "36085008100", "gi_z": -0.81, "borough": "Staten Island", "pop": 4784.0, "incidents": 96, "lisa": "Not significant" }, "geometry": { "type": "Polygon", "coordinates": [ [ [ -74.100022, 40.645415 ], [ -74.099961, 40.640181 ], [ -74.094094, 40.639267 ], [ -74.087091, 40.640334 ], [ -74.086524, 40.642564 ], [ -74.089594020949093, 40.647532274048686 ], [ -74.100022, 40.645415 ] ] ] } },
{ "type": "Feature", "properties": { "GEOID": "36085011402", "gi_z": -1.38, "borough": "Staten Island", "pop": 3192.0, "incidents": 33, "lisa": "Not significant" }, "geometry": { "type": "Polygon", "coordinates": [ [ [ -74.105259, 40.585923 ], [ -74.11221, 40.581267 ], [ -74.10369, 40.576505 ], [ -74.100391, 40.579689 ], [ -74.09844, 40.581242 ], [ -74.105259, 40.585923 ] ] ] } },
{ "type": "Feature", "properties": { "GEOID": "36085013400", "gi_z": -1.57, "borough": "Staten Island", "pop": 3868.0, "incidents": 61, "lisa": "Low-Low" }, "geometry": { "type": "Polygon", "coordinates": [ [ [ -74.12177, 40.575054 ], [ -74.121286, 40.572107 ], [ -74.124899, 40.568949 ], [ -74.116362, 40.563915 ], [ -74.113762, 40.566497 ], [ -74.109762, 40.570468 ], [ -74.119786, 40.575815 ], [ -74.12177, 40.575054 ] ] ] } },
{ "type": "Feature", "properties": { "GEOID": "36085015602", "gi_z": -1.99, "borough": "Staten Island", "pop": 3650.0, "incidents": 21, "lisa": "Low-Low" }, "geometry": { "type": "Polygon", "coordinates": [ [ [ -74.169013, 40.540098 ], [ -74.161349, 40.529374 ], [ -74.153975, 40.534268 ], [ -74.157537, 40.536294 ], [ -74.164231, 40.543301 ], [ -74.169013, 40.540098 ] ] ] } },
{ "type": "Feature", "properties": { "GEOID": "36085023100", "gi_z": -1.01, "borough": "Staten Island", "pop": 4759.0, "incidents": 112, "lisa": "Not significant" }, "geometry": { "type": "Polygon", "coordinates": [ [ [ -74.160311, 40.633788 ], [ -74.160502, 40.62653 ], [ -74.153134, 40.625597 ], [ -74.15186, 40.634179 ], [ -74.160311, 40.633788 ] ] ] } },
{ "type": "Feature", "properties": { "GEOID": "36085025100", "gi_z": -1.41, "borough": "Staten Island", "pop": 6459.0, "incidents": 97, "lisa": "Low-Low" }, "geometry": { "type": "Polygon", "coordinates": [ [ [ -74.146145, 40.62493 ], [ -74.151983, 40.61753 ], [ -74.153689, 40.612322 ], [ -74.149969, 40.60954 ], [ -74.146969, 40.610151 ], [ -74.146035, 40.617013 ], [ -74.139822, 40.6163 ], [ -74.138737, 40.620374 ], [ -74.138266, 40.624248 ], [ -74.146145, 40.62493 ] ] ] } },
{ "type": "Feature", "properties": { "GEOID": "36085017005", "gi_z": -2.22, "borough": "Staten Island", "pop": 4526.0, "incidents": 44, "lisa": "Low-Low" }, "geometry": { "type": "Polygon", "coordinates": [ [ [ -74.193274, 40.534885 ], [ -74.191744, 40.531917 ], [ -74.18083, 40.535925 ], [ -74.178867, 40.535535 ], [ -74.169013, 40.540098 ], [ -74.176498, 40.544487 ], [ -74.180721, 40.546673 ], [ -74.186785, 40.539608 ], [ -74.193274, 40.534885 ] ] ] } },
{ "type": "Feature", "properties": { "GEOID": "36085017007", "gi_z": -2.2, "borough": "Staten Island", "pop": 6346.0, "incidents": 36, "lisa": "Low-Low" }, "geometry": { "type": "Polygon", "coordinates": [ [ [ -74.181395, 40.565238 ], [ -74.192904, 40.562649 ], [ -74.197695, 40.558887 ], [ -74.191428, 40.552801 ], [ -74.187573, 40.550147 ], [ -74.181148, 40.557241 ], [ -74.181395, 40.565238 ] ] ] } },
{ "type": "Feature", "properties": { "GEOID": "36005011502", "gi_z": 3.96, "borough": "Bronx", "pop": 3935.0, "incidents": 557, "lisa": "High-High" }, "geometry": { "type": "Polygon", "coordinates": [ [ [ -73.890824, 40.820307 ], [ -73.887996, 40.816664 ], [ -73.88338, 40.817351 ], [ -73.880981, 40.818238 ], [ -73.884411, 40.82297 ], [ -73.88797, 40.82226 ], [ -73.890824, 40.820307 ] ] ] } },
{ "type": "Feature", "properties": { "GEOID": "36005004800", "gi_z": 2.43, "borough": "Bronx", "pop": 4204.0, "incidents": 527, "lisa": "Not significant" }, "geometry": { "type": "Polygon", "coordinates": [ [ [ -73.876402, 40.828977 ], [ -73.875802, 40.826402 ], [ -73.875285, 40.824208 ], [ -73.873554, 40.82441 ], [ -73.872506, 40.824591 ], [ -73.872723, 40.826819 ], [ -73.873193, 40.829905 ], [ -73.875507, 40.829234 ], [ -73.876402, 40.828977 ] ] ] } },
{ "type": "Feature", "properties": { "GEOID": "36005003300", "gi_z": 2.81, "borough": "Bronx", "pop": 3577.0, "incidents": 171, "lisa": "High-High" }, "geometry": { "type": "Polygon", "coordinates": [ [ [ -73.915178, 40.810427 ], [ -73.916184, 40.80879 ], [ -73.909127, 40.806166 ], [ -73.908443, 40.806477 ], [ -73.907839, 40.808206 ], [ -73.910693, 40.808809 ], [ -73.915178, 40.810427 ] ] ] } },
{ "type": "Feature", "properties": { "GEOID": "36005008700", "gi_z": 3.64, "borough": "Bronx", "pop": 5914.0, "incidents": 530, "lisa": "High-High" }, "geometry": { "type": "Polygon", "coordinates": [ [ [ -73.901602, 40.819695 ], [ -73.901668, 40.819534 ], [ -73.897045, 40.816802 ], [ -73.892836, 40.820974 ], [ -73.895861, 40.822631 ], [ -73.901602, 40.819695 ] ] ] } },
{ "type": "Feature", "properties": { "GEOID": "36005025000", "gi_z": -0.71, "borough": "Bronx", "pop": 2763.0, "incidents": 89, "lisa": "Not significant" }, "geometry": { "type": "Polygon", "coordinates": [ [ [ -73.860121, 40.851627 ], [ -73.858617, 40.849687 ], [ -73.85619, 40.850779 ], [ -73.851368, 40.850304 ], [ -73.854408, 40.8542 ], [ -73.860121, 40.851627 ] ] ] } },
{ "type": "Feature", "properties": { "GEOID": "36005020601", "gi_z": 1.81, "borough": "Bronx", "pop": 2852.0, "incidents": 141, "lisa": "Low-High" }, "geometry": { "type": "Polygon", "coordinates": [ [ [ -73.852914, 40.840086 ], [ -73.851684, 40.834201 ], [ -73.849559, 40.834409 ], [ -73.847316, 40.836264 ], [ -73.850678, 40.838575 ], [ -73.852914, 40.840086 ] ] ] } },
{ "type": "Feature", "properties": { "GEOID": "36005022500", "gi_z": 1.68, "borough": "Bronx", "pop": 8040.0, "incidents": 446, "lisa": "Not significant" }, "geometry": { "type": "Polygon", "coordinates": [ [ [ -73.912698, 40.84093 ], [ -73.913755, 40.838743 ], [ -73.91139, 40.837866 ], [ -73.909458, 40.837057 ], [ -73.909547, 40.843045 ], [ -73.911927, 40.843267 ], [ -73.912698, 40.84093 ] ] ] } },
{ "type": "Feature", "properties": { "GEOID": "36005003900", "gi_z": 3.34, "borough": "Bronx", "pop": 5581.0, "incidents": 849, "lisa": "High-High" }, "geometry": { "type": "Polygon", "coordinates": [ [ [ -73.924683, 40.812384 ], [ -73.927121, 40.810949 ], [ -73.922886, 40.809106 ], [ -73.917479, 40.806823 ], [ -73.916184, 40.80879 ], [ -73.924683, 40.812384 ] ] ] } },
{ "type": "Feature", "properties": { "GEOID": "36005015100", "gi_z": 3.03, "borough": "Bronx", "pop": 5216.0, "incidents": 459, "lisa": "High-High" }, "geometry": { "type": "Polygon", "coordinates": [ [ [ -73.898453, 40.834721 ], [ -73.902275, 40.829637 ], [ -73.898205, 40.827889 ], [ -73.895603, 40.828316 ], [ -73.896696, 40.830414 ], [ -73.896966, 40.834343 ], [ -73.898453, 40.834721 ] ] ] } },
{ "type": "Feature", "properties": { "GEOID": "36005006000", "gi_z": 2.94, "borough": "Bronx", "pop": 1280.0, "incidents": 157, "lisa": "Low-High" }, "geometry": { "type": "Polygon", "coordinates": [ [ [ -73.882222, 40.835463 ], [ -73.879983, 40.83468 ], [ -73.879252, 40.834424 ], [ -73.873943, 40.83598 ], [ -73.872843, 40.839758 ], [ -73.873561, 40.839794 ], [ -73.878364, 40.839997 ], [ -73.880163, 40.839998 ], [ -73.882006, 40.83746 ], [ -73.882222, 40.835463 ] ] ] } },
{ "type": "Feature", "properties": { "GEOID": "36005040302", "gi_z": 1.64, "borough": "Bronx", "pop": 4008.0, "incidents": 94, "lisa": "Low-High" }, "geometry": { "type": "Polygon", "coordinates": [ [ [ -73.894376, 40.866067 ], [ -73.893299, 40.865294 ], [ -73.889892, 40.869522 ], [ -73.890976, 40.870159 ], [ -73.892996, 40.867882 ], [ -73.894376, 40.866067 ] ] ] } },
{ "type": "Feature", "properties": { "GEOID": "36005038700", "gi_z": 4.58, "borough": "Bronx", "pop": 3610.0, "incidents": 362, "lisa": "High-High" }, "geometry": { "type": "Polygon", "coordinates": [ [ [ -73.890438, 40.861119 ], [ -73.890389, 40.854689 ], [ -73.89003, 40.854221 ], [ -73.888449, 40.856024 ], [ -73.885991, 40.858806 ], [ -73.890438, 40.861119 ] ] ] } },
{ "type": "Feature", "properties": { "GEOID": "36005025600", "gi_z": -0.1, "borough": "Bronx", "pop": 1582.0, "incidents": 105, "lisa": "Not significant" }, "geometry": { "type": "Polygon", "coordinates": [ [ [ -73.855741, 40.843143 ], [ -73.853335, 40.84247 ], [ -73.850523, 40.84279 ], [ -73.847885, 40.845989 ], [ -73.849073, 40.847062 ], [ -73.852191, 40.845656 ], [ -73.854014, 40.843639 ], [ -73.855741, 40.843143 ] ] ] } },
{ "type": "Feature", "properties": { "GEOID": "36005022404", "gi_z": 0.69, "borough": "Bronx", "pop": 4292.0, "incidents": 151, "lisa": "Not significant" }, "geometry": { "type": "Polygon", "coordinates": [ [ [ -73.867703, 40.854493 ], [ -73.867801, 40.851589 ], [ -73.866142, 40.850536 ], [ -73.864814, 40.854443 ], [ -73.867703, 40.854493 ] ] ] } },
{ "type": "Feature", "properties": { "GEOID": "36005031400", "gi_z": -0.31, "borough": "Bronx", "pop": 2232.0, "incidents": 88, "lisa": "Not significant" }, "geometry": { "type": "Polygon", "coordinates": [ [ [ -73.847185, 40.865283 ], [ -73.847397, 40.858683 ], [ -73.843295, 40.85829 ], [ -73.844366, 40.86523 ], [ -73.847185, 40.865283 ] ] ] } },
{ "type": "Feature", "properties": { "GEOID": "36005037000", "gi_z": -0.19, "borough": "Bronx", "pop": 2362.0, "incidents": 99, "lisa": "Not significant" }, "geometry": { "type": "Polygon", "coordinates": [ [ [ -73.860512, 40.875494 ], [ -73.861379, 40.871336 ], [ -73.858488, 40.871284 ], [ -73.856614, 40.87125 ], [ -73.856513, 40.874218 ], [ -73.860512, 40.875494 ] ] ] } },
{ "type": "Feature", "properties": { "GEOID": "36005034000", "gi_z": -0.33, "borough": "Bronx", "pop": 5049.0, "incidents": 145, "lisa": "Not significant" }, "geometry": { "type": "Polygon", "coordinates": [ [ [ -73.864326, 40.869656 ], [ -73.864461, 40.865489 ], [ -73.861562, 40.86555 ], [ -73.861379, 40.871336 ], [ -73.864266, 40.871389 ], [ -73.864326, 40.869656 ] ] ] } },
{ "type": "Feature", "properties": { "GEOID": "36005026602", "gi_z": 1.25, "borough": "Bronx", "pop": 5900.0, "incidents": 285, "lisa": "Not significant" }, "geometry": { "type": "Polygon", "coordinates": [ [ [ -73.836693, 40.84364 ], [ -73.836868, 40.843473 ], [ -73.826113, 40.845339 ], [ -73.827997, 40.848624 ], [ -73.830542, 40.849218 ], [ -73.836693, 40.84364 ] ] ] } },
{ "type": "Feature", "properties": { "GEOID": "36005025100", "gi_z": 3.26, "borough": "Bronx", "pop": 6983.0, "incidents": 426, "lisa": "High-High" }, "geometry": { "type": "Polygon", "coordinates": [ [ [ -73.910413, 40.855729 ], [ -73.911196, 40.854822 ], [ -73.907333, 40.853816 ], [ -73.90557, 40.855787 ], [ -73.904868, 40.858693 ], [ -73.907773, 40.859608 ], [ -73.90981, 40.857348 ], [ -73.910413, 40.855729 ] ] ] } },
{ "type": "Feature", "properties": { "GEOID": "36005016200", "gi_z": -0.45, "borough": "Bronx", "pop": 1885.0, "incidents": 60, "lisa": "Not significant" }, "geometry": { "type": "Polygon", "coordinates": [ [ [ -73.825294, 40.829689 ], [ -73.821676, 40.826202 ], [ -73.818322, 40.827835 ], [ -73.821482, 40.831573 ], [ -73.825294, 40.829689 ] ] ] } },
{ "type": "Feature", "properties": { "GEOID": "36005019900", "gi_z": 3.31, "borough": "Bronx", "pop": 6852.0, "incidents": 343, "lisa": "High-High" }, "geometry": { "type": "Polygon", "coordinates": [ [ [ -73.928139, 40.838771 ], [ -73.92926, 40.836094 ], [ -73.924394, 40.834484 ], [ -73.922372, 40.836109 ], [ -73.922216, 40.837986 ], [ -73.926191, 40.838512 ], [ -73.928139, 40.838771 ] ] ] } },
{ "type": "Feature", "properties": { "GEOID": "36005024400", "gi_z": -0.49, "borough": "Bronx", "pop": 2252.0, "incidents": 128, "lisa": "Not significant" }, "geometry": { "type": "Polygon", "coordinates": [ [ [ -73.861193, 40.848603 ], [ -73.85944, 40.846659 ], [ -73.855741, 40.843143 ], [ -73.854014, 40.843639 ], [ -73.858617, 40.849687 ], [ -73.861193, 40.848603 ] ] ] } },
{ "type": "Feature", "properties": { "GEOID": "36005023600", "gi_z": 0.81, "borough": "Bronx", "pop": 1782.0, "incidents": 121, "lisa": "Not significant" }, "geometry": { "type": "Polygon", "coordinates": [ [ [ -73.868355, 40.84708 ], [ -73.868892, 40.84441 ], [ -73.865167, 40.842466 ], [ -73.866119, 40.845223 ], [ -73.866947, 40.847502 ], [ -73.868355, 40.84708 ] ] ] } },
{ "type": "Feature", "properties": { "GEOID": "36005021301", "gi_z": 1.44, "borough": "Bronx", "pop": 1289.0, "incidents": 85, "lisa": "Not significant" }, "geometry": { "type": "Polygon", "coordinates": [ [ [ -73.921044, 40.84652 ], [ -73.922633, 40.844727 ], [ -73.917402, 40.845036 ], [ -73.917421, 40.846344 ], [ -73.921044, 40.84652 ] ] ] } },
{ "type": "Feature", "properties": { "GEOID": "36005028700", "gi_z": 1.36, "borough": "Bronx", "pop": 3543.0, "incidents": 351, "lisa": "Not significant" }, "geometry": { "type": "Polygon", "coordinates": [ [ [ -73.908012, 40.8824 ], [ -73.903937, 40.880134 ], [ -73.901587, 40.883482 ], [ -73.904721, 40.885242 ], [ -73.908012, 40.8824 ] ] ] } },
{ "type": "Feature", "properties": { "GEOID": "36005007800", "gi_z": 2.37, "borough": "Bronx", "pop": 5633.0, "incidents": 352, "lisa": "High-High" }, "geometry": { "type": "Polygon", "coordinates": [ [ [ -73.855977, 40.831831 ], [ -73.85699, 40.830385 ], [ -73.856151, 40.82677 ], [ -73.845255, 40.828463 ], [ -73.847261, 40.829313 ], [ -73.855977, 40.831831 ] ] ] } },
{ "type": "Feature", "properties": { "GEOID": "36005042400", "gi_z": 0.49, "borough": "Bronx", "pop": 2479.0, "incidents": 270, "lisa": "Not significant" }, "geometry": { "type": "Polygon", "coordinates": [ [ [ -73.851829, 40.89163 ], [ -73.853153, 40.8888 ], [ -73.847444, 40.886978 ], [ -73.847049, 40.887672 ], [ -73.850691, 40.891303 ], [ -73.851829, 40.89163 ] ] ] } },
{ "type": "Feature", "properties": { "GEOID": "36005044800", "gi_z": -0.04, "borough": "Bronx", "pop": 2374.0, "incidents": 71, "lisa": "Not significant" }, "geometry": { "type": "Polygon", "coordinates": [ [ [ -73.844165, 40.896896 ], [ -73.842788, 40.893094 ], [ -73.838407, 40.894061 ], [ -73.839649, 40.897891 ], [ -73.844165, 40.896896 ] ] ] } },
{ "type": "Feature", "properties": { "GEOID": "36005022702", "gi_z": 1.68, "borough": "Bronx", "pop": 1071.0, "incidents": 272, "lisa": "Not significant" }, "geometry": { "type": "Polygon", "coordinates": [ [ [ -73.916726, 40.84505 ], [ -73.911927, 40.843267 ], [ -73.911143, 40.845063 ], [ -73.914199, 40.845115 ], [ -73.916726, 40.84505 ] ] ] } },
{ "type": "Feature", "properties": { "GEOID": "36005002300", "gi_z": 4.21, "borough": "Bronx", "pop": 4567.0, "incidents": 107, "lisa": "Low-High" }, "geometry": { "type": "Polygon", "coordinates": [ [ [ -73.929219, 40.809564 ], [ -73.924265, 40.807175 ], [ -73.922886, 40.809106 ], [ -73.927121, 40.810949 ], [ -73.929219, 40.809564 ] ] ] } },
{ "type": "Feature", "properties": { "GEOID": "36005004600", "gi_z": 0.24, "borough": "Bronx", "pop": 1478.0, "incidents": 336, "lisa": "Not significant" }, "geometry": { "type": "Polygon", "coordinates": [ [ [ -73.871515, 40.824715 ], [ -73.870501, 40.820364 ], [ -73.867656, 40.820751 ], [ -73.865746, 40.821012 ], [ -73.869842, 40.824923 ], [ -73.871515, 40.824715 ] ] ] } },
{ "type": "Feature", "properties": { "GEOID": "36005023000", "gi_z": 0.62, "borough": "Bronx", "pop": 2889.0, "incidents": 221, "lisa": "Not significant" }, "geometry": { "type": "Polygon", "coordinates": [ [ [ -73.869209, 40.849239 ], [ -73.868355, 40.84708 ], [ -73.866947, 40.847502 ], [ -73.862509, 40.848362 ], [ -73.86304, 40.850611 ], [ -73.866142, 40.850536 ], [ -73.867801, 40.851589 ], [ -73.868609, 40.852088 ], [ -73.869209, 40.849239 ] ] ] } },
{ "type": "Feature", "properties": { "GEOID": "36047003800", "gi_z": -1.47, "borough": "Brooklyn", "pop": 1539.0, "incidents": 32, "lisa": "Low-Low" }, "geometry": { "type": "Polygon", "coordinates": [ [ [ -74.038099285856404, 40.6365251652525 ], [ -74.039287358691496, 40.633812888539516 ], [ -74.033155, 40.632735 ], [ -74.032317, 40.634791 ], [ -74.038099285856404, 40.6365251652525 ] ] ] } },
{ "type": "Feature", "properties": { "GEOID": "36047004900", "gi_z": -1.66, "borough": "Brooklyn", "pop": 2795.0, "incidents": 17, "lisa": "Low-Low" }, "geometry": { "type": "Polygon", "coordinates": [ [ [ -73.997793, 40.691188 ], [ -74.000642, 40.685247 ], [ -73.999081, 40.684816 ], [ -73.998189, 40.6867 ], [ -73.996233, 40.690758 ], [ -73.997793, 40.691188 ] ] ] } },
{ "type": "Feature", "properties": { "GEOID": "36047005601", "gi_z": -1.32, "borough": "Brooklyn", "pop": 2577.0, "incidents": 59, "lisa": "Low-Low" }, "geometry": { "type": "Polygon", "coordinates": [ [ [ -74.040302387458496, 40.6156822557829 ], [ -74.038739420390101, 40.613248783681101 ], [ -74.032637, 40.61401 ], [ -74.031515, 40.61533 ], [ -74.035682, 40.616671 ], [ -74.040302387458496, 40.6156822557829 ] ] ] } },
{ "type": "Feature", "properties": { "GEOID": "36047006600", "gi_z": -1.17, "borough": "Brooklyn", "pop": 4104.0, "incidents": 105, "lisa": "Not significant" }, "geometry": { "type": "Polygon", "coordinates": [ [ [ -74.030473, 40.632099 ], [ -74.030764, 40.631392 ], [ -74.025361, 40.630109 ], [ -74.02452, 40.632167 ], [ -74.024238, 40.632859 ], [ -74.029633, 40.634153 ], [ -74.030473, 40.632099 ] ] ] } },
{ "type": "Feature", "properties": { "GEOID": "36047015700", "gi_z": -1.26, "borough": "Brooklyn", "pop": 5071.0, "incidents": 53, "lisa": "Not significant" }, "geometry": { "type": "Polygon", "coordinates": [ [ [ -73.97796, 40.675438 ], [ -73.979917, 40.672858 ], [ -73.975196, 40.670576 ], [ -73.972955, 40.673488 ], [ -73.97796, 40.675438 ] ] ] } },
{ "type": "Feature", "properties": { "GEOID": "36047016800", "gi_z": -1.36, "borough": "Brooklyn", "pop": 1763.0, "incidents": 27, "lisa": "Not significant" }, "geometry": { "type": "Polygon", "coordinates": [ [ [ -74.015499, 40.606842 ], [ -74.018984196665798, 40.602767509017731 ], [ -74.014754744458102, 40.602160438731303 ], [ -74.01237, 40.605214 ], [ -74.014695, 40.606424 ], [ -74.015499, 40.606842 ] ] ] } },
{ "type": "Feature", "properties": { "GEOID": "36081015600", "gi_z": -0.19, "borough": "Queens", "pop": 3184.0, "incidents": 84, "lisa": "Not significant" }, "geometry": { "type": "Polygon", "coordinates": [ [ [ -73.825988, 40.689946 ], [ -73.825011, 40.687952 ], [ -73.816926, 40.69025 ], [ -73.815228, 40.690733 ], [ -73.81621, 40.692732 ], [ -73.825988, 40.689946 ] ] ] } },
{ "type": "Feature", "properties": { "GEOID": "36081016100", "gi_z": -0.69, "borough": "Queens", "pop": 2028.0, "incidents": 139, "lisa": "Not significant" }, "geometry": { "type": "Polygon", "coordinates": [ [ [ -73.915007, 40.757098 ], [ -73.917632, 40.753858 ], [ -73.913542, 40.753469 ], [ -73.912611, 40.755971 ], [ -73.915007, 40.757098 ] ] ] } },
{ "type": "Feature", "properties": { "GEOID": "36081017200", "gi_z": -1.29, "borough": "Queens", "pop": 2355.0, "incidents": 102, "lisa": "Low-Low" }, "geometry": { "type": "Polygon", "coordinates": [ [ [ -73.816943, 40.681758 ], [ -73.816074, 40.680007 ], [ -73.805891, 40.682897 ], [ -73.806748, 40.684683 ], [ -73.816943, 40.681758 ] ] ] } },
{ "type": "Feature", "properties": { "GEOID": "36081018000", "gi_z": -0.63, "borough": "Queens", "pop": 1652.0, "incidents": 95, "lisa": "Not significant" }, "geometry": { "type": "Polygon", "coordinates": [ [ [ -73.803356, 40.677644 ], [ -73.809782, 40.675108 ], [ -73.806197, 40.674784 ], [ -73.801793, 40.674394 ], [ -73.803356, 40.677644 ] ] ] } },
{ "type": "Feature", "properties": { "GEOID": "36081008700", "gi_z": -1.38, "borough": "Queens", "pop": 3480.0, "incidents": 76, "lisa": "Low-Low" }, "geometry": { "type": "Polygon", "coordinates": [ [ [ -73.935855, 40.777212 ], [ -73.937466, 40.772504 ], [ -73.934956, 40.77173 ], [ -73.934246, 40.771029 ], [ -73.932685, 40.7727 ], [ -73.931046, 40.773981 ], [ -73.935855, 40.777212 ] ] ] } },
{ "type": "Feature", "properties": { "GEOID": "36081009700", "gi_z": -0.89, "borough": "Queens", "pop": 3837.0, "incidents": 72, "lisa": "Not significant" }, "geometry": { "type": "Polygon", "coordinates": [ [ [ -73.920127, 40.779489 ], [ -73.922649, 40.777423 ], [ -73.917077, 40.773475 ], [ -73.914548, 40.775548 ], [ -73.920127, 40.779489 ] ] ] } },
{ "type": "Feature", "properties": { "GEOID": "36081010200", "gi_z": -0.08, "borough": "Queens", "pop": 2731.0, "incidents": 119, "lisa": "Not significant" }, "geometry": { "type": "Polygon", "coordinates": [ [ [ -73.82633, 40.679084 ], [ -73.825406, 40.677147 ], [ -73.824673, 40.677031 ], [ -73.819225, 40.676133 ], [ -73.821357, 40.680497 ], [ -73.823901, 40.68176 ], [ -73.82633, 40.679084 ] ] ] } },
{ "type": "Feature", "properties": { "GEOID": "36081011500", "gi_z": -1.01, "borough": "Queens", "pop": 2539.0, "incidents": 190, "lisa": "Not significant" }, "geometry": { "type": "Polygon", "coordinates": [ [ [ -73.917077, 40.773475 ], [ -73.91431, 40.771523 ], [ -73.909617, 40.775366 ], [ -73.912383, 40.77731 ], [ -73.914548, 40.775548 ], [ -73.917077, 40.773475 ] ] ] } },
{ "type": "Feature", "properties": { "GEOID": "36081011800", "gi_z": -0.85, "borough": "Queens", "pop": 2689.0, "incidents": 77, "lisa": "Not significant" }, "geometry": { "type": "Polygon", "coordinates": [ [ [ -73.834806, 40.692071 ], [ -73.837511, 40.691297 ], [ -73.836346, 40.688928 ], [ -73.832743, 40.688042 ], [ -73.830526, 40.691431 ], [ -73.8313, 40.693058 ], [ -73.834806, 40.692071 ] ] ] } },
{ "type": "Feature", "properties": { "GEOID": "36081012200", "gi_z": -0.64, "borough": "Queens", "pop": 2939.0, "incidents": 272, "lisa": "Not significant" }, "geometry": { "type": "Polygon", "coordinates": [ [ [ -73.830886, 40.700009 ], [ -73.834066, 40.698695 ], [ -73.8313, 40.693058 ], [ -73.827972, 40.693992 ], [ -73.830886, 40.700009 ] ] ] } },
{ "type": "Feature", "properties": { "GEOID": "36081013500", "gi_z": -0.6, "borough": "Queens", "pop": 1332.0, "incidents": 31, "lisa": "Not significant" }, "geometry": { "type": "Polygon", "coordinates": [ [ [ -73.90024, 40.772151 ], [ -73.902476, 40.77032 ], [ -73.899616, 40.768304 ], [ -73.89522, 40.771904 ], [ -73.90024, 40.772151 ] ] ] } },
{ "type": "Feature", "properties": { "GEOID": "36081014201", "gi_z": -0.79, "borough": "Queens", "pop": 4388.0, "incidents": 123, "lisa": "Not significant" }, "geometry": { "type": "Polygon", "coordinates": [ [ [ -73.827953, 40.70229 ], [ -73.82631, 40.698258 ], [ -73.82125, 40.699699 ], [ -73.822459, 40.703656 ], [ -73.827953, 40.70229 ] ] ] } },
{ "type": "Feature", "properties": { "GEOID": "36047020000", "gi_z": -2.22, "borough": "Brooklyn", "pop": 2337.0, "incidents": 31, "lisa": "Low-Low" }, "geometry": { "type": "Polygon", "coordinates": [ [ [ -74.007839, 40.623355 ], [ -74.012002, 40.619353 ], [ -74.0098, 40.618024 ], [ -74.005637, 40.622024 ], [ -74.007839, 40.623355 ] ] ] } },
{ "type": "Feature", "properties": { "GEOID": "36047020600", "gi_z": -2.0, "borough": "Brooklyn", "pop": 2590.0, "incidents": 51, "lisa": "Low-Low" }, "geometry": { "type": "Polygon", "coordinates": [ [ [ -74.018879, 40.624303 ], [ -74.019075, 40.623615 ], [ -74.016406, 40.622014 ], [ -74.012245, 40.626016 ], [ -74.013572, 40.627728 ], [ -74.018879, 40.624303 ] ] ] } },
{ "type": "Feature", "properties": { "GEOID": "36047021400", "gi_z": -1.05, "borough": "Brooklyn", "pop": 2580.0, "incidents": 115, "lisa": "Not significant" }, "geometry": { "type": "Polygon", "coordinates": [ [ [ -74.005564, 40.633084 ], [ -74.007023, 40.63211 ], [ -74.001931, 40.629033 ], [ -73.999561, 40.631315 ], [ -74.004107, 40.63406 ], [ -74.005564, 40.633084 ] ] ] } },
{ "type": "Feature", "properties": { "GEOID": "36047021700", "gi_z": 0.34, "borough": "Brooklyn", "pop": 4210.0, "incidents": 315, "lisa": "Not significant" }, "geometry": { "type": "Polygon", "coordinates": [ [ [ -73.960074, 40.674878 ], [ -73.961338, 40.671352 ], [ -73.957974, 40.670657 ], [ -73.956703, 40.674171 ], [ -73.960074, 40.674878 ] ] ] } },
{ "type": "Feature", "properties": { "GEOID": "36047022400", "gi_z": -1.31, "borough": "Brooklyn", "pop": 5786.0, "incidents": 51, "lisa": "Not significant" }, "geometry": { "type": "Polygon", "coordinates": [ [ [ -73.991929, 40.642205 ], [ -73.994077, 40.64077 ], [ -73.989206, 40.637824 ], [ -73.987455, 40.639505 ], [ -73.988494, 40.641956 ], [ -73.990497, 40.643164 ], [ -73.991929, 40.642205 ] ] ] } },
{ "type": "Feature", "properties": { "GEOID": "36047019300", "gi_z": -0.36, "borough": "Brooklyn", "pop": 6619.0, "incidents": 218, "lisa": "Not significant" }, "geometry": { "type": "Polygon", "coordinates": [ [ [ -73.965906, 40.693433 ], [ -73.965188, 40.689782 ], [ -73.962836, 40.688555 ], [ -73.960006, 40.688881 ], [ -73.959428, 40.690448 ], [ -73.960158, 40.694117 ], [ -73.965906, 40.693433 ] ] ] } },
{ "type": "Feature", "properties": { "GEOID": "36047019700", "gi_z": -0.52, "borough": "Brooklyn", "pop": 3619.0, "incidents": 122, "lisa": "Not significant" }, "geometry": { "type": "Polygon", "coordinates": [ [ [ -73.970131, 40.689506 ], [ -73.96949, 40.686288 ], [ -73.965525, 40.686744 ], [ -73.962547, 40.687089 ], [ -73.962836, 40.688555 ], [ -73.965188, 40.689782 ], [ -73.969103, 40.689468 ], [ -73.970131, 40.689506 ] ] ] } },
{ "type": "Feature", "properties": { "GEOID": "36047007200", "gi_z": -0.25, "borough": "Brooklyn", "pop": 1759.0, "incidents": 43, "lisa": "Not significant" }, "geometry": { "type": "Polygon", "coordinates": [ [ [ -74.021165, 40.641417 ], [ -74.021087, 40.638262 ], [ -74.018422, 40.640846 ], [ -74.020212, 40.641981 ], [ -74.021165, 40.641417 ] ] ] } },
{ "type": "Feature", "properties": { "GEOID": "36047008000", "gi_z": -0.26, "borough": "Brooklyn", "pop": 3296.0, "incidents": 156, "lisa": "Not significant" }, "geometry": { "type": "Polygon", "coordinates": [ [ [ -74.012629, 40.649235 ], [ -74.013172, 40.648652 ], [ -74.009153, 40.646227 ], [ -74.006824, 40.648465 ], [ -74.010915, 40.650938 ], [ -74.012629, 40.649235 ] ] ] } },
{ "type": "Feature", "properties": { "GEOID": "36047009600", "gi_z": -0.89, "borough": "Brooklyn", "pop": 6040.0, "incidents": 139, "lisa": "Not significant" }, "geometry": { "type": "Polygon", "coordinates": [ [ [ -74.006824, 40.648465 ], [ -74.009153, 40.646227 ], [ -74.004747, 40.643567 ], [ -74.002415, 40.645809 ], [ -74.006824, 40.648465 ] ] ] } },
{ "type": "Feature", "properties": { "GEOID": "36047011000", "gi_z": -1.36, "borough": "Brooklyn", "pop": 2535.0, "incidents": 123, "lisa": "Low-Low" }, "geometry": { "type": "Polygon", "coordinates": [ [ [ -73.993985, 40.647101 ], [ -73.996266, 40.644827 ], [ -73.991929, 40.642205 ], [ -73.990497, 40.643164 ], [ -73.989059, 40.644119 ], [ -73.993985, 40.647101 ] ] ] } },
{ "type": "Feature", "properties": { "GEOID": "36047012000", "gi_z": -1.06, "borough": "Brooklyn", "pop": 1225.0, "incidents": 81, "lisa": "Not significant" }, "geometry": { "type": "Polygon", "coordinates": [ [ [ -74.016306, 40.635896 ], [ -74.016752, 40.63544 ], [ -74.015139, 40.633217 ], [ -74.010004, 40.630113 ], [ -74.007023, 40.63211 ], [ -74.016306, 40.635896 ] ] ] } },
{ "type": "Feature", "properties": { "GEOID": "36047013000", "gi_z": -0.42, "borough": "Brooklyn", "pop": 5598.0, "incidents": 134, "lisa": "Not significant" }, "geometry": { "type": "Polygon", "coordinates": [ [ [ -74.024238, 40.632859 ], [ -74.02452, 40.632167 ], [ -74.01853, 40.632334 ], [ -74.023235, 40.635318 ], [ -74.024238, 40.632859 ] ] ] } },
{ "type": "Feature", "properties": { "GEOID": "36047013500", "gi_z": -1.02, "borough": "Brooklyn", "pop": 4294.0, "incidents": 96, "lisa": "Not significant" }, "geometry": { "type": "Polygon", "coordinates": [ [ [ -73.984702, 40.675173 ], [ -73.986709, 40.672767 ], [ -73.981927, 40.670448 ], [ -73.979917, 40.672858 ], [ -73.984702, 40.675173 ] ] ] } },
{ "type": "Feature", "properties": { "GEOID": "36047000100", "gi_z": 1.48, "borough": "Brooklyn", "pop": 4815.0, "incidents": 126, "lisa": "Not significant" }, "geometry": { "type": "Polygon", "coordinates": [ [ [ -73.997747178028717, 40.701349458208909 ], [ -73.998459260798995, 40.700310390097798 ], [ -73.9975, 40.699653 ], [ -73.994292, 40.698535 ], [ -73.99302, 40.69746 ], [ -73.991365, 40.69701 ], [ -73.990935, 40.700767 ], [ -73.995069, 40.703102 ], [ -73.995138, 40.70298 ], [ -73.997747178028717, 40.701349458208909 ] ] ] } },
{ "type": "Feature", "properties": { "GEOID": "36047075800", "gi_z": -1.71, "borough": "Brooklyn", "pop": 1400.0, "incidents": 48, "lisa": "Low-Low" }, "geometry": { "type": "Polygon", "coordinates": [ [ [ -73.955037, 40.618558 ], [ -73.954587, 40.616169 ], [ -73.950265, 40.613924 ], [ -73.949306, 40.614031 ], [ -73.950256, 40.619083 ], [ -73.952148, 40.618875 ], [ -73.955037, 40.618558 ] ] ] } },
{ "type": "Feature", "properties": { "GEOID": "36081045600", "gi_z": -1.29, "borough": "Queens", "pop": 1183.0, "incidents": 27, "lisa": "Not significant" }, "geometry": { "type": "Polygon", "coordinates": [ [ [ -73.798055, 40.717431 ], [ -73.797963, 40.717162 ], [ -73.793214, 40.712608 ], [ -73.790896, 40.718876 ], [ -73.790708, 40.719269 ], [ -73.798055, 40.717431 ] ] ] } },
{ "type": "Feature", "properties": { "GEOID": "36081002200", "gi_z": -1.6, "borough": "Queens", "pop": 2021.0, "incidents": 112, "lisa": "Low-Low" }, "geometry": { "type": "Polygon", "coordinates": [ [ [ -73.852664, 40.697572 ], [ -73.852165, 40.693661 ], [ -73.849562, 40.694422 ], [ -73.847733, 40.694775 ], [ -73.849478, 40.698196 ], [ -73.852664, 40.697572 ] ] ] } },
{ "type": "Feature", "properties": { "GEOID": "36081002400", "gi_z": -1.48, "borough": "Queens", "pop": 2080.0, "incidents": 52, "lisa": "Low-Low" }, "geometry": { "type": "Polygon", "coordinates": [ [ [ -73.84908, 40.698351 ], [ -73.849478, 40.698196 ], [ -73.847733, 40.694775 ], [ -73.845397, 40.695157 ], [ -73.845025, 40.699359 ], [ -73.84908, 40.698351 ] ] ] } },
{ "type": "Feature", "properties": { "GEOID": "36081003600", "gi_z": -0.79, "borough": "Queens", "pop": 3330.0, "incidents": 102, "lisa": "Not significant" }, "geometry": { "type": "Polygon", "coordinates": [ [ [ -73.864101, 40.682373 ], [ -73.863787, 40.681114 ], [ -73.852801, 40.684253 ], [ -73.849369, 40.685227 ], [ -73.849947, 40.6864 ], [ -73.864101, 40.682373 ] ] ] } },
{ "type": "Feature", "properties": { "GEOID": "36081033900", "gi_z": 0.37, "borough": "Queens", "pop": 3166.0, "incidents": 101, "lisa": "Not significant" }, "geometry": { "type": "Polygon", "coordinates": [ [ [ -73.881748, 40.761705 ], [ -73.880719, 40.756049 ], [ -73.879789, 40.756147 ], [ -73.87793, 40.756339 ], [ -73.878954, 40.761984 ], [ -73.881748, 40.761705 ] ] ] } },
{ "type": "Feature", "properties": { "GEOID": "36081035100", "gi_z": 0.69, "borough": "Queens", "pop": 3598.0, "incidents": 423, "lisa": "Not significant" }, "geometry": { "type": "Polygon", "coordinates": [ [ [ -73.878954, 40.761984 ], [ -73.87793, 40.756339 ], [ -73.876998, 40.756439 ], [ -73.875139, 40.756634 ], [ -73.876014, 40.761444 ], [ -73.877973, 40.761795 ], [ -73.878954, 40.761984 ] ] ] } },
{ "type": "Feature", "properties": { "GEOID": "36081018800", "gi_z": -1.69, "borough": "Queens", "pop": 1356.0, "incidents": 34, "lisa": "Low-Low" }, "geometry": { "type": "Polygon", "coordinates": [ [ [ -73.805031, 40.681146 ], [ -73.804235, 40.679416 ], [ -73.794635, 40.68211 ], [ -73.796368, 40.683612 ], [ -73.805031, 40.681146 ] ] ] } },
{ "type": "Feature", "properties": { "GEOID": "36081019200", "gi_z": -1.54, "borough": "Queens", "pop": 2214.0, "incidents": 56, "lisa": "Low-Low" }, "geometry": { "type": "Polygon", "coordinates": [ [ [ -73.805891, 40.682897 ], [ -73.805031, 40.681146 ], [ -73.796368, 40.683612 ], [ -73.798286, 40.687524 ], [ -73.799135, 40.687182 ], [ -73.798982, 40.684859 ], [ -73.805891, 40.682897 ] ] ] } },
{ "type": "Feature", "properties": { "GEOID": "36081020600", "gi_z": 0.3, "borough": "Queens", "pop": 1585.0, "incidents": 80, "lisa": "Not significant" }, "geometry": { "type": "Polygon", "coordinates": [ [ [ -73.804891, 40.695852 ], [ -73.808243, 40.696393 ], [ -73.811897, 40.693962 ], [ -73.810749, 40.691917 ], [ -73.808902, 40.692564 ], [ -73.804891, 40.695852 ] ] ] } },
{ "type": "Feature", "properties": { "GEOID": "36081023600", "gi_z": 1.74, "borough": "Queens", "pop": 3594.0, "incidents": 211, "lisa": "Not significant" }, "geometry": { "type": "Polygon", "coordinates": [ [ [ -73.808046, 40.709357 ], [ -73.806949, 40.707367 ], [ -73.805648, 40.704672 ], [ -73.801657, 40.705761 ], [ -73.803024, 40.70814 ], [ -73.805482, 40.710089 ], [ -73.808046, 40.709357 ] ] ] } },
{ "type": "Feature", "properties": { "GEOID": "36081025100", "gi_z": -0.76, "borough": "Queens", "pop": 5703.0, "incidents": 165, "lisa": "Not significant" }, "geometry": { "type": "Polygon", "coordinates": [ [ [ -73.910159, 40.748502 ], [ -73.912449, 40.74592 ], [ -73.911987, 40.742189 ], [ -73.907556, 40.741659 ], [ -73.906419, 40.745635 ], [ -73.908117, 40.746186 ], [ -73.910159, 40.748502 ] ] ] } },
{ "type": "Feature", "properties": { "GEOID": "36081026200", "gi_z": -1.35, "borough": "Queens", "pop": 1554.0, "incidents": 54, "lisa": "Not significant" }, "geometry": { "type": "Polygon", "coordinates": [ [ [ -73.796647, 40.68985 ], [ -73.795615, 40.688657 ], [ -73.789796, 40.69096 ], [ -73.788931, 40.693398 ], [ -73.796647, 40.68985 ] ] ] } },
{ "type": "Feature", "properties": { "GEOID": "36081027200", "gi_z": -1.38, "borough": "Queens", "pop": 1921.0, "incidents": 75, "lisa": "Low-Low" }, "geometry": { "type": "Polygon", "coordinates": [ [ [ -73.793908, 40.686305 ], [ -73.79266, 40.682569 ], [ -73.792093, 40.680476 ], [ -73.788408, 40.681992 ], [ -73.792107, 40.687048 ], [ -73.793908, 40.686305 ] ] ] } },
{ "type": "Feature", "properties": { "GEOID": "36081052400", "gi_z": -2.07, "borough": "Queens", "pop": 2150.0, "incidents": 52, "lisa": "Low-Low" }, "geometry": { "type": "Polygon", "coordinates": [ [ [ -73.766125, 40.702334 ], [ -73.765083, 40.701428 ], [ -73.762615, 40.698697 ], [ -73.758548, 40.699758 ], [ -73.760067, 40.703141 ], [ -73.761264, 40.703599 ], [ -73.766125, 40.702334 ] ] ] } },
{ "type": "Feature", "properties": { "GEOID": "36081053200", "gi_z": -1.92, "borough": "Queens", "pop": 2163.0, "incidents": 38, "lisa": "Low-Low" }, "geometry": { "type": "Polygon", "coordinates": [ [ [ -73.752051, 40.705228 ], [ -73.750193, 40.698912 ], [ -73.748633, 40.695445 ], [ -73.74619, 40.696119 ], [ -73.74773, 40.699553 ], [ -73.750471, 40.70564 ], [ -73.752051, 40.705228 ] ] ] } },
{ "type": "Feature", "properties": { "GEOID": "36047000900", "gi_z": 2.05, "borough": "Brooklyn", "pop": 5227.0, "incidents": 166, "lisa": "Low-High" }, "geometry": { "type": "Polygon", "coordinates": [ [ [ -73.993103, 40.692846 ], [ -73.994361, 40.690239 ], [ -73.992364, 40.68969 ], [ -73.989662, 40.690334 ], [ -73.988932, 40.692086 ], [ -73.990663, 40.694561 ], [ -73.993103, 40.692846 ] ] ] } },
{ "type": "Feature", "properties": { "GEOID": "36047001300", "gi_z": 2.82, "borough": "Brooklyn", "pop": 2518.0, "incidents": 268, "lisa": "High-High" }, "geometry": { "type": "Polygon", "coordinates": [ [ [ -73.990935, 40.700767 ], [ -73.991365, 40.69701 ], [ -73.990746, 40.695034 ], [ -73.985143, 40.694885 ], [ -73.98496, 40.698445 ], [ -73.986798, 40.700617 ], [ -73.990935, 40.700767 ] ] ] } },
{ "type": "Feature", "properties": { "GEOID": "36047002300", "gi_z": 1.22, "borough": "Brooklyn", "pop": 3385.0, "incidents": 72, "lisa": "Not significant" }, "geometry": { "type": "Polygon", "coordinates": [ [ [ -73.986798, 40.700617 ], [ -73.98496, 40.698445 ], [ -73.980515, 40.697437 ], [ -73.980544, 40.698246 ], [ -73.980729, 40.701268 ], [ -73.986798, 40.700617 ] ] ] } },
{ "type": "Feature", "properties": { "GEOID": "36047003600", "gi_z": -1.44, "borough": "Brooklyn", "pop": 3843.0, "incidents": 29, "lisa": "Not significant" }, "geometry": { "type": "Polygon", "coordinates": [ [ [ -74.032317, 40.634791 ], [ -74.033155, 40.632735 ], [ -74.030473, 40.632099 ], [ -74.029633, 40.634153 ], [ -74.028658, 40.636546 ], [ -74.031268, 40.637357 ], [ -74.032317, 40.634791 ] ] ] } },
{ "type": "Feature", "properties": { "GEOID": "36047024100", "gi_z": -0.33, "borough": "Brooklyn", "pop": 3154.0, "incidents": 208, "lisa": "Not significant" }, "geometry": { "type": "Polygon", "coordinates": [ [ [ -73.956143, 40.694579 ], [ -73.95541, 40.690908 ], [ -73.955122, 40.689444 ], [ -73.951464, 40.689864 ], [ -73.952489, 40.695004 ], [ -73.956143, 40.694579 ] ] ] } },
{ "type": "Feature", "properties": { "GEOID": "36047024400", "gi_z": -1.32, "borough": "Brooklyn", "pop": 3556.0, "incidents": 42, "lisa": "Not significant" }, "geometry": { "type": "Polygon", "coordinates": [ [ [ -73.988302, 40.624514 ], [ -73.990094, 40.622789 ], [ -73.985693, 40.620131 ], [ -73.982282, 40.619962 ], [ -73.986101, 40.623183 ], [ -73.988302, 40.624514 ] ] ] } },
{ "type": "Feature", "properties": { "GEOID": "36047024700", "gi_z": 1.47, "borough": "Brooklyn", "pop": 2547.0, "incidents": 263, "lisa": "Not significant" }, "geometry": { "type": "Polygon", "coordinates": [ [ [ -73.953371, 40.680641 ], [ -73.955309, 40.679273 ], [ -73.953005, 40.678815 ], [ -73.946911, 40.678392 ], [ -73.944141, 40.678237 ], [ -73.943973, 40.680088 ], [ -73.946274, 40.680213 ], [ -73.949557, 40.68039 ], [ -73.953371, 40.680641 ] ] ] } },
{ "type": "Feature", "properties": { "GEOID": "36047025200", "gi_z": -1.23, "borough": "Brooklyn", "pop": 4460.0, "incidents": 128, "lisa": "Not significant" }, "geometry": { "type": "Polygon", "coordinates": [ [ [ -73.994293, 40.622597 ], [ -73.996393, 40.620582 ], [ -73.993877, 40.619156 ], [ -73.988688, 40.617249 ], [ -73.988066, 40.617852 ], [ -73.987435, 40.618455 ], [ -73.994293, 40.622597 ] ] ] } },
{ "type": "Feature", "properties": { "GEOID": "36047025400", "gi_z": -1.3, "borough": "Brooklyn", "pop": 3437.0, "incidents": 104, "lisa": "Not significant" }, "geometry": { "type": "Polygon", "coordinates": [ [ [ -73.987435, 40.618455 ], [ -73.988066, 40.617852 ], [ -73.981438, 40.613838 ], [ -73.979638, 40.615565 ], [ -73.986275, 40.619567 ], [ -73.987435, 40.618455 ] ] ] } },
{ "type": "Feature", "properties": { "GEOID": "36047025902", "gi_z": -0.91, "borough": "Brooklyn", "pop": 3796.0, "incidents": 28, "lisa": "Not significant" }, "geometry": { "type": "Polygon", "coordinates": [ [ [ -73.943949, 40.698222 ], [ -73.946366, 40.695704 ], [ -73.943526, 40.696031 ], [ -73.943949, 40.698222 ] ] ] } },
{ "type": "Feature", "properties": { "GEOID": "36047026200", "gi_z": -0.91, "borough": "Brooklyn", "pop": 2645.0, "incidents": 109, "lisa": "Not significant" }, "geometry": { "type": "Polygon", "coordinates": [ [ [ -73.998295, 40.621619 ], [ -73.999488, 40.617405 ], [ -73.996002, 40.617112 ], [ -73.993877, 40.619156 ], [ -73.996393, 40.620582 ], [ -73.998295, 40.621619 ] ] ] } },
{ "type": "Feature", "properties": { "GEOID": "36047029000", "gi_z": -1.13, "borough": "Brooklyn", "pop": 3710.0, "incidents": 152, "lisa": "Not significant" }, "geometry": { "type": "Polygon", "coordinates": [ [ [ -73.993104, 40.606116 ], [ -73.997824, 40.601578 ], [ -73.995594, 40.600233 ], [ -73.990873, 40.60477 ], [ -73.993104, 40.606116 ] ] ] } },
{ "type": "Feature", "properties": { "GEOID": "36047029700", "gi_z": -0.3, "borough": "Brooklyn", "pop": 4004.0, "incidents": 122, "lisa": "Not significant" }, "geometry": { "type": "Polygon", "coordinates": [ [ [ -73.935008, 40.682764 ], [ -73.934351, 40.679564 ], [ -73.929058, 40.679277 ], [ -73.929009, 40.682703 ], [ -73.929161, 40.683437 ], [ -73.935008, 40.682764 ] ] ] } },
{ "type": "Feature", "properties": { "GEOID": "36047030900", "gi_z": 0.47, "borough": "Brooklyn", "pop": 2279.0, "incidents": 123, "lisa": "Not significant" }, "geometry": { "type": "Polygon", "coordinates": [ [ [ -73.935858, 40.677817 ], [ -73.936078, 40.675335 ], [ -73.930615, 40.674147 ], [ -73.930322, 40.677485 ], [ -73.935858, 40.677817 ] ] ] } },
{ "type": "Feature", "properties": { "GEOID": "36047032100", "gi_z": -0.14, "borough": "Brooklyn", "pop": 4995.0, "incidents": 213, "lisa": "Not significant" }, "geometry": { "type": "Polygon", "coordinates": [ [ [ -73.95327, 40.670007 ], [ -73.953849, 40.663728 ], [ -73.950974, 40.663905 ], [ -73.950502, 40.669856 ], [ -73.95327, 40.670007 ] ] ] } },
{ "type": "Feature", "properties": { "GEOID": "36081054500", "gi_z": 0.31, "borough": "Queens", "pop": 3675.0, "incidents": 94, "lisa": "Not significant" }, "geometry": { "type": "Polygon", "coordinates": [ [ [ -73.915513, 40.705626 ], [ -73.913292, 40.704313 ], [ -73.911807, 40.703435 ], [ -73.90973, 40.705471 ], [ -73.913435, 40.70766 ], [ -73.915513, 40.705626 ] ] ] } },
{ "type": "Feature", "properties": { "GEOID": "36081037100", "gi_z": -0.32, "borough": "Queens", "pop": 1526.0, "incidents": 76, "lisa": "Not significant" }, "geometry": { "type": "Polygon", "coordinates": [ [ [ -73.867492, 40.765688 ], [ -73.863496, 40.761558 ], [ -73.859756, 40.761836 ], [ -73.863123, 40.766302 ], [ -73.867492, 40.765688 ] ] ] } },
{ "type": "Feature", "properties": { "GEOID": "36081037700", "gi_z": 0.7, "borough": "Queens", "pop": 3567.0, "incidents": 150, "lisa": "Not significant" }, "geometry": { "type": "Polygon", "coordinates": [ [ [ -73.871324, 40.757036 ], [ -73.870695, 40.753564 ], [ -73.868906, 40.753942 ], [ -73.866904, 40.754363 ], [ -73.86657, 40.757536 ], [ -73.867463, 40.757442 ], [ -73.870414, 40.757132 ], [ -73.871324, 40.757036 ] ] ] } },
{ "type": "Feature", "properties": { "GEOID": "36081039400", "gi_z": -0.99, "borough": "Queens", "pop": 3289.0, "incidents": 109, "lisa": "Not significant" }, "geometry": { "type": "Polygon", "coordinates": [ [ [ -73.762385, 40.691668 ], [ -73.76073, 40.685098 ], [ -73.756106, 40.686762 ], [ -73.755082, 40.69366 ], [ -73.762385, 40.691668 ] ] ] } },
{ "type": "Feature", "properties": { "GEOID": "36081041300", "gi_z": 0.81, "borough": "Queens", "pop": 4596.0, "incidents": 220, "lisa": "Not significant" }, "geometry": { "type": "Polygon", "coordinates": [ [ [ -73.864072, 40.746074 ], [ -73.862666, 40.74341 ], [ -73.859449, 40.743036 ], [ -73.858681, 40.744031 ], [ -73.858874, 40.744395 ], [ -73.860262, 40.747069 ], [ -73.86032, 40.747196 ], [ -73.862531, 40.746534 ], [ -73.864072, 40.746074 ] ] ] } },
{ "type": "Feature", "properties": { "GEOID": "36081044000", "gi_z": 1.08, "borough": "Queens", "pop": 3824.0, "incidents": 153, "lisa": "Not significant" }, "geometry": { "type": "Polygon", "coordinates": [ [ [ -73.791156, 40.702294 ], [ -73.788387, 40.69972 ], [ -73.777842, 40.703217 ], [ -73.782566, 40.705425 ], [ -73.791156, 40.702294 ] ] ] } },
{ "type": "Feature", "properties": { "GEOID": "36081045400", "gi_z": 0.13, "borough": "Queens", "pop": 4950.0, "incidents": 149, "lisa": "Not significant" }, "geometry": { "type": "Polygon", "coordinates": [ [ [ -73.797963, 40.717162 ], [ -73.7965, 40.713554 ], [ -73.798701, 40.710663 ], [ -73.797314, 40.70927 ], [ -73.793038, 40.710711 ], [ -73.793214, 40.712608 ], [ -73.797963, 40.717162 ] ] ] } },
{ "type": "Feature", "properties": { "GEOID": "36081046000", "gi_z": 2.66, "borough": "Queens", "pop": 6027.0, "incidents": 586, "lisa": "Not significant" }, "geometry": { "type": "Polygon", "coordinates": [ [ [ -73.797314, 40.70927 ], [ -73.796317, 40.707723 ], [ -73.794895, 40.705461 ], [ -73.78975, 40.707171 ], [ -73.792029, 40.711069 ], [ -73.793038, 40.710711 ], [ -73.797314, 40.70927 ] ] ] } },
{ "type": "Feature", "properties": { "GEOID": "36081046500", "gi_z": 2.49, "borough": "Queens", "pop": 4147.0, "incidents": 387, "lisa": "High-High" }, "geometry": { "type": "Polygon", "coordinates": [ [ [ -73.872373, 40.748852 ], [ -73.871946, 40.746908 ], [ -73.868086, 40.745601 ], [ -73.869425, 40.749157 ], [ -73.872373, 40.748852 ] ] ] } },
{ "type": "Feature", "properties": { "GEOID": "36081047500", "gi_z": 0.09, "borough": "Queens", "pop": 5006.0, "incidents": 106, "lisa": "Not significant" }, "geometry": { "type": "Polygon", "coordinates": [ [ [ -73.880354, 40.737135 ], [ -73.877506, 40.731607 ], [ -73.875237, 40.730724 ], [ -73.869037, 40.732849 ], [ -73.87477, 40.734628 ], [ -73.880354, 40.737135 ] ] ] } },
{ "type": "Feature", "properties": { "GEOID": "36081050201", "gi_z": -1.4, "borough": "Queens", "pop": 1358.0, "incidents": 42, "lisa": "Not significant" }, "geometry": { "type": "Polygon", "coordinates": [ [ [ -73.76826, 40.709526 ], [ -73.767344, 40.706636 ], [ -73.762301, 40.70795 ], [ -73.761406, 40.708163 ], [ -73.762549, 40.710916 ], [ -73.76826, 40.709526 ] ] ] } },
{ "type": "Feature", "properties": { "GEOID": "36081050500", "gi_z": -1.31, "borough": "Queens", "pop": 1749.0, "incidents": 24, "lisa": "Not significant" }, "geometry": { "type": "Polygon", "coordinates": [ [ [ -73.877965, 40.72977 ], [ -73.874708, 40.72709 ], [ -73.871429, 40.729248 ], [ -73.875237, 40.730724 ], [ -73.877965, 40.72977 ] ] ] } },
{ "type": "Feature", "properties": { "GEOID": "36081059200", "gi_z": -1.82, "borough": "Queens", "pop": 1240.0, "incidents": 19, "lisa": "Low-Low" }, "geometry": { "type": "Polygon", "coordinates": [ [ [ -73.734304, 40.702478 ], [ -73.733419, 40.700992 ], [ -73.727613, 40.699359 ], [ -73.727516, 40.697196 ], [ -73.726503, 40.696886 ], [ -73.726762, 40.702768 ], [ -73.734265, 40.70322 ], [ -73.734304, 40.702478 ] ] ] } },
{ "type": "Feature", "properties": { "GEOID": "36081060300", "gi_z": -0.84, "borough": "Queens", "pop": 1924.0, "incidents": 51, "lisa": "Not significant" }, "geometry": { "type": "Polygon", "coordinates": [ [ [ -73.897502, 40.716384 ], [ -73.904772, 40.712866 ], [ -73.900596, 40.712697 ], [ -73.895025, 40.712478 ], [ -73.897502, 40.716384 ] ] ] } },
{ "type": "Feature", "properties": { "GEOID": "36081061400", "gi_z": -1.79, "borough": "Queens", "pop": 1357.0, "incidents": 29, "lisa": "Low-Low" }, "geometry": { "type": "Polygon", "coordinates": [ [ [ -73.732239, 40.688937 ], [ -73.73396, 40.685639 ], [ -73.727183, 40.683597 ], [ -73.725861, 40.683223 ], [ -73.725996, 40.686932 ], [ -73.732239, 40.688937 ] ] ] } },
{ "type": "Feature", "properties": { "GEOID": "36047036200", "gi_z": -0.87, "borough": "Brooklyn", "pop": 3090.0, "incidents": 262, "lisa": "Not significant" }, "geometry": { "type": "Polygon", "coordinates": [ [ [ -73.968074, 40.578313 ], [ -73.968535, 40.576291 ], [ -73.963279, 40.577212 ], [ -73.959633, 40.577993 ], [ -73.959663, 40.578366 ], [ -73.959801, 40.58008 ], [ -73.968074, 40.578313 ] ] ] } },
{ "type": "Feature", "properties": { "GEOID": "36047036700", "gi_z": 2.43, "borough": "Brooklyn", "pop": 2091.0, "incidents": 413, "lisa": "High-High" }, "geometry": { "type": "Polygon", "coordinates": [ [ [ -73.905493, 40.680037 ], [ -73.908088, 40.67619 ], [ -73.902535, 40.675884 ], [ -73.89999, 40.6769 ], [ -73.904046, 40.67922 ], [ -73.905493, 40.680037 ] ] ] } },
{ "type": "Feature", "properties": { "GEOID": "36047037700", "gi_z": 0.16, "borough": "Brooklyn", "pop": 5090.0, "incidents": 183, "lisa": "Not significant" }, "geometry": { "type": "Polygon", "coordinates": [ [ [ -73.923252, 40.685612 ], [ -73.922814, 40.683415 ], [ -73.922545, 40.681936 ], [ -73.917122, 40.682568 ], [ -73.91785, 40.686233 ], [ -73.923252, 40.685612 ] ] ] } },
{ "type": "Feature", "properties": { "GEOID": "36047038500", "gi_z": 0.09, "borough": "Brooklyn", "pop": 3823.0, "incidents": 154, "lisa": "Not significant" }, "geometry": { "type": "Polygon", "coordinates": [ [ [ -73.93018, 40.688565 ], [ -73.92975, 40.686366 ], [ -73.929591, 40.685635 ], [ -73.923396, 40.686345 ], [ -73.923979, 40.689275 ], [ -73.93018, 40.688565 ] ] ] } },
{ "type": "Feature", "properties": { "GEOID": "36047039200", "gi_z": -1.21, "borough": "Brooklyn", "pop": 3091.0, "incidents": 55, "lisa": "Not significant" }, "geometry": { "type": "Polygon", "coordinates": [ [ [ -73.961185, 40.598312 ], [ -73.965076, 40.595716 ], [ -73.960845, 40.593743 ], [ -73.961028, 40.596161 ], [ -73.961185, 40.598312 ] ] ] } },
{ "type": "Feature", "properties": { "GEOID": "36047039500", "gi_z": 0.49, "borough": "Brooklyn", "pop": 4083.0, "incidents": 141, "lisa": "Not significant" }, "geometry": { "type": "Polygon", "coordinates": [ [ [ -73.927811, 40.692774 ], [ -73.927507, 40.692604 ], [ -73.924392, 40.690831 ], [ -73.923644, 40.690399 ], [ -73.92223, 40.691823 ], [ -73.921154, 40.692796 ], [ -73.924249, 40.694429 ], [ -73.926499, 40.695712 ], [ -73.927811, 40.692774 ] ] ] } },
{ "type": "Feature", "properties": { "GEOID": "36047033100", "gi_z": -0.53, "borough": "Brooklyn", "pop": 3822.0, "incidents": 143, "lisa": "Not significant" }, "geometry": { "type": "Polygon", "coordinates": [ [ [ -73.948151, 40.665248 ], [ -73.948166, 40.664082 ], [ -73.942829, 40.662847 ], [ -73.940029, 40.663021 ], [ -73.937264, 40.663192 ], [ -73.937074, 40.664644 ], [ -73.948151, 40.665248 ] ] ] } },
{ "type": "Feature", "properties": { "GEOID": "36047034100", "gi_z": 0.02, "borough": "Brooklyn", "pop": 2564.0, "incidents": 129, "lisa": "Not significant" }, "geometry": { "type": "Polygon", "coordinates": [ [ [ -73.94723, 40.675053 ], [ -73.94748, 40.67238 ], [ -73.941945, 40.672078 ], [ -73.941694, 40.674748 ], [ -73.94723, 40.675053 ] ] ] } },
{ "type": "Feature", "properties": { "GEOID": "36047035500", "gi_z": -0.65, "borough": "Brooklyn", "pop": 5046.0, "incidents": 197, "lisa": "Not significant" }, "geometry": { "type": "Polygon", "coordinates": [ [ [ -73.937074, 40.664644 ], [ -73.937264, 40.663192 ], [ -73.934553, 40.663362 ], [ -73.931607, 40.663557 ], [ -73.930685, 40.66362 ], [ -73.928544, 40.664574 ], [ -73.928683, 40.665086 ], [ -73.931455, 40.665234 ], [ -73.934224, 40.665378 ], [ -73.936984, 40.665536 ], [ -73.937074, 40.664644 ] ] ] } },
{ "type": "Feature", "properties": { "GEOID": "36047040300", "gi_z": 0.51, "borough": "Brooklyn", "pop": 3982.0, "incidents": 143, "lisa": "Not significant" }, "geometry": { "type": "Polygon", "coordinates": [ [ [ -73.912273, 40.683935 ], [ -73.911512, 40.683505 ], [ -73.908517, 40.681804 ], [ -73.905433, 40.68366 ], [ -73.905343, 40.68682 ], [ -73.909439, 40.686845 ], [ -73.912273, 40.683935 ] ] ] } },
{ "type": "Feature", "properties": { "GEOID": "36047040900", "gi_z": -0.65, "borough": "Brooklyn", "pop": 3891.0, "incidents": 114, "lisa": "Not significant" }, "geometry": { "type": "Polygon", "coordinates": [ [ [ -73.908042, 40.690647 ], [ -73.907292, 40.690219 ], [ -73.904142, 40.688568 ], [ -73.901805, 40.690766 ], [ -73.901241, 40.691438 ], [ -73.905043, 40.693704 ], [ -73.908042, 40.690647 ] ] ] } },
{ "type": "Feature", "properties": { "GEOID": "36047041402", "gi_z": -1.88, "borough": "Brooklyn", "pop": 2062.0, "incidents": 40, "lisa": "Low-Low" }, "geometry": { "type": "Polygon", "coordinates": [ [ [ -73.970021, 40.604444 ], [ -73.96913, 40.599733 ], [ -73.968201, 40.599835 ], [ -73.965904, 40.60009 ], [ -73.966357, 40.60248 ], [ -73.966959, 40.605662 ], [ -73.970021, 40.604444 ] ] ] } },
{ "type": "Feature", "properties": { "GEOID": "36047042200", "gi_z": -1.86, "borough": "Brooklyn", "pop": 3163.0, "incidents": 59, "lisa": "Low-Low" }, "geometry": { "type": "Polygon", "coordinates": [ [ [ -73.972994, 40.608814 ], [ -73.97259, 40.606671 ], [ -73.972178, 40.604195 ], [ -73.970021, 40.604444 ], [ -73.966959, 40.605662 ], [ -73.967261, 40.607259 ], [ -73.967668, 40.609404 ], [ -73.972994, 40.608814 ] ] ] } },
{ "type": "Feature", "properties": { "GEOID": "36047044800", "gi_z": -1.9, "borough": "Brooklyn", "pop": 1914.0, "incidents": 65, "lisa": "Low-Low" }, "geometry": { "type": "Polygon", "coordinates": [ [ [ -73.977379, 40.617883 ], [ -73.97785, 40.617287 ], [ -73.973358, 40.616541 ], [ -73.969112, 40.61701 ], [ -73.969784, 40.620559 ], [ -73.975296, 40.620913 ], [ -73.975378, 40.620793 ], [ -73.977379, 40.617883 ] ] ] } },
{ "type": "Feature", "properties": { "GEOID": "36047047600", "gi_z": -1.69, "borough": "Brooklyn", "pop": 3865.0, "incidents": 47, "lisa": "Low-Low" }, "geometry": { "type": "Polygon", "coordinates": [ [ [ -73.983763, 40.632717 ], [ -73.984928, 40.631597 ], [ -73.978067, 40.627455 ], [ -73.976578, 40.627574 ], [ -73.977165, 40.630747 ], [ -73.982598, 40.633837 ], [ -73.983763, 40.632717 ] ] ] } },
{ "type": "Feature", "properties": { "GEOID": "36081062000", "gi_z": -1.61, "borough": "Queens", "pop": 1545.0, "incidents": 26, "lisa": "Low-Low" }, "geometry": { "type": "Polygon", "coordinates": [ [ [ -73.739737, 40.683531 ], [ -73.741991, 40.680751 ], [ -73.738546, 40.679627 ], [ -73.734992, 40.678506 ], [ -73.735822, 40.682255 ], [ -73.739737, 40.683531 ] ] ] } },
{ "type": "Feature", "properties": { "GEOID": "36081062600", "gi_z": -0.8, "borough": "Queens", "pop": 3298.0, "incidents": 107, "lisa": "Not significant" }, "geometry": { "type": "Polygon", "coordinates": [ [ [ -73.753238, 40.680117 ], [ -73.745608, 40.677886 ], [ -73.743268, 40.68392 ], [ -73.750017, 40.685891 ], [ -73.75097, 40.684202 ], [ -73.753238, 40.680117 ] ] ] } },
{ "type": "Feature", "properties": { "GEOID": "36081063200", "gi_z": -1.78, "borough": "Queens", "pop": 2499.0, "incidents": 45, "lisa": "Low-Low" }, "geometry": { "type": "Polygon", "coordinates": [ [ [ -73.741991, 40.680751 ], [ -73.744884, 40.675756 ], [ -73.736249, 40.672631 ], [ -73.735059, 40.67399 ], [ -73.740458, 40.676117 ], [ -73.738546, 40.679627 ], [ -73.741991, 40.680751 ] ] ] } },
{ "type": "Feature", "properties": { "GEOID": "36081063500", "gi_z": -1.11, "borough": "Queens", "pop": 2655.0, "incidents": 83, "lisa": "Not significant" }, "geometry": { "type": "Polygon", "coordinates": [ [ [ -73.869015, 40.70677 ], [ -73.869819, 40.702838 ], [ -73.869156, 40.702893 ], [ -73.863794, 40.703334 ], [ -73.864269, 40.706686 ], [ -73.869015, 40.70677 ] ] ] } },
{ "type": "Feature", "properties": { "GEOID": "36081063900", "gi_z": -0.95, "borough": "Queens", "pop": 3113.0, "incidents": 86, "lisa": "Not significant" }, "geometry": { "type": "Polygon", "coordinates": [ [ [ -73.85594, 40.706395 ], [ -73.863254, 40.703392 ], [ -73.852151, 40.702251 ], [ -73.854746, 40.706767 ], [ -73.85594, 40.706395 ] ] ] } },
{ "type": "Feature", "properties": { "GEOID": "36081065000", "gi_z": -1.28, "borough": "Queens", "pop": 2862.0, "incidents": 60, "lisa": "Not significant" }, "geometry": { "type": "Polygon", "coordinates": [ [ [ -73.750772, 40.669796 ], [ -73.750862, 40.669651 ], [ -73.745366, 40.666404 ], [ -73.741178, 40.666403 ], [ -73.738501, 40.669285 ], [ -73.74876, 40.673026 ], [ -73.750772, 40.669796 ] ] ] } },
{ "type": "Feature", "properties": { "GEOID": "36081066000", "gi_z": -0.85, "borough": "Queens", "pop": 3564.0, "incidents": 64, "lisa": "Not significant" }, "geometry": { "type": "Polygon", "coordinates": [ [ [ -73.738142, 40.658154 ], [ -73.736679, 40.65587 ], [ -73.729604, 40.65569 ], [ -73.728387, 40.657411 ], [ -73.732996, 40.662657 ], [ -73.736266, 40.660626 ], [ -73.738142, 40.658154 ] ] ] } },
{ "type": "Feature", "properties": { "GEOID": "36081054900", "gi_z": 0.99, "borough": "Queens", "pop": 5287.0, "incidents": 312, "lisa": "Not significant" }, "geometry": { "type": "Polygon", "coordinates": [ [ [ -73.910679, 40.701046 ], [ -73.911036, 40.699532 ], [ -73.908299, 40.699882 ], [ -73.904124, 40.703974 ], [ -73.906352, 40.705285 ], [ -73.910679, 40.701046 ] ] ] } },
{ "type": "Feature", "properties": { "GEOID": "36081055400", "gi_z": -1.33, "borough": "Queens", "pop": 2599.0, "incidents": 25, "lisa": "Not significant" }, "geometry": { "type": "Polygon", "coordinates": [ [ [ -73.742421, 40.729919 ], [ -73.744588, 40.728586 ], [ -73.741047, 40.725257 ], [ -73.735455, 40.728346 ], [ -73.737155, 40.728732 ], [ -73.742421, 40.729919 ] ] ] } },
{ "type": "Feature", "properties": { "GEOID": "36081091900", "gi_z": -0.6, "borough": "Queens", "pop": 5235.0, "incidents": 95, "lisa": "Not significant" }, "geometry": { "type": "Polygon", "coordinates": [ [ [ -73.848754, 40.780146 ], [ -73.853252, 40.778259 ], [ -73.860505, 40.778984 ], [ -73.852897, 40.775457 ], [ -73.852642, 40.77208 ], [ -73.844602, 40.773057 ], [ -73.843387, 40.778609 ], [ -73.839604, 40.781693 ], [ -73.841409, 40.781691 ], [ -73.848754, 40.780146 ] ] ] } },
{ "type": "Feature", "properties": { "GEOID": "36081093800", "gi_z": -0.84, "borough": "Queens", "pop": 5001.0, "incidents": 171, "lisa": "Not significant" }, "geometry": { "type": "Polygon", "coordinates": [ [ [ -73.840704, 40.586087 ], [ -73.838752, 40.582629 ], [ -73.835635652952504, 40.577025538302877 ], [ -73.821144102097193, 40.580894658426601 ], [ -73.825249, 40.586901 ], [ -73.82733, 40.587801 ], [ -73.840704, 40.586087 ] ] ] } },
{ "type": "Feature", "properties": { "GEOID": "36081069300", "gi_z": -1.24, "borough": "Queens", "pop": 2902.0, "incidents": 134, "lisa": "Low-Low" }, "geometry": { "type": "Polygon", "coordinates": [ [ [ -73.864479, 40.731089 ], [ -73.8663, 40.728186 ], [ -73.8641, 40.727382 ], [ -73.860115, 40.729522 ], [ -73.864479, 40.731089 ] ] ] } },
{ "type": "Feature", "properties": { "GEOID": "36081070700", "gi_z": -1.94, "borough": "Queens", "pop": 2504.0, "incidents": 31, "lisa": "Low-Low" }, "geometry": { "type": "Polygon", "coordinates": [ [ [ -73.857772, 40.716456 ], [ -73.857298, 40.711465 ], [ -73.855745, 40.71123 ], [ -73.853033, 40.715519 ], [ -73.852227, 40.716807 ], [ -73.857772, 40.716456 ] ] ] } },
{ "type": "Feature", "properties": { "GEOID": "36081072900", "gi_z": -1.85, "borough": "Queens", "pop": 1406.0, "incidents": 33, "lisa": "Low-Low" }, "geometry": { "type": "Polygon", "coordinates": [ [ [ -73.853033, 40.715519 ], [ -73.855745, 40.71123 ], [ -73.850916, 40.710471 ], [ -73.84912, 40.7133 ], [ -73.853033, 40.715519 ] ] ] } },
{ "type": "Feature", "properties": { "GEOID": "36081101002", "gi_z": -0.29, "borough": "Queens", "pop": 6112.0, "incidents": 65, "lisa": "Not significant" }, "geometry": { "type": "Polygon", "coordinates": [ [ [ -73.74574, 40.603403 ], [ -73.745405, 40.601955 ], [ -73.74338, 40.592847 ], [ -73.737185, 40.592965 ], [ -73.738463, 40.595866 ], [ -73.738358, 40.60266 ], [ -73.740571, 40.60488 ], [ -73.74574, 40.603403 ] ] ] } },
{ "type": "Feature", "properties": { "GEOID": "36047049600", "gi_z": -1.59, "borough": "Brooklyn", "pop": 4225.0, "incidents": 159, "lisa": "Low-Low" }, "geometry": { "type": "Polygon", "coordinates": [ [ [ -73.977774, 40.645342 ], [ -73.985897, 40.643068 ], [ -73.982994, 40.641325 ], [ -73.98042, 40.642385 ], [ -73.978327, 40.643268 ], [ -73.976577, 40.644004 ], [ -73.974657, 40.644806 ], [ -73.974827, 40.645664 ], [ -73.977774, 40.645342 ] ] ] } },
{ "type": "Feature", "properties": { "GEOID": "36047042700", "gi_z": 1.17, "borough": "Brooklyn", "pop": 4098.0, "incidents": 203, "lisa": "Not significant" }, "geometry": { "type": "Polygon", "coordinates": [ [ [ -73.931155, 40.703773 ], [ -73.927588, 40.701762 ], [ -73.926838, 40.701334 ], [ -73.923834, 40.704398 ], [ -73.926089, 40.70568 ], [ -73.931155, 40.703773 ] ] ] } },
{ "type": "Feature", "properties": { "GEOID": "36047043400", "gi_z": -0.96, "borough": "Brooklyn", "pop": 4095.0, "incidents": 70, "lisa": "Not significant" }, "geometry": { "type": "Polygon", "coordinates": [ [ [ -73.979474, 40.612666 ], [ -73.978699, 40.608188 ], [ -73.974031, 40.608702 ], [ -73.974391, 40.61058 ], [ -73.979474, 40.612666 ] ] ] } },
{ "type": "Feature", "properties": { "GEOID": "36047043700", "gi_z": 0.45, "borough": "Brooklyn", "pop": 5034.0, "incidents": 164, "lisa": "Not significant" }, "geometry": { "type": "Polygon", "coordinates": [ [ [ -73.911805, 40.692785 ], [ -73.911053, 40.692358 ], [ -73.908042, 40.690647 ], [ -73.905043, 40.693704 ], [ -73.9058, 40.694128 ], [ -73.908799, 40.695845 ], [ -73.911805, 40.692785 ] ] ] } },
{ "type": "Feature", "properties": { "GEOID": "36047050700", "gi_z": -0.2, "borough": "Brooklyn", "pop": 4369.0, "incidents": 211, "lisa": "Not significant" }, "geometry": { "type": "Polygon", "coordinates": [ [ [ -73.951288, 40.700922 ], [ -73.950091, 40.699791 ], [ -73.944388, 40.700425 ], [ -73.941931, 40.700725 ], [ -73.947052, 40.703664 ], [ -73.951288, 40.700922 ] ] ] } },
{ "type": "Feature", "properties": { "GEOID": "36047051500", "gi_z": -0.14, "borough": "Brooklyn", "pop": 2891.0, "incidents": 149, "lisa": "Not significant" }, "geometry": { "type": "Polygon", "coordinates": [ [ [ -73.950646, 40.721705 ], [ -73.953469, 40.719798 ], [ -73.951842, 40.715442 ], [ -73.947213, 40.718561 ], [ -73.949078, 40.72254 ], [ -73.950646, 40.721705 ] ] ] } },
{ "type": "Feature", "properties": { "GEOID": "36047052500", "gi_z": 0.34, "borough": "Brooklyn", "pop": 3321.0, "incidents": 192, "lisa": "Not significant" }, "geometry": { "type": "Polygon", "coordinates": [ [ [ -73.962414, 40.709352 ], [ -73.962743, 40.707685 ], [ -73.958456, 40.707252 ], [ -73.957904, 40.708427 ], [ -73.956624, 40.710384 ], [ -73.962035, 40.710362 ], [ -73.962414, 40.709352 ] ] ] } },
{ "type": "Feature", "properties": { "GEOID": "36047055300", "gi_z": 1.34, "borough": "Brooklyn", "pop": 3605.0, "incidents": 384, "lisa": "Not significant" }, "geometry": { "type": "Polygon", "coordinates": [ [ [ -73.959009, 40.718636 ], [ -73.962777, 40.715106 ], [ -73.959797, 40.713887 ], [ -73.955844, 40.717589 ], [ -73.958416, 40.719189 ], [ -73.959009, 40.718636 ] ] ] } },
{ "type": "Feature", "properties": { "GEOID": "36047056200", "gi_z": -1.88, "borough": "Brooklyn", "pop": 1779.0, "incidents": 17, "lisa": "Low-Low" }, "geometry": { "type": "Polygon", "coordinates": [ [ [ -73.949837, 40.606667 ], [ -73.94895, 40.601954 ], [ -73.946096, 40.60227 ], [ -73.94562, 40.604759 ], [ -73.946059, 40.607082 ], [ -73.949837, 40.606667 ] ] ] } },
{ "type": "Feature", "properties": { "GEOID": "36047056800", "gi_z": -1.89, "borough": "Brooklyn", "pop": 1319.0, "incidents": 25, "lisa": "Low-Low" }, "geometry": { "type": "Polygon", "coordinates": [ [ [ -73.939916, 40.605386 ], [ -73.939042, 40.600742 ], [ -73.934471, 40.601231 ], [ -73.935032, 40.601734 ], [ -73.93921, 40.605479 ], [ -73.939916, 40.605386 ] ] ] } },
{ "type": "Feature", "properties": { "GEOID": "36047057300", "gi_z": -0.46, "borough": "Brooklyn", "pop": 2720.0, "incidents": 71, "lisa": "Not significant" }, "geometry": { "type": "Polygon", "coordinates": [ [ [ -73.952412, 40.728418 ], [ -73.950875, 40.725721 ], [ -73.945879, 40.727354 ], [ -73.946046, 40.729257 ], [ -73.949911, 40.729244 ], [ -73.950731, 40.728972 ], [ -73.952412, 40.728418 ] ] ] } },
{ "type": "Feature", "properties": { "GEOID": "36047054200", "gi_z": -1.41, "borough": "Brooklyn", "pop": 4061.0, "incidents": 56, "lisa": "Not significant" }, "geometry": { "type": "Polygon", "coordinates": [ [ [ -73.963361, 40.615204 ], [ -73.96286, 40.61255 ], [ -73.96238, 40.609986 ], [ -73.958593, 40.610403 ], [ -73.959583, 40.61562 ], [ -73.963361, 40.615204 ] ] ] } },
{ "type": "Feature", "properties": { "GEOID": "36047119000", "gi_z": 0.8, "borough": "Brooklyn", "pop": 1785.0, "incidents": 165, "lisa": "Not significant" }, "geometry": { "type": "Polygon", "coordinates": [ [ [ -73.877339, 40.680055 ], [ -73.876565, 40.68018 ], [ -73.870387, 40.676939 ], [ -73.869776, 40.677027 ], [ -73.868547, 40.677206 ], [ -73.869342, 40.680191 ], [ -73.8712, 40.680222 ], [ -73.873604, 40.681121 ], [ -73.877339, 40.680055 ] ] ] } },
{ "type": "Feature", "properties": { "GEOID": "36047063800", "gi_z": -2.09, "borough": "Brooklyn", "pop": 1882.0, "incidents": 34, "lisa": "Low-Low" }, "geometry": { "type": "Polygon", "coordinates": [ [ [ -73.942312, 40.608269 ], [ -73.93921, 40.605479 ], [ -73.935032, 40.601734 ], [ -73.934263, 40.60223 ], [ -73.939726, 40.607133 ], [ -73.937537, 40.608557 ], [ -73.939347, 40.610187 ], [ -73.942312, 40.608269 ] ] ] } },
{ "type": "Feature", "properties": { "GEOID": "36047065000", "gi_z": -2.15, "borough": "Brooklyn", "pop": 1286.0, "incidents": 45, "lisa": "Low-Low" }, "geometry": { "type": "Polygon", "coordinates": [ [ [ -73.936336, 40.620611 ], [ -73.936867, 40.620253 ], [ -73.933205, 40.61697 ], [ -73.931731, 40.617927 ], [ -73.932195, 40.623269 ], [ -73.9331, 40.622694 ], [ -73.93538, 40.621216 ], [ -73.936336, 40.620611 ] ] ] } },
{ "type": "Feature", "properties": { "GEOID": "36047065800", "gi_z": -1.88, "borough": "Brooklyn", "pop": 1756.0, "incidents": 42, "lisa": "Low-Low" }, "geometry": { "type": "Polygon", "coordinates": [ [ [ -73.93316, 40.611381 ], [ -73.934622, 40.610442 ], [ -73.933513, 40.608343 ], [ -73.927691, 40.60648 ], [ -73.931345, 40.609747 ], [ -73.93316, 40.611381 ] ] ] } },
{ "type": "Feature", "properties": { "GEOID": "36081078800", "gi_z": 0.03, "borough": "Queens", "pop": 2183.0, "incidents": 87, "lisa": "Not significant" }, "geometry": { "type": "Polygon", "coordinates": [ [ [ -73.791652, 40.67349 ], [ -73.792438, 40.670328 ], [ -73.792174, 40.66704 ], [ -73.78941, 40.666841 ], [ -73.788085, 40.67301 ], [ -73.791652, 40.67349 ] ] ] } },
{ "type": "Feature", "properties": { "GEOID": "36081081400", "gi_z": -0.41, "borough": "Queens", "pop": 3997.0, "incidents": 182, "lisa": "Not significant" }, "geometry": { "type": "Polygon", "coordinates": [ [ [ -73.806197, 40.674784 ], [ -73.807143, 40.667669 ], [ -73.805452, 40.666896 ], [ -73.80166, 40.666756 ], [ -73.801255, 40.67126 ], [ -73.801793, 40.674394 ], [ -73.806197, 40.674784 ] ] ] } },
{ "type": "Feature", "properties": { "GEOID": "36081084500", "gi_z": -1.01, "borough": "Queens", "pop": 4460.0, "incidents": 113, "lisa": "Not significant" }, "geometry": { "type": "Polygon", "coordinates": [ [ [ -73.824233, 40.751855 ], [ -73.821319, 40.748758 ], [ -73.815373, 40.747218 ], [ -73.816543, 40.74826 ], [ -73.820849, 40.752242 ], [ -73.821925, 40.753167 ], [ -73.824233, 40.751855 ] ] ] } },
{ "type": "Feature", "properties": { "GEOID": "36081085900", "gi_z": -1.24, "borough": "Queens", "pop": 5586.0, "incidents": 99, "lisa": "Not significant" }, "geometry": { "type": "Polygon", "coordinates": [ [ [ -73.823979, 40.754868 ], [ -73.821925, 40.753167 ], [ -73.820849, 40.752242 ], [ -73.818408, 40.75383 ], [ -73.819233, 40.757947 ], [ -73.823979, 40.754868 ] ] ] } },
{ "type": "Feature", "properties": { "GEOID": "36081133900", "gi_z": -1.07, "borough": "Queens", "pop": 1429.0, "incidents": 38, "lisa": "Not significant" }, "geometry": { "type": "Polygon", "coordinates": [ [ [ -73.793525, 40.730054 ], [ -73.791745, 40.725776 ], [ -73.78655, 40.727445 ], [ -73.788209, 40.731363 ], [ -73.793525, 40.730054 ] ] ] } },
{ "type": "Feature", "properties": { "GEOID": "36081140300", "gi_z": -1.65, "borough": "Queens", "pop": 2214.0, "incidents": 47, "lisa": "Low-Low" }, "geometry": { "type": "Polygon", "coordinates": [ [ [ -73.77417, 40.749878 ], [ -73.771638, 40.744197 ], [ -73.767756, 40.74583 ], [ -73.765034, 40.746567 ], [ -73.76738, 40.751744 ], [ -73.77417, 40.749878 ] ] ] } },
{ "type": "Feature", "properties": { "GEOID": "36081094500", "gi_z": -0.69, "borough": "Queens", "pop": 3958.0, "incidents": 152, "lisa": "Not significant" }, "geometry": { "type": "Polygon", "coordinates": [ [ [ -73.835409, 40.802199 ], [ -73.832354, 40.79637 ], [ -73.838434, 40.796787 ], [ -73.840456, 40.793832 ], [ -73.840083, 40.787849 ], [ -73.838699, 40.781677 ], [ -73.825285, 40.781697 ], [ -73.824998, 40.7817 ], [ -73.822537, 40.789568 ], [ -73.822789, 40.7913 ], [ -73.830676, 40.803108 ], [ -73.835409, 40.802199 ] ] ] } },
{ "type": "Feature", "properties": { "GEOID": "36081099200", "gi_z": -0.71, "borough": "Queens", "pop": 4359.0, "incidents": 136, "lisa": "Not significant" }, "geometry": { "type": "Polygon", "coordinates": [ [ [ -73.77387, 40.595772 ], [ -73.772713, 40.593321 ], [ -73.769708574249293, 40.591163984517912 ], [ -73.763825255631104, 40.591620481662908 ], [ -73.762156, 40.596085 ], [ -73.761658, 40.599973 ], [ -73.763868, 40.599727 ], [ -73.771156, 40.598298 ], [ -73.77387, 40.595772 ] ] ] } },
{ "type": "Feature", "properties": { "GEOID": "36081111300", "gi_z": -1.46, "borough": "Queens", "pop": 2714.0, "incidents": 55, "lisa": "Low-Low" }, "geometry": { "type": "Polygon", "coordinates": [ [ [ -73.770169, 40.769738 ], [ -73.768347, 40.76343 ], [ -73.766405, 40.76362 ], [ -73.759206, 40.764321 ], [ -73.753469, 40.765445 ], [ -73.755438002372898, 40.7668952125114 ], [ -73.75787, 40.766946 ], [ -73.763259158607994, 40.772266301040283 ], [ -73.770169, 40.769738 ] ] ] } },
{ "type": "Feature", "properties": { "GEOID": "36081112900", "gi_z": -1.44, "borough": "Queens", "pop": 2204.0, "incidents": 35, "lisa": "Not significant" }, "geometry": { "type": "Polygon", "coordinates": [ [ [ -73.78146, 40.767066 ], [ -73.779031, 40.76238 ], [ -73.770769, 40.763193 ], [ -73.774687, 40.768792 ], [ -73.78146, 40.767066 ] ] ] } },
{ "type": "Feature", "properties": { "GEOID": "36081117500", "gi_z": -1.83, "borough": "Queens", "pop": 4464.0, "incidents": 98, "lisa": "Low-Low" }, "geometry": { "type": "Polygon", "coordinates": [ [ [ -73.801428, 40.765286 ], [ -73.8003, 40.759702 ], [ -73.795804, 40.758091 ], [ -73.794932, 40.757798 ], [ -73.790315, 40.757823 ], [ -73.79076, 40.760986 ], [ -73.793959, 40.764695 ], [ -73.799559, 40.765138 ], [ -73.801428, 40.765286 ] ] ] } },
{ "type": "Feature", "properties": { "GEOID": "36081119900", "gi_z": -1.88, "borough": "Queens", "pop": 1681.0, "incidents": 29, "lisa": "Low-Low" }, "geometry": { "type": "Polygon", "coordinates": [ [ [ -73.810476, 40.754212 ], [ -73.811924, 40.751288 ], [ -73.809135, 40.750269 ], [ -73.807685, 40.753987 ], [ -73.810123, 40.756839 ], [ -73.810476, 40.754212 ] ] ] } },
{ "type": "Feature", "properties": { "GEOID": "36081125700", "gi_z": -1.05, "borough": "Queens", "pop": 3162.0, "incidents": 83, "lisa": "Not significant" }, "geometry": { "type": "Polygon", "coordinates": [ [ [ -73.811124, 40.727833 ], [ -73.810744, 40.726265 ], [ -73.810399, 40.723724 ], [ -73.80904, 40.719912 ], [ -73.804529, 40.721466 ], [ -73.80717, 40.728269 ], [ -73.811124, 40.727833 ] ] ] } },
{ "type": "Feature", "properties": { "GEOID": "36081145101", "gi_z": -1.57, "borough": "Queens", "pop": 1103.0, "incidents": 18, "lisa": "Low-Low" }, "geometry": { "type": "Polygon", "coordinates": [ [ [ -73.787575, 40.757898 ], [ -73.786986, 40.752261 ], [ -73.780532, 40.753329 ], [ -73.782481, 40.755997 ], [ -73.783392, 40.757758 ], [ -73.787575, 40.757898 ] ] ] } },
{ "type": "Feature", "properties": { "GEOID": "36047067200", "gi_z": -1.77, "borough": "Brooklyn", "pop": 1389.0, "incidents": 59, "lisa": "Low-Low" }, "geometry": { "type": "Polygon", "coordinates": [ [ [ -73.929311, 40.623441 ], [ -73.928478, 40.615017 ], [ -73.926295, 40.613193 ], [ -73.926401, 40.614479 ], [ -73.926879, 40.61895 ], [ -73.927369, 40.623562 ], [ -73.929311, 40.623441 ] ] ] } },
{ "type": "Feature", "properties": { "GEOID": "36047068200", "gi_z": -1.61, "borough": "Brooklyn", "pop": 2907.0, "incidents": 52, "lisa": "Low-Low" }, "geometry": { "type": "Polygon", "coordinates": [ [ [ -73.926879, 40.61895 ], [ -73.926401, 40.614479 ], [ -73.920624, 40.614839 ], [ -73.920852, 40.616972 ], [ -73.923008, 40.619193 ], [ -73.926879, 40.61895 ] ] ] } },
{ "type": "Feature", "properties": { "GEOID": "36047077400", "gi_z": -0.92, "borough": "Brooklyn", "pop": 2906.0, "incidents": 138, "lisa": "Not significant" }, "geometry": { "type": "Polygon", "coordinates": [ [ [ -73.951059, 40.633635 ], [ -73.950177, 40.628852 ], [ -73.947327, 40.629166 ], [ -73.944155, 40.629508 ], [ -73.946479, 40.631708 ], [ -73.949449, 40.634508 ], [ -73.951059, 40.633635 ] ] ] } },
{ "type": "Feature", "properties": { "GEOID": "36047078200", "gi_z": -1.52, "borough": "Brooklyn", "pop": 4086.0, "incidents": 97, "lisa": "Low-Low" }, "geometry": { "type": "Polygon", "coordinates": [ [ [ -73.945373, 40.638787 ], [ -73.945123, 40.636448 ], [ -73.941283, 40.636687 ], [ -73.937512, 40.636921 ], [ -73.937762, 40.639259 ], [ -73.939664, 40.639142 ], [ -73.942503, 40.638965 ], [ -73.945373, 40.638787 ] ] ] } },
{ "type": "Feature", "properties": { "GEOID": "36047081000", "gi_z": -0.13, "borough": "Brooklyn", "pop": 2101.0, "incidents": 120, "lisa": "Not significant" }, "geometry": { "type": "Polygon", "coordinates": [ [ [ -73.947676, 40.660297 ], [ -73.947354, 40.65728 ], [ -73.942314, 40.657609 ], [ -73.939734, 40.660074 ], [ -73.939813, 40.660785 ], [ -73.947676, 40.660297 ] ] ] } },
{ "type": "Feature", "properties": { "GEOID": "36047082600", "gi_z": 0.06, "borough": "Brooklyn", "pop": 4122.0, "incidents": 201, "lisa": "Not significant" }, "geometry": { "type": "Polygon", "coordinates": [ [ [ -73.95205, 40.646771 ], [ -73.951652, 40.643066 ], [ -73.94779, 40.643305 ], [ -73.945869, 40.643424 ], [ -73.946073, 40.645312 ], [ -73.94626, 40.647006 ], [ -73.95205, 40.646771 ] ] ] } },
{ "type": "Feature", "properties": { "GEOID": "36047083400", "gi_z": -1.69, "borough": "Brooklyn", "pop": 1839.0, "incidents": 54, "lisa": "Low-Low" }, "geometry": { "type": "Polygon", "coordinates": [ [ [ -73.940159, 40.64378 ], [ -73.939664, 40.639142 ], [ -73.937762, 40.639259 ], [ -73.936792, 40.639319 ], [ -73.937284, 40.643958 ], [ -73.940159, 40.64378 ] ] ] } },
{ "type": "Feature", "properties": { "GEOID": "36047084000", "gi_z": -1.4, "borough": "Brooklyn", "pop": 2226.0, "incidents": 80, "lisa": "Low-Low" }, "geometry": { "type": "Polygon", "coordinates": [ [ [ -73.933478, 40.644192 ], [ -73.932984, 40.639555 ], [ -73.929106, 40.639795 ], [ -73.929599, 40.644433 ], [ -73.933478, 40.644192 ] ] ] } },
{ "type": "Feature", "properties": { "GEOID": "36047086000", "gi_z": -0.83, "borough": "Brooklyn", "pop": 2627.0, "incidents": 239, "lisa": "Not significant" }, "geometry": { "type": "Polygon", "coordinates": [ [ [ -73.936175, 40.651469 ], [ -73.935858, 40.648662 ], [ -73.932921, 40.647997 ], [ -73.929999, 40.648181 ], [ -73.930381, 40.651734 ], [ -73.931392, 40.65169 ], [ -73.934268, 40.651563 ], [ -73.936175, 40.651469 ] ] ] } },
{ "type": "Feature", "properties": { "GEOID": "36047086800", "gi_z": -0.1, "borough": "Brooklyn", "pop": 2952.0, "incidents": 174, "lisa": "Not significant" }, "geometry": { "type": "Polygon", "coordinates": [ [ [ -73.931907, 40.656537 ], [ -73.931392, 40.65169 ], [ -73.930381, 40.651734 ], [ -73.927514, 40.652318 ], [ -73.927995, 40.656802 ], [ -73.930903, 40.65661 ], [ -73.931907, 40.656537 ] ] ] } },
{ "type": "Feature", "properties": { "GEOID": "36047072000", "gi_z": -1.88, "borough": "Brooklyn", "pop": 1678.0, "incidents": 80, "lisa": "Low-Low" }, "geometry": { "type": "Polygon", "coordinates": [ [ [ -73.924298, 40.628386 ], [ -73.920869, 40.626251 ], [ -73.917995, 40.626458 ], [ -73.918604, 40.632096 ], [ -73.920418, 40.630904 ], [ -73.924298, 40.628386 ] ] ] } },
{ "type": "Feature", "properties": { "GEOID": "36047072400", "gi_z": -1.21, "borough": "Brooklyn", "pop": 1586.0, "incidents": 88, "lisa": "Not significant" }, "geometry": { "type": "Polygon", "coordinates": [ [ [ -73.931531, 40.635006 ], [ -73.930312, 40.632726 ], [ -73.922587, 40.633209 ], [ -73.922832, 40.635543 ], [ -73.927448, 40.635259 ], [ -73.931531, 40.635006 ] ] ] } },
{ "type": "Feature", "properties": { "GEOID": "36047074000", "gi_z": -1.67, "borough": "Brooklyn", "pop": 3287.0, "incidents": 123, "lisa": "Low-Low" }, "geometry": { "type": "Polygon", "coordinates": [ [ [ -73.943409, 40.62956 ], [ -73.942645, 40.6248 ], [ -73.941681, 40.624907 ], [ -73.939557, 40.625158 ], [ -73.939157, 40.6256 ], [ -73.939605, 40.629795 ], [ -73.943409, 40.62956 ] ] ] } },
{ "type": "Feature", "properties": { "GEOID": "36047075600", "gi_z": -1.91, "borough": "Brooklyn", "pop": 1720.0, "incidents": 35, "lisa": "Low-Low" }, "geometry": { "type": "Polygon", "coordinates": [ [ [ -73.950256, 40.619083 ], [ -73.949306, 40.614031 ], [ -73.945737, 40.615363 ], [ -73.946514, 40.619494 ], [ -73.948369, 40.619291 ], [ -73.950256, 40.619083 ] ] ] } },
{ "type": "Feature", "properties": { "GEOID": "36047076600", "gi_z": -1.22, "borough": "Brooklyn", "pop": 2126.0, "incidents": 45, "lisa": "Not significant" }, "geometry": { "type": "Polygon", "coordinates": [ [ [ -73.958198, 40.635289 ], [ -73.957299, 40.630512 ], [ -73.956241, 40.635509 ], [ -73.958198, 40.635289 ] ] ] } },
{ "type": "Feature", "properties": { "GEOID": "36047094402", "gi_z": -1.12, "borough": "Brooklyn", "pop": 2371.0, "incidents": 33, "lisa": "Not significant" }, "geometry": { "type": "Polygon", "coordinates": [ [ [ -73.922832, 40.635543 ], [ -73.922587, 40.633209 ], [ -73.918852, 40.634483 ], [ -73.919172, 40.63747 ], [ -73.922832, 40.635543 ] ] ] } },
{ "type": "Feature", "properties": { "GEOID": "36081157102", "gi_z": -0.95, "borough": "Queens", "pop": 1840.0, "incidents": 62, "lisa": "Not significant" }, "geometry": { "type": "Polygon", "coordinates": [ [ [ -73.726569, 40.740823 ], [ -73.726366, 40.733455 ], [ -73.727734, 40.731058 ], [ -73.723306, 40.730348 ], [ -73.723072, 40.731493 ], [ -73.724188, 40.7387 ], [ -73.726569, 40.740823 ] ] ] } },
{ "type": "Feature", "properties": { "GEOID": "36081097202", "gi_z": -0.53, "borough": "Queens", "pop": 3479.0, "incidents": 74, "lisa": "Not significant" }, "geometry": { "type": "Polygon", "coordinates": [ [ [ -73.788996, 40.592411 ], [ -73.788440118385296, 40.588158723974018 ], [ -73.769708574249293, 40.591163984517912 ], [ -73.772713, 40.593321 ], [ -73.788996, 40.592411 ] ] ] } },
{ "type": "Feature", "properties": { "GEOID": "36047098600", "gi_z": -1.79, "borough": "Brooklyn", "pop": 2341.0, "incidents": 75, "lisa": "Low-Low" }, "geometry": { "type": "Polygon", "coordinates": [ [ [ -73.896162, 40.646571 ], [ -73.897619, 40.64563 ], [ -73.893961, 40.642343 ], [ -73.891021, 40.644245 ], [ -73.894679, 40.64753 ], [ -73.896162, 40.646571 ] ] ] } },
{ "type": "Feature", "properties": { "GEOID": "36047099000", "gi_z": -1.8, "borough": "Brooklyn", "pop": 1479.0, "incidents": 45, "lisa": "Low-Low" }, "geometry": { "type": "Polygon", "coordinates": [ [ [ -73.898828, 40.642005 ], [ -73.901933, 40.640001 ], [ -73.8983, 40.636736 ], [ -73.895191, 40.638742 ], [ -73.897011, 40.640374 ], [ -73.898828, 40.642005 ] ] ] } },
{ "type": "Feature", "properties": { "GEOID": "36047100600", "gi_z": -1.92, "borough": "Brooklyn", "pop": 2670.0, "incidents": 51, "lisa": "Low-Low" }, "geometry": { "type": "Polygon", "coordinates": [ [ [ -73.904149, 40.632952 ], [ -73.900513, 40.629688 ], [ -73.897629, 40.631553 ], [ -73.901264, 40.634818 ], [ -73.904149, 40.632952 ] ] ] } },
{ "type": "Feature", "properties": { "GEOID": "36047101600", "gi_z": -1.93, "borough": "Brooklyn", "pop": 1897.0, "incidents": 10, "lisa": "Low-Low" }, "geometry": { "type": "Polygon", "coordinates": [ [ [ -73.891021, 40.644245 ], [ -73.887386, 40.640981 ], [ -73.888901, 40.64563 ], [ -73.891021, 40.644245 ] ] ] } },
{ "type": "Feature", "properties": { "GEOID": "36047102200", "gi_z": -2.07, "borough": "Brooklyn", "pop": 2067.0, "incidents": 94, "lisa": "Low-Low" }, "geometry": { "type": "Polygon", "coordinates": [ [ [ -73.893375, 40.637108 ], [ -73.891557, 40.635475 ], [ -73.889695, 40.633802 ], [ -73.886646, 40.635775 ], [ -73.890328, 40.63908 ], [ -73.893375, 40.637108 ] ] ] } },
{ "type": "Feature", "properties": { "GEOID": "36047111800", "gi_z": 0.75, "borough": "Brooklyn", "pop": 3872.0, "incidents": 176, "lisa": "Not significant" }, "geometry": { "type": "Polygon", "coordinates": [ [ [ -73.878871, 40.670195 ], [ -73.878489, 40.668655 ], [ -73.876953, 40.666259 ], [ -73.872841, 40.668032 ], [ -73.874231, 40.670863 ], [ -73.878871, 40.670195 ] ] ] } },
{ "type": "Feature", "properties": { "GEOID": "36047114202", "gi_z": -0.67, "borough": "Brooklyn", "pop": 2331.0, "incidents": 74, "lisa": "Not significant" }, "geometry": { "type": "Polygon", "coordinates": [ [ [ -73.892523, 40.683424 ], [ -73.893185, 40.680161 ], [ -73.889774, 40.681801 ], [ -73.888191, 40.682556 ], [ -73.889607, 40.684214 ], [ -73.892523, 40.683424 ] ] ] } },
{ "type": "Feature", "properties": { "GEOID": "36047116400", "gi_z": 0.64, "borough": "Brooklyn", "pop": 3936.0, "incidents": 470, "lisa": "Not significant" }, "geometry": { "type": "Polygon", "coordinates": [ [ [ -73.883889, 40.672355 ], [ -73.882782, 40.668026 ], [ -73.878489, 40.668655 ], [ -73.878871, 40.670195 ], [ -73.879568, 40.672987 ], [ -73.883889, 40.672355 ] ] ] } },
{ "type": "Feature", "properties": { "GEOID": "36047117000", "gi_z": 0.72, "borough": "Brooklyn", "pop": 1952.0, "incidents": 224, "lisa": "Not significant" }, "geometry": { "type": "Polygon", "coordinates": [ [ [ -73.889006, 40.678557 ], [ -73.888256, 40.675625 ], [ -73.884854, 40.676129 ], [ -73.883226, 40.67637 ], [ -73.884671, 40.67994 ], [ -73.889006, 40.678557 ] ] ] } },
{ "type": "Feature", "properties": { "GEOID": "36047117400", "gi_z": -0.23, "borough": "Brooklyn", "pop": 3827.0, "incidents": 226, "lisa": "Not significant" }, "geometry": { "type": "Polygon", "coordinates": [ [ [ -73.882203, 40.68536 ], [ -73.881168, 40.681354 ], [ -73.880609, 40.679111 ], [ -73.877429, 40.680017 ], [ -73.877867, 40.682039 ], [ -73.879075, 40.686882 ], [ -73.882203, 40.68536 ] ] ] } },
{ "type": "Feature", "properties": { "GEOID": "36047118400", "gi_z": -0.67, "borough": "Brooklyn", "pop": 4826.0, "incidents": 290, "lisa": "Not significant" }, "geometry": { "type": "Polygon", "coordinates": [ [ [ -73.872739, 40.68541 ], [ -73.872187, 40.683649 ], [ -73.87157, 40.681686 ], [ -73.866295, 40.683189 ], [ -73.867018, 40.68683 ], [ -73.869909, 40.686116 ], [ -73.872739, 40.68541 ] ] ] } },
{ "type": "Feature", "properties": { "GEOID": "36047120000", "gi_z": 0.43, "borough": "Brooklyn", "pop": 2922.0, "incidents": 194, "lisa": "Not significant" }, "geometry": { "type": "Polygon", "coordinates": [ [ [ -73.870387, 40.676939 ], [ -73.869447, 40.673143 ], [ -73.866668, 40.673544 ], [ -73.863919, 40.673942 ], [ -73.861764, 40.674233 ], [ -73.869776, 40.677027 ], [ -73.870387, 40.676939 ] ] ] } },
{ "type": "Feature", "properties": { "GEOID": "36061008601", "gi_z": -0.16, "borough": "Manhattan", "pop": 3332.0, "incidents": 96, "lisa": "Not significant" }, "geometry": { "type": "Polygon", "coordinates": [ [ [ -73.971228, 40.746919 ], [ -73.973512, 40.743782 ], [ -73.96262, 40.739033 ], [ -73.960211, 40.744511 ], [ -73.969987, 40.748869 ], [ -73.971228, 40.746919 ] ] ] } },
{ "type": "Feature", "properties": { "GEOID": "36061021500", "gi_z": 3.03, "borough": "Manhattan", "pop": 3863.0, "incidents": 171, "lisa": "High-High" }, "geometry": { "type": "Polygon", "coordinates": [ [ [ -73.950927, 40.812575 ], [ -73.952101, 40.811442 ], [ -73.95068, 40.810843 ], [ -73.948419, 40.813938 ], [ -73.947034, 40.81583 ], [ -73.948356, 40.816374 ], [ -73.950927, 40.812575 ] ] ] } },
{ "type": "Feature", "properties": { "GEOID": "36061025700", "gi_z": 2.81, "borough": "Manhattan", "pop": 4443.0, "incidents": 551, "lisa": "High-High" }, "geometry": { "type": "Polygon", "coordinates": [ [ [ -73.954966, 40.810064 ], [ -73.957266, 40.806916 ], [ -73.954416, 40.805725 ], [ -73.952585, 40.808238 ], [ -73.95068, 40.810843 ], [ -73.952101, 40.811442 ], [ -73.954966, 40.810064 ] ] ] } },
{ "type": "Feature", "properties": { "GEOID": "36005018101", "gi_z": 1.22, "borough": "Bronx", "pop": 2881.0, "incidents": 181, "lisa": "Not significant" }, "geometry": { "type": "Polygon", "coordinates": [ [ [ -73.915857, 40.833839 ], [ -73.91811, 40.830005 ], [ -73.91641, 40.82929 ], [ -73.914079, 40.833286 ], [ -73.915857, 40.833839 ] ] ] } },
{ "type": "Feature", "properties": { "GEOID": "36005000100", "gi_z": -0.1, "borough": "Bronx", "pop": 2950.0, "incidents": 5, "lisa": "Not significant" }, "geometry": { "type": "Polygon", "coordinates": [ [ [ -73.892504, 40.801206 ], [ -73.899869, 40.792449 ], [ -73.89057, 40.790108 ], [ -73.888307, 40.787006 ], [ -73.878307, 40.785357 ], [ -73.871631, 40.786798 ], [ -73.870207, 40.790909 ], [ -73.867118, 40.793742 ], [ -73.892504, 40.801206 ] ] ] } },
{ "type": "Feature", "properties": { "GEOID": "36005017901", "gi_z": 2.29, "borough": "Bronx", "pop": 4968.0, "incidents": 163, "lisa": "Low-High" }, "geometry": { "type": "Polygon", "coordinates": [ [ [ -73.917706, 40.83451 ], [ -73.915857, 40.833839 ], [ -73.914079, 40.833286 ], [ -73.913844, 40.833694 ], [ -73.9129, 40.835297 ], [ -73.915871, 40.836393 ], [ -73.916467, 40.835778 ], [ -73.917706, 40.83451 ] ] ] } },
{ "type": "Feature", "properties": { "GEOID": "36005020502", "gi_z": -0.12, "borough": "Bronx", "pop": 2331.0, "incidents": 141, "lisa": "Not significant" }, "geometry": { "type": "Polygon", "coordinates": [ [ [ -73.922288, 40.850277 ], [ -73.919371, 40.849621 ], [ -73.916447, 40.851905 ], [ -73.918167, 40.852983 ], [ -73.919595, 40.853339 ], [ -73.922288, 40.850277 ] ] ] } },
{ "type": "Feature", "properties": { "GEOID": "36005022403", "gi_z": 0.51, "borough": "Bronx", "pop": 2782.0, "incidents": 389, "lisa": "Not significant" }, "geometry": { "type": "Polygon", "coordinates": [ [ [ -73.867588, 40.85783 ], [ -73.867703, 40.854493 ], [ -73.864814, 40.854443 ], [ -73.86192, 40.856783 ], [ -73.861791, 40.857983 ], [ -73.864671, 40.857906 ], [ -73.867588, 40.85783 ] ] ] } },
{ "type": "Feature", "properties": { "GEOID": "36005023800", "gi_z": 0.3, "borough": "Bronx", "pop": 2552.0, "incidents": 255, "lisa": "Not significant" }, "geometry": { "type": "Polygon", "coordinates": [ [ [ -73.866119, 40.845223 ], [ -73.865167, 40.842466 ], [ -73.86358, 40.841278 ], [ -73.853335, 40.84247 ], [ -73.855741, 40.843143 ], [ -73.85944, 40.846659 ], [ -73.866119, 40.845223 ] ] ] } },
{ "type": "Feature", "properties": { "GEOID": "36005033700", "gi_z": -1.18, "borough": "Bronx", "pop": 3198.0, "incidents": 169, "lisa": "Not significant" }, "geometry": { "type": "Polygon", "coordinates": [ [ [ -73.903215, 40.910129 ], [ -73.907463, 40.899394 ], [ -73.901958, 40.901294 ], [ -73.900007, 40.908129 ], [ -73.899505, 40.911978 ], [ -73.902454, 40.912979 ], [ -73.903215, 40.910129 ] ] ] } },
{ "type": "Feature", "properties": { "GEOID": "36005040304", "gi_z": 3.14, "borough": "Bronx", "pop": 3502.0, "incidents": 245, "lisa": "High-High" }, "geometry": { "type": "Polygon", "coordinates": [ [ [ -73.896561, 40.868565 ], [ -73.897403, 40.867474 ], [ -73.894376, 40.866067 ], [ -73.892996, 40.867882 ], [ -73.896037, 40.86923 ], [ -73.896561, 40.868565 ] ] ] } },
{ "type": "Feature", "properties": { "GEOID": "36005005300", "gi_z": -0.01, "borough": "Bronx", "pop": 4065.0, "incidents": 152, "lisa": "Not significant" }, "geometry": { "type": "Polygon", "coordinates": [ [ [ -73.921405, 40.854358 ], [ -73.923904, 40.850488 ], [ -73.922288, 40.850277 ], [ -73.919595, 40.853339 ], [ -73.921405, 40.854358 ] ] ] } },
{ "type": "Feature", "properties": { "GEOID": "36005014702", "gi_z": 0.42, "borough": "Bronx", "pop": 4950.0, "incidents": 104, "lisa": "Not significant" }, "geometry": { "type": "Polygon", "coordinates": [ [ [ -73.905979, 40.838505 ], [ -73.907402, 40.836232 ], [ -73.901856, 40.834622 ], [ -73.901212, 40.835498 ], [ -73.905979, 40.838505 ] ] ] } },
{ "type": "Feature", "properties": { "GEOID": "36005031900", "gi_z": -0.82, "borough": "Bronx", "pop": 693.0, "incidents": 4, "lisa": "Not significant" }, "geometry": { "type": "Polygon", "coordinates": [ [ [ -73.902454, 40.912979 ], [ -73.918317529127094, 40.91770520972171 ], [ -73.919432345260603, 40.914892533199705 ], [ -73.906559, 40.911327 ], [ -73.903215, 40.910129 ], [ -73.902454, 40.912979 ] ] ] } },
{ "type": "Feature", "properties": { "GEOID": "36047004400", "gi_z": -1.59, "borough": "Brooklyn", "pop": 2255.0, "incidents": 42, "lisa": "Low-Low" }, "geometry": { "type": "Polygon", "coordinates": [ [ [ -74.039287358691496, 40.633812888539516 ], [ -74.040882534219705, 40.628922120970699 ], [ -74.032256, 40.627741 ], [ -74.030764, 40.631392 ], [ -74.030473, 40.632099 ], [ -74.033155, 40.632735 ], [ -74.039287358691496, 40.633812888539516 ] ] ] } },
{ "type": "Feature", "properties": { "GEOID": "36047030500", "gi_z": 0.58, "borough": "Brooklyn", "pop": 6968.0, "incidents": 214, "lisa": "Not significant" }, "geometry": { "type": "Polygon", "coordinates": [ [ [ -73.962229, 40.678166 ], [ -73.963183, 40.675529 ], [ -73.960074, 40.674878 ], [ -73.956703, 40.674171 ], [ -73.955309, 40.679273 ], [ -73.961312, 40.680456 ], [ -73.962229, 40.678166 ] ] ] } },
{ "type": "Feature", "properties": { "GEOID": "36047051001", "gi_z": -0.4, "borough": "Brooklyn", "pop": 4488.0, "incidents": 146, "lisa": "Not significant" }, "geometry": { "type": "Polygon", "coordinates": [ [ [ -73.961672, 40.647115 ], [ -73.961214, 40.644723 ], [ -73.958022, 40.64507 ], [ -73.958107, 40.646518 ], [ -73.958141, 40.647504 ], [ -73.961672, 40.647115 ] ] ] } },
{ "type": "Feature", "properties": { "GEOID": "36047061004", "gi_z": -1.09, "borough": "Brooklyn", "pop": 5278.0, "incidents": 107, "lisa": "Not significant" }, "geometry": { "type": "Polygon", "coordinates": [ [ [ -73.959663, 40.578366 ], [ -73.959633, 40.577993 ], [ -73.952874, 40.576882 ], [ -73.953342, 40.579267 ], [ -73.954032, 40.582517 ], [ -73.956536, 40.582659 ], [ -73.959663, 40.578366 ] ] ] } },
{ "type": "Feature", "properties": { "GEOID": "36047093200", "gi_z": -1.39, "borough": "Brooklyn", "pop": 1565.0, "incidents": 132, "lisa": "Low-Low" }, "geometry": { "type": "Polygon", "coordinates": [ [ [ -73.932984, 40.639555 ], [ -73.9325, 40.634947 ], [ -73.931531, 40.635006 ], [ -73.927448, 40.635259 ], [ -73.925743, 40.640014 ], [ -73.929106, 40.639795 ], [ -73.932984, 40.639555 ] ] ] } },
{ "type": "Feature", "properties": { "GEOID": "36047123700", "gi_z": -0.66, "borough": "Brooklyn", "pop": 9642.0, "incidents": 136, "lisa": "Not significant" }, "geometry": { "type": "Polygon", "coordinates": [ [ [ -73.961051, 40.698326 ], [ -73.960158, 40.694117 ], [ -73.956143, 40.694579 ], [ -73.952489, 40.695004 ], [ -73.95337, 40.699405 ], [ -73.95702, 40.698974 ], [ -73.961051, 40.698326 ] ] ] } },
{ "type": "Feature", "properties": { "GEOID": "36047070202", "gi_z": -1.32, "borough": "Brooklyn", "pop": 14.0, "incidents": 24, "lisa": "Not significant" }, "geometry": { "type": "Polygon", "coordinates": [ [ [ -73.917254, 40.606731 ], [ -73.919296, 40.606947 ], [ -73.887942693196607, 40.578385829488006 ], [ -73.88348, 40.578935 ], [ -73.879222, 40.574656 ], [ -73.871418, 40.578535 ], [ -73.884456, 40.60944 ], [ -73.891953, 40.605525 ], [ -73.901445, 40.604354 ], [ -73.912994, 40.60286 ], [ -73.917254, 40.606731 ] ] ] } },
{ "type": "Feature", "properties": { "GEOID": "36081018102", "gi_z": -0.19, "borough": "Queens", "pop": 3680.0, "incidents": 109, "lisa": "Not significant" }, "geometry": { "type": "Polygon", "coordinates": [ [ [ -73.922653, 40.747107 ], [ -73.923739, 40.741692 ], [ -73.921883, 40.741478 ], [ -73.920798, 40.746891 ], [ -73.922653, 40.747107 ] ] ] } },
{ "type": "Feature", "properties": { "GEOID": "36081026902", "gi_z": 2.69, "borough": "Queens", "pop": 4447.0, "incidents": 160, "lisa": "Low-High" }, "geometry": { "type": "Polygon", "coordinates": [ [ [ -73.885095, 40.743974 ], [ -73.882633, 40.742787 ], [ -73.880747, 40.745233 ], [ -73.883843, 40.745797 ], [ -73.885095, 40.743974 ] ] ] } },
{ "type": "Feature", "properties": { "GEOID": "36081035700", "gi_z": -0.42, "borough": "Queens", "pop": 4448.0, "incidents": 224, "lisa": "Not significant" }, "geometry": { "type": "Polygon", "coordinates": [ [ [ -73.876119, 40.771629 ], [ -73.875535, 40.764231 ], [ -73.871773, 40.764625 ], [ -73.867492, 40.765688 ], [ -73.863123, 40.766302 ], [ -73.869569, 40.771087 ], [ -73.876119, 40.771629 ] ] ] } },
{ "type": "Feature", "properties": { "GEOID": "36081065703", "gi_z": -1.74, "borough": "Queens", "pop": 3229.0, "incidents": 62, "lisa": "Low-Low" }, "geometry": { "type": "Polygon", "coordinates": [ [ [ -73.87722, 40.717226 ], [ -73.880207, 40.715244 ], [ -73.878292, 40.712831 ], [ -73.875478, 40.71312 ], [ -73.871618, 40.71329 ], [ -73.872392, 40.717831 ], [ -73.87722, 40.717226 ] ] ] } },
{ "type": "Feature", "properties": { "GEOID": "36081074900", "gi_z": -1.23, "borough": "Queens", "pop": 1620.0, "incidents": 14, "lisa": "Not significant" }, "geometry": { "type": "Polygon", "coordinates": [ [ [ -73.842315, 40.715588 ], [ -73.84476, 40.711706 ], [ -73.840692, 40.710153 ], [ -73.835014, 40.712221 ], [ -73.841165, 40.717414 ], [ -73.842315, 40.715588 ] ] ] } },
{ "type": "Feature", "properties": { "GEOID": "36081006201", "gi_z": 0.39, "borough": "Queens", "pop": 5870.0, "incidents": 75, "lisa": "Not significant" }, "geometry": { "type": "Polygon", "coordinates": [ [ [ -73.842266, 40.668272 ], [ -73.851098, 40.669412 ], [ -73.848813, 40.662804 ], [ -73.841652, 40.66597 ], [ -73.842266, 40.668272 ] ] ] } },
{ "type": "Feature", "properties": { "GEOID": "36081079701", "gi_z": 1.09, "borough": "Queens", "pop": 6565.0, "incidents": 50, "lisa": "Not significant" }, "geometry": { "type": "Polygon", "coordinates": [ [ [ -73.827144, 40.75451 ], [ -73.825697, 40.750998 ], [ -73.824233, 40.751855 ], [ -73.821925, 40.753167 ], [ -73.823979, 40.754868 ], [ -73.824718, 40.755488 ], [ -73.827144, 40.75451 ] ] ] } },
{ "type": "Feature", "properties": { "GEOID": "36081099704", "gi_z": -1.61, "borough": "Queens", "pop": 7118.0, "incidents": 67, "lisa": "Low-Low" }, "geometry": { "type": "Polygon", "coordinates": [ [ [ -73.785422, 40.782385 ], [ -73.784593, 40.776141 ], [ -73.775839, 40.778613 ], [ -73.775321, 40.780466 ], [ -73.78227, 40.788661 ], [ -73.78237, 40.782969 ], [ -73.785422, 40.782385 ] ] ] } },
{ "type": "Feature", "properties": { "GEOID": "36085017011", "gi_z": -1.95, "borough": "Staten Island", "pop": 4745.0, "incidents": 39, "lisa": "Low-Low" }, "geometry": { "type": "Polygon", "coordinates": [ [ [ -74.167572, 40.550575 ], [ -74.174682, 40.549661 ], [ -74.176498, 40.544487 ], [ -74.169013, 40.540098 ], [ -74.164231, 40.543301 ], [ -74.167572, 40.550575 ] ] ] } },
{ "type": "Feature", "properties": { "GEOID": "36085020806", "gi_z": -2.21, "borough": "Staten Island", "pop": 2533.0, "incidents": 33, "lisa": "Low-Low" }, "geometry": { "type": "Polygon", "coordinates": [ [ [ -74.213502, 40.555668 ], [ -74.207973, 40.541671 ], [ -74.20699, 40.541747 ], [ -74.197308, 40.543262 ], [ -74.200144, 40.548801 ], [ -74.203343, 40.556133 ], [ -74.207032, 40.557616 ], [ -74.213502, 40.555668 ] ] ] } },
{ "type": "Feature", "properties": { "GEOID": "36085009702", "gi_z": -1.31, "borough": "Staten Island", "pop": 40.0, "incidents": 12, "lisa": "Not significant" }, "geometry": { "type": "Polygon", "coordinates": [ [ [ -74.100022, 40.645415 ], [ -74.107899237593202, 40.645616557968111 ], [ -74.105422, 40.638899 ], [ -74.099961, 40.640181 ], [ -74.100022, 40.645415 ] ] ] } },
{ "type": "Feature", "properties": { "GEOID": "36085004002", "gi_z": -1.44, "borough": "Staten Island", "pop": 2411.0, "incidents": 32, "lisa": "Low-Low" }, "geometry": { "type": "Polygon", "coordinates": [ [ [ -74.082976, 40.611461 ], [ -74.080695, 40.607389 ], [ -74.074547, 40.616943 ], [ -74.07988, 40.616835 ], [ -74.082976, 40.611461 ] ] ] } },
{ "type": "Feature", "properties": { "GEOID": "36081004401", "gi_z": 0.06, "borough": "Queens", "pop": 3493.0, "incidents": 193, "lisa": "Not significant" }, "geometry": { "type": "Polygon", "coordinates": [ [ [ -73.863349, 40.679352 ], [ -73.862028, 40.677886 ], [ -73.861318, 40.675021 ], [ -73.856487, 40.673377 ], [ -73.856871, 40.676455 ], [ -73.856801, 40.67951 ], [ -73.858786, 40.68063 ], [ -73.863349, 40.679352 ] ] ] } },
{ "type": "Feature", "properties": { "GEOID": "36081007500", "gi_z": -0.86, "borough": "Queens", "pop": 5002.0, "incidents": 58, "lisa": "Not significant" }, "geometry": { "type": "Polygon", "coordinates": [ [ [ -73.928556, 40.766714 ], [ -73.930365, 40.764491 ], [ -73.926188, 40.762351 ], [ -73.924253, 40.764725 ], [ -73.928556, 40.766714 ] ] ] } },
{ "type": "Feature", "properties": { "GEOID": "36081008300", "gi_z": -1.06, "borough": "Queens", "pop": 2405.0, "incidents": 116, "lisa": "Not significant" }, "geometry": { "type": "Polygon", "coordinates": [ [ [ -73.931046, 40.773981 ], [ -73.932685, 40.7727 ], [ -73.931278, 40.771516 ], [ -73.927807, 40.769889 ], [ -73.9259, 40.772262 ], [ -73.924928, 40.773489 ], [ -73.931046, 40.773981 ] ] ] } },
{ "type": "Feature", "properties": { "GEOID": "36081012000", "gi_z": -0.91, "borough": "Queens", "pop": 2355.0, "incidents": 114, "lisa": "Not significant" }, "geometry": { "type": "Polygon", "coordinates": [ [ [ -73.8313, 40.693058 ], [ -73.830526, 40.691431 ], [ -73.828511, 40.689239 ], [ -73.825988, 40.689946 ], [ -73.826594, 40.691179 ], [ -73.827181, 40.692378 ], [ -73.827972, 40.693992 ], [ -73.8313, 40.693058 ] ] ] } },
{ "type": "Feature", "properties": { "GEOID": "36081000400", "gi_z": -0.65, "borough": "Queens", "pop": 4102.0, "incidents": 150, "lisa": "Not significant" }, "geometry": { "type": "Polygon", "coordinates": [ [ [ -73.868059, 40.691184 ], [ -73.867018, 40.68683 ], [ -73.861349, 40.688695 ], [ -73.862148, 40.69215 ], [ -73.863312, 40.691962 ], [ -73.868059, 40.691184 ] ] ] } },
{ "type": "Feature", "properties": { "GEOID": "36081018401", "gi_z": -0.68, "borough": "Queens", "pop": 2089.0, "incidents": 116, "lisa": "Not significant" }, "geometry": { "type": "Polygon", "coordinates": [ [ [ -73.795935, 40.676597 ], [ -73.794726, 40.673761 ], [ -73.791652, 40.67349 ], [ -73.788085, 40.67301 ], [ -73.786868, 40.672824 ], [ -73.78989, 40.675202 ], [ -73.791128, 40.677773 ], [ -73.795935, 40.676597 ] ] ] } },
{ "type": "Feature", "properties": { "GEOID": "36081025700", "gi_z": -0.67, "borough": "Queens", "pop": 1453.0, "incidents": 77, "lisa": "Not significant" }, "geometry": { "type": "Polygon", "coordinates": [ [ [ -73.908117, 40.746186 ], [ -73.906419, 40.745635 ], [ -73.902158, 40.751932 ], [ -73.902472, 40.753763 ], [ -73.904917, 40.753505 ], [ -73.908117, 40.746186 ] ] ] } },
{ "type": "Feature", "properties": { "GEOID": "36081027900", "gi_z": 0.93, "borough": "Queens", "pop": 8551.0, "incidents": 234, "lisa": "Not significant" }, "geometry": { "type": "Polygon", "coordinates": [ [ [ -73.881648, 40.755952 ], [ -73.881137, 40.747927 ], [ -73.878406, 40.748216 ], [ -73.879104, 40.752373 ], [ -73.879789, 40.756147 ], [ -73.880719, 40.756049 ], [ -73.881648, 40.755952 ] ] ] } },
{ "type": "Feature", "properties": { "GEOID": "36081051700", "gi_z": -1.48, "borough": "Queens", "pop": 2068.0, "incidents": 81, "lisa": "Low-Low" }, "geometry": { "type": "Polygon", "coordinates": [ [ [ -73.90707, 40.727466 ], [ -73.90741, 40.727209 ], [ -73.904571, 40.723009 ], [ -73.900106, 40.723296 ], [ -73.894268, 40.723142 ], [ -73.894113, 40.723214 ], [ -73.894974, 40.725407 ], [ -73.90707, 40.727466 ] ] ] } },
{ "type": "Feature", "properties": { "GEOID": "36081039800", "gi_z": -1.86, "borough": "Queens", "pop": 1485.0, "incidents": 37, "lisa": "Low-Low" }, "geometry": { "type": "Polygon", "coordinates": [ [ [ -73.768834, 40.696904 ], [ -73.769294, 40.69665 ], [ -73.765394, 40.692065 ], [ -73.762385, 40.691668 ], [ -73.76198, 40.694591 ], [ -73.761592, 40.695905 ], [ -73.768834, 40.696904 ] ] ] } },
{ "type": "Feature", "properties": { "GEOID": "36081048400", "gi_z": -0.99, "borough": "Queens", "pop": 4942.0, "incidents": 176, "lisa": "Not significant" }, "geometry": { "type": "Polygon", "coordinates": [ [ [ -73.765714, 40.716393 ], [ -73.764019, 40.713318 ], [ -73.754037, 40.71388 ], [ -73.757257, 40.718139 ], [ -73.758327, 40.719582 ], [ -73.765714, 40.716393 ] ] ] } },
{ "type": "Feature", "properties": { "GEOID": "36081061602", "gi_z": -1.66, "borough": "Queens", "pop": 968.0, "incidents": 31, "lisa": "Low-Low" }, "geometry": { "type": "Polygon", "coordinates": [ [ [ -73.731874, 40.677569 ], [ -73.735059, 40.67399 ], [ -73.727542, 40.67416 ], [ -73.725861, 40.683223 ], [ -73.727183, 40.683597 ], [ -73.731874, 40.677569 ] ] ] } },
{ "type": "Feature", "properties": { "GEOID": "36081058000", "gi_z": -0.83, "borough": "Queens", "pop": 4287.0, "incidents": 62, "lisa": "Not significant" }, "geometry": { "type": "Polygon", "coordinates": [ [ [ -73.735539, 40.71186 ], [ -73.732638, 40.708865 ], [ -73.734265, 40.70322 ], [ -73.726762, 40.702768 ], [ -73.726971, 40.710715 ], [ -73.735539, 40.71186 ] ] ] } },
{ "type": "Feature", "properties": { "GEOID": "36081092800", "gi_z": -1.47, "borough": "Queens", "pop": 3341.0, "incidents": 29, "lisa": "Low-Low" }, "geometry": { "type": "Polygon", "coordinates": [ [ [ -73.859492, 40.583938 ], [ -73.854849, 40.575878 ], [ -73.859815, 40.574212 ], [ -73.857179571298303, 40.569582413735517 ], [ -73.847217203511505, 40.573024273439593 ], [ -73.854937, 40.585974 ], [ -73.859492, 40.583938 ] ] ] } },
{ "type": "Feature", "properties": { "GEOID": "36081074500", "gi_z": -0.95, "borough": "Queens", "pop": 4275.0, "incidents": 88, "lisa": "Not significant" }, "geometry": { "type": "Polygon", "coordinates": [ [ [ -73.854181, 40.736954 ], [ -73.852522, 40.733619 ], [ -73.848047, 40.734967 ], [ -73.847214, 40.738644 ], [ -73.847558, 40.739064 ], [ -73.854181, 40.736954 ] ] ] } },
{ "type": "Feature", "properties": { "GEOID": "36081134100", "gi_z": -1.12, "borough": "Queens", "pop": 2857.0, "incidents": 112, "lisa": "Not significant" }, "geometry": { "type": "Polygon", "coordinates": [ [ [ -73.796302, 40.738333 ], [ -73.794278, 40.732696 ], [ -73.793525, 40.730054 ], [ -73.788209, 40.731363 ], [ -73.786499, 40.731972 ], [ -73.788453, 40.736095 ], [ -73.786713, 40.740911 ], [ -73.796302, 40.738333 ] ] ] } },
{ "type": "Feature", "properties": { "GEOID": "36081105900", "gi_z": -1.68, "borough": "Queens", "pop": 3641.0, "incidents": 66, "lisa": "Low-Low" }, "geometry": { "type": "Polygon", "coordinates": [ [ [ -73.814859, 40.776486 ], [ -73.813227, 40.771573 ], [ -73.810061, 40.771589 ], [ -73.804418, 40.771086 ], [ -73.801484, 40.771811 ], [ -73.797243, 40.773894 ], [ -73.80379, 40.77561 ], [ -73.814859, 40.776486 ] ] ] } },
{ "type": "Feature", "properties": { "GEOID": "36081145900", "gi_z": -1.64, "borough": "Queens", "pop": 2781.0, "incidents": 51, "lisa": "Low-Low" }, "geometry": { "type": "Polygon", "coordinates": [ [ [ -73.794932, 40.757798 ], [ -73.794747, 40.755628 ], [ -73.794577, 40.753563 ], [ -73.794719, 40.750648 ], [ -73.788671, 40.75139 ], [ -73.789428, 40.757848 ], [ -73.790315, 40.757823 ], [ -73.794932, 40.757798 ] ] ] } },
{ "type": "Feature", "properties": { "GEOID": "36005013500", "gi_z": 2.84, "borough": "Bronx", "pop": 4075.0, "incidents": 213, "lisa": "High-High" }, "geometry": { "type": "Polygon", "coordinates": [ [ [ -73.902275, 40.829637 ], [ -73.904922, 40.825287 ], [ -73.901176, 40.824389 ], [ -73.898205, 40.827889 ], [ -73.902275, 40.829637 ] ] ] } },
{ "type": "Feature", "properties": { "GEOID": "36005014100", "gi_z": 3.73, "borough": "Bronx", "pop": 7856.0, "incidents": 733, "lisa": "High-High" }, "geometry": { "type": "Polygon", "coordinates": [ [ [ -73.916773, 40.824387 ], [ -73.911745, 40.822107 ], [ -73.908418, 40.822181 ], [ -73.908709, 40.824067 ], [ -73.91131, 40.824849 ], [ -73.915451, 40.825748 ], [ -73.916773, 40.824387 ] ] ] } },
{ "type": "Feature", "properties": { "GEOID": "36005044902", "gi_z": -0.96, "borough": "Bronx", "pop": 2175.0, "incidents": 89, "lisa": "Not significant" }, "geometry": { "type": "Polygon", "coordinates": [ [ [ -73.871364, 40.900039 ], [ -73.870487, 40.89664 ], [ -73.866917, 40.896083 ], [ -73.867447, 40.898953 ], [ -73.868042, 40.902642 ], [ -73.871364, 40.900039 ] ] ] } },
{ "type": "Feature", "properties": { "GEOID": "36005021900", "gi_z": 3.41, "borough": "Bronx", "pop": 1488.0, "incidents": 482, "lisa": "High-High" }, "geometry": { "type": "Polygon", "coordinates": [ [ [ -73.922216, 40.837986 ], [ -73.922372, 40.836109 ], [ -73.920125, 40.837588 ], [ -73.917683, 40.840225 ], [ -73.916184, 40.842335 ], [ -73.917955, 40.843102 ], [ -73.921357, 40.840189 ], [ -73.922216, 40.837986 ] ] ] } },
{ "type": "Feature", "properties": { "GEOID": "36005038100", "gi_z": 2.32, "borough": "Bronx", "pop": 6543.0, "incidents": 633, "lisa": "Not significant" }, "geometry": { "type": "Polygon", "coordinates": [ [ [ -73.900852, 40.855937 ], [ -73.903281, 40.848692 ], [ -73.902102, 40.848319 ], [ -73.898776, 40.855364 ], [ -73.900779, 40.856047 ], [ -73.900852, 40.855937 ] ] ] } },
{ "type": "Feature", "properties": { "GEOID": "36005026900", "gi_z": 2.17, "borough": "Bronx", "pop": 4040.0, "incidents": 325, "lisa": "High-High" }, "geometry": { "type": "Polygon", "coordinates": [ [ [ -73.91434, 40.862521 ], [ -73.90904, 40.862679 ], [ -73.909099, 40.863001 ], [ -73.907134, 40.867922 ], [ -73.903794, 40.869617 ], [ -73.906162, 40.873243 ], [ -73.907, 40.873455 ], [ -73.908605, 40.871678 ], [ -73.909804, 40.868282 ], [ -73.91434, 40.862521 ] ] ] } },
{ "type": "Feature", "properties": { "GEOID": "36005022300", "gi_z": 2.99, "borough": "Bronx", "pop": 4867.0, "incidents": 184, "lisa": "High-High" }, "geometry": { "type": "Polygon", "coordinates": [ [ [ -73.916184, 40.842335 ], [ -73.917683, 40.840225 ], [ -73.91594, 40.839552 ], [ -73.913755, 40.838743 ], [ -73.912698, 40.84093 ], [ -73.916184, 40.842335 ] ] ] } },
{ "type": "Feature", "properties": { "GEOID": "36005037200", "gi_z": -0.22, "borough": "Bronx", "pop": 2017.0, "incidents": 142, "lisa": "Not significant" }, "geometry": { "type": "Polygon", "coordinates": [ [ [ -73.86462, 40.876804 ], [ -73.865209, 40.871407 ], [ -73.864266, 40.871389 ], [ -73.861379, 40.871336 ], [ -73.860512, 40.875494 ], [ -73.86462, 40.876804 ] ] ] } },
{ "type": "Feature", "properties": { "GEOID": "36047003700", "gi_z": 4.19, "borough": "Brooklyn", "pop": 4385.0, "incidents": 603, "lisa": "High-High" }, "geometry": { "type": "Polygon", "coordinates": [ [ [ -73.988932, 40.692086 ], [ -73.989662, 40.690334 ], [ -73.986155, 40.689018 ], [ -73.981817, 40.68733 ], [ -73.979363, 40.686682 ], [ -73.983506, 40.689921 ], [ -73.985363, 40.690667 ], [ -73.988932, 40.692086 ] ] ] } },
{ "type": "Feature", "properties": { "GEOID": "36047005100", "gi_z": -1.68, "borough": "Brooklyn", "pop": 2439.0, "incidents": 31, "lisa": "Low-Low" }, "geometry": { "type": "Polygon", "coordinates": [ [ [ -74.005819, 40.683656 ], [ -74.003346, 40.67963 ], [ -74.000642, 40.685247 ], [ -74.004853, 40.685668 ], [ -74.005819, 40.683656 ] ] ] } },
{ "type": "Feature", "properties": { "GEOID": "36047006400", "gi_z": -1.36, "borough": "Brooklyn", "pop": 3463.0, "incidents": 85, "lisa": "Low-Low" }, "geometry": { "type": "Polygon", "coordinates": [ [ [ -74.030764, 40.631392 ], [ -74.032256, 40.627741 ], [ -74.026856, 40.626459 ], [ -74.026561, 40.627187 ], [ -74.025361, 40.630109 ], [ -74.030764, 40.631392 ] ] ] } },
{ "type": "Feature", "properties": { "GEOID": "36047017200", "gi_z": -1.86, "borough": "Brooklyn", "pop": 2746.0, "incidents": 49, "lisa": "Low-Low" }, "geometry": { "type": "Polygon", "coordinates": [ [ [ -74.014695, 40.606424 ], [ -74.01237, 40.605214 ], [ -74.010823, 40.606701 ], [ -74.006014, 40.611325 ], [ -74.008304, 40.612568 ], [ -74.014695, 40.606424 ] ] ] } },
{ "type": "Feature", "properties": { "GEOID": "36047023500", "gi_z": 0.22, "borough": "Brooklyn", "pop": 5527.0, "incidents": 124, "lisa": "Not significant" }, "geometry": { "type": "Polygon", "coordinates": [ [ [ -73.960158, 40.694117 ], [ -73.959428, 40.690448 ], [ -73.95541, 40.690908 ], [ -73.956143, 40.694579 ], [ -73.960158, 40.694117 ] ] ] } },
{ "type": "Feature", "properties": { "GEOID": "36047018200", "gi_z": -1.71, "borough": "Brooklyn", "pop": 3708.0, "incidents": 53, "lisa": "Low-Low" }, "geometry": { "type": "Polygon", "coordinates": [ [ [ -74.003778, 40.613475 ], [ -74.006014, 40.611325 ], [ -74.003425, 40.609969 ], [ -74.002665, 40.60957 ], [ -74.000911, 40.612388 ], [ -74.000192, 40.614951 ], [ -74.002031, 40.615153 ], [ -74.003778, 40.613475 ] ] ] } },
{ "type": "Feature", "properties": { "GEOID": "36047007400", "gi_z": -0.12, "borough": "Brooklyn", "pop": 5478.0, "incidents": 251, "lisa": "Not significant" }, "geometry": { "type": "Polygon", "coordinates": [ [ [ -74.017877, 40.644201 ], [ -74.020212, 40.641981 ], [ -74.018422, 40.640846 ], [ -74.016167, 40.639483 ], [ -74.013814, 40.641745 ], [ -74.017877, 40.644201 ] ] ] } },
{ "type": "Feature", "properties": { "GEOID": "36047013200", "gi_z": -1.68, "borough": "Brooklyn", "pop": 2088.0, "incidents": 57, "lisa": "Low-Low" }, "geometry": { "type": "Polygon", "coordinates": [ [ [ -74.017842, 40.626591 ], [ -74.018879, 40.624303 ], [ -74.013572, 40.627728 ], [ -74.012142, 40.628684 ], [ -74.016048, 40.631033 ], [ -74.017842, 40.626591 ] ] ] } },
{ "type": "Feature", "properties": { "GEOID": "36047026300", "gi_z": -0.17, "borough": "Brooklyn", "pop": 2216.0, "incidents": 238, "lisa": "Not significant" }, "geometry": { "type": "Polygon", "coordinates": [ [ [ -73.948185, 40.690242 ], [ -73.947748, 40.688044 ], [ -73.942076, 40.688697 ], [ -73.942516, 40.690892 ], [ -73.948185, 40.690242 ] ] ] } },
{ "type": "Feature", "properties": { "GEOID": "36047029100", "gi_z": 0.14, "borough": "Brooklyn", "pop": 3461.0, "incidents": 107, "lisa": "Not significant" }, "geometry": { "type": "Polygon", "coordinates": [ [ [ -73.936758, 40.691556 ], [ -73.936172, 40.688627 ], [ -73.930325, 40.689298 ], [ -73.930907, 40.692228 ], [ -73.936758, 40.691556 ] ] ] } },
{ "type": "Feature", "properties": { "GEOID": "36047027000", "gi_z": -1.29, "borough": "Brooklyn", "pop": 2582.0, "incidents": 38, "lisa": "Not significant" }, "geometry": { "type": "Polygon", "coordinates": [ [ [ -73.988551, 40.607002 ], [ -73.993104, 40.606116 ], [ -73.990873, 40.60477 ], [ -73.988643, 40.603421 ], [ -73.986847, 40.605097 ], [ -73.989132, 40.606456 ], [ -73.988551, 40.607002 ] ] ] } },
{ "type": "Feature", "properties": { "GEOID": "36047028300", "gi_z": -0.23, "borough": "Brooklyn", "pop": 3976.0, "incidents": 133, "lisa": "Not significant" }, "geometry": { "type": "Polygon", "coordinates": [ [ [ -73.943526, 40.696031 ], [ -73.943243, 40.694558 ], [ -73.9431, 40.693823 ], [ -73.937342, 40.694485 ], [ -73.937792, 40.69669 ], [ -73.943526, 40.696031 ] ] ] } },
{ "type": "Feature", "properties": { "GEOID": "36047036502", "gi_z": 2.4, "borough": "Brooklyn", "pop": 2389.0, "incidents": 205, "lisa": "High-High" }, "geometry": { "type": "Polygon", "coordinates": [ [ [ -73.908088, 40.67619 ], [ -73.911224, 40.673152 ], [ -73.909255, 40.672948 ], [ -73.907877, 40.673567 ], [ -73.903475, 40.675507 ], [ -73.902535, 40.675884 ], [ -73.908088, 40.67619 ] ] ] } },
{ "type": "Feature", "properties": { "GEOID": "36047041800", "gi_z": -1.69, "borough": "Brooklyn", "pop": 2350.0, "incidents": 52, "lisa": "Low-Low" }, "geometry": { "type": "Polygon", "coordinates": [ [ [ -73.967261, 40.607259 ], [ -73.966959, 40.605662 ], [ -73.966357, 40.60248 ], [ -73.961732, 40.605358 ], [ -73.961886, 40.607336 ], [ -73.967261, 40.607259 ] ] ] } },
{ "type": "Feature", "properties": { "GEOID": "36047049800", "gi_z": -1.27, "borough": "Brooklyn", "pop": 3950.0, "incidents": 73, "lisa": "Not significant" }, "geometry": { "type": "Polygon", "coordinates": [ [ [ -73.98835, 40.644562 ], [ -73.985897, 40.643068 ], [ -73.977774, 40.645342 ], [ -73.978191, 40.647526 ], [ -73.980291, 40.647297 ], [ -73.98835, 40.644562 ] ] ] } },
{ "type": "Feature", "properties": { "GEOID": "36047051400", "gi_z": -0.92, "borough": "Brooklyn", "pop": 7213.0, "incidents": 157, "lisa": "Not significant" }, "geometry": { "type": "Polygon", "coordinates": [ [ [ -73.964087, 40.644407 ], [ -73.963557, 40.64161 ], [ -73.963186, 40.639672 ], [ -73.959377, 40.641471 ], [ -73.957919, 40.644143 ], [ -73.958022, 40.64507 ], [ -73.961214, 40.644723 ], [ -73.964087, 40.644407 ] ] ] } },
{ "type": "Feature", "properties": { "GEOID": "36047058200", "gi_z": -1.59, "borough": "Brooklyn", "pop": 2585.0, "incidents": 107, "lisa": "Low-Low" }, "geometry": { "type": "Polygon", "coordinates": [ [ [ -73.961363, 40.600589 ], [ -73.961185, 40.598312 ], [ -73.961028, 40.596161 ], [ -73.956928, 40.596612 ], [ -73.957757, 40.600986 ], [ -73.961363, 40.600589 ] ] ] } },
{ "type": "Feature", "properties": { "GEOID": "36047059402", "gi_z": -1.74, "borough": "Brooklyn", "pop": 5713.0, "incidents": 99, "lisa": "Low-Low" }, "geometry": { "type": "Polygon", "coordinates": [ [ [ -73.94623, 40.597789 ], [ -73.945374, 40.59328 ], [ -73.944012, 40.591265 ], [ -73.939641, 40.593922 ], [ -73.94148, 40.598304 ], [ -73.942484, 40.598201 ], [ -73.945265, 40.597894 ], [ -73.94623, 40.597789 ] ] ] } },
{ "type": "Feature", "properties": { "GEOID": "36047054900", "gi_z": -0.52, "borough": "Brooklyn", "pop": 4530.0, "incidents": 151, "lisa": "Not significant" }, "geometry": { "type": "Polygon", "coordinates": [ [ [ -73.968861, 40.71265 ], [ -73.969612, 40.71016 ], [ -73.962414, 40.709352 ], [ -73.962035, 40.710362 ], [ -73.961421, 40.711349 ], [ -73.968469, 40.712999 ], [ -73.968861, 40.71265 ] ] ] } },
{ "type": "Feature", "properties": { "GEOID": "36047080400", "gi_z": 0.1, "borough": "Brooklyn", "pop": 3033.0, "incidents": 134, "lisa": "Not significant" }, "geometry": { "type": "Polygon", "coordinates": [ [ [ -73.95081, 40.662354 ], [ -73.950493, 40.659405 ], [ -73.95016, 40.65626 ], [ -73.950066, 40.655423 ], [ -73.947159, 40.655594 ], [ -73.947354, 40.65728 ], [ -73.947676, 40.660297 ], [ -73.947914, 40.662533 ], [ -73.95081, 40.662354 ] ] ] } },
{ "type": "Feature", "properties": { "GEOID": "36047074200", "gi_z": -1.42, "borough": "Brooklyn", "pop": 2516.0, "incidents": 70, "lisa": "Low-Low" }, "geometry": { "type": "Polygon", "coordinates": [ [ [ -73.947327, 40.629166 ], [ -73.946422, 40.624385 ], [ -73.945425, 40.624496 ], [ -73.942645, 40.6248 ], [ -73.943409, 40.62956 ], [ -73.944155, 40.629508 ], [ -73.947327, 40.629166 ] ] ] } },
{ "type": "Feature", "properties": { "GEOID": "36047093000", "gi_z": -0.68, "borough": "Brooklyn", "pop": 2986.0, "incidents": 60, "lisa": "Not significant" }, "geometry": { "type": "Polygon", "coordinates": [ [ [ -73.918137, 40.651158 ], [ -73.916937, 40.646683 ], [ -73.911823, 40.649984 ], [ -73.915226, 40.653039 ], [ -73.918137, 40.651158 ] ] ] } },
{ "type": "Feature", "properties": { "GEOID": "36047101400", "gi_z": -2.17, "borough": "Brooklyn", "pop": 1796.0, "incidents": 30, "lisa": "Low-Low" }, "geometry": { "type": "Polygon", "coordinates": [ [ [ -73.893961, 40.642343 ], [ -73.890328, 40.63908 ], [ -73.887386, 40.640981 ], [ -73.891021, 40.644245 ], [ -73.893961, 40.642343 ] ] ] } },
{ "type": "Feature", "properties": { "GEOID": "36047114600", "gi_z": 0.4, "borough": "Brooklyn", "pop": 3130.0, "incidents": 221, "lisa": "Not significant" }, "geometry": { "type": "Polygon", "coordinates": [ [ [ -73.896537, 40.678594 ], [ -73.889006, 40.678557 ], [ -73.889774, 40.681801 ], [ -73.893185, 40.680161 ], [ -73.896537, 40.678594 ] ] ] } },
{ "type": "Feature", "properties": { "GEOID": "36047118600", "gi_z": -0.36, "borough": "Brooklyn", "pop": 3099.0, "incidents": 106, "lisa": "Not significant" }, "geometry": { "type": "Polygon", "coordinates": [ [ [ -73.87157, 40.681686 ], [ -73.8712, 40.680222 ], [ -73.869342, 40.680191 ], [ -73.863787, 40.681114 ], [ -73.864101, 40.682373 ], [ -73.866295, 40.683189 ], [ -73.87157, 40.681686 ] ] ] } },
{ "type": "Feature", "properties": { "GEOID": "36005033602", "gi_z": 0.51, "borough": "Bronx", "pop": 1234.0, "incidents": 48, "lisa": "Not significant" }, "geometry": { "type": "Polygon", "coordinates": [ [ [ -73.870562, 40.871511 ], [ -73.870537, 40.869674 ], [ -73.867222, 40.869695 ], [ -73.867159, 40.871442 ], [ -73.868258, 40.871462 ], [ -73.870562, 40.871511 ] ] ] } },
{ "type": "Feature", "properties": { "GEOID": "36005033802", "gi_z": -0.24, "borough": "Bronx", "pop": 1579.0, "incidents": 162, "lisa": "Not significant" }, "geometry": { "type": "Polygon", "coordinates": [ [ [ -73.867159, 40.871442 ], [ -73.867222, 40.869695 ], [ -73.864326, 40.869656 ], [ -73.864266, 40.871389 ], [ -73.865209, 40.871407 ], [ -73.867159, 40.871442 ] ] ] } },
{ "type": "Feature", "properties": { "GEOID": "36047088002", "gi_z": -0.54, "borough": "Brooklyn", "pop": 1220.0, "incidents": 41, "lisa": "Not significant" }, "geometry": { "type": "Polygon", "coordinates": [ [ [ -73.931607, 40.663557 ], [ -73.931325, 40.660594 ], [ -73.928172, 40.658478 ], [ -73.926464, 40.659814 ], [ -73.930685, 40.66362 ], [ -73.931607, 40.663557 ] ] ] } },
{ "type": "Feature", "properties": { "GEOID": "36061012101", "gi_z": 13.29, "borough": "Manhattan", "pop": 3217.0, "incidents": 485, "lisa": "High-High" }, "geometry": { "type": "Polygon", "coordinates": [ [ [ -73.990764, 40.760988 ], [ -73.992633, 40.75843 ], [ -73.989791, 40.757234 ], [ -73.987927, 40.759791 ], [ -73.990764, 40.760988 ] ] ] } },
{ "type": "Feature", "properties": { "GEOID": "36061013604", "gi_z": -1.48, "borough": "Manhattan", "pop": 4030.0, "incidents": 37, "lisa": "Not significant" }, "geometry": { "type": "Polygon", "coordinates": [ [ [ -73.950339, 40.775564 ], [ -73.951261, 40.774292 ], [ -73.94901, 40.773342 ], [ -73.946656, 40.772351 ], [ -73.945728, 40.773622 ], [ -73.950339, 40.775564 ] ] ] } },
{ "type": "Feature", "properties": { "GEOID": "36081101003", "gi_z": 0.13, "borough": "Queens", "pop": 4533.0, "incidents": 210, "lisa": "Not significant" }, "geometry": { "type": "Polygon", "coordinates": [ [ [ -73.753754, 40.600712 ], [ -73.752478, 40.599245 ], [ -73.745405, 40.601955 ], [ -73.74574, 40.603403 ], [ -73.75285, 40.60426 ], [ -73.753754, 40.600712 ] ] ] } },
{ "type": "Feature", "properties": { "GEOID": "36081025402", "gi_z": 0.5, "borough": "Queens", "pop": 6013.0, "incidents": 201, "lisa": "Not significant" }, "geometry": { "type": "Polygon", "coordinates": [ [ [ -73.797537, 40.698199 ], [ -73.793635, 40.693471 ], [ -73.791247, 40.696565 ], [ -73.786901, 40.698386 ], [ -73.788387, 40.69972 ], [ -73.791156, 40.702294 ], [ -73.792368, 40.702121 ], [ -73.797537, 40.698199 ] ] ] } },
{ "type": "Feature", "properties": { "GEOID": "36081097205", "gi_z": -1.02, "borough": "Queens", "pop": 3318.0, "incidents": 16, "lisa": "Not significant" }, "geometry": { "type": "Polygon", "coordinates": [ [ [ -73.789163, 40.596077 ], [ -73.789133, 40.594044 ], [ -73.781836, 40.595267 ], [ -73.781952, 40.596457 ], [ -73.789163, 40.596077 ] ] ] } },
{ "type": "Feature", "properties": { "GEOID": "36081026502", "gi_z": 0.06, "borough": "Queens", "pop": 1393.0, "incidents": 26, "lisa": "Not significant" }, "geometry": { "type": "Polygon", "coordinates": [ [ [ -73.894447, 40.746535 ], [ -73.896453, 40.742861 ], [ -73.892179, 40.742873 ], [ -73.894447, 40.746535 ] ] ] } },
{ "type": "Feature", "properties": { "GEOID": "36081017902", "gi_z": -0.99, "borough": "Queens", "pop": 69.0, "incidents": 220, "lisa": "High-Low" }, "geometry": { "type": "Polygon", "coordinates": [ [ [ -73.937697, 40.745239 ], [ -73.937651, 40.743305 ], [ -73.934868, 40.742983 ], [ -73.930227, 40.742446 ], [ -73.927444, 40.742123 ], [ -73.926353, 40.747551 ], [ -73.937697, 40.745239 ] ] ] } },
{ "type": "Feature", "properties": { "GEOID": "36081049202", "gi_z": -1.34, "borough": "Queens", "pop": 2338.0, "incidents": 51, "lisa": "Not significant" }, "geometry": { "type": "Polygon", "coordinates": [ [ [ -73.759441, 40.721063 ], [ -73.758327, 40.719582 ], [ -73.757257, 40.718139 ], [ -73.752334, 40.720262 ], [ -73.755771, 40.72364 ], [ -73.759441, 40.721063 ] ] ] } },
{ "type": "Feature", "properties": { "GEOID": "36047009202", "gi_z": -1.69, "borough": "Brooklyn", "pop": 2648.0, "incidents": 45, "lisa": "Low-Low" }, "geometry": { "type": "Polygon", "coordinates": [ [ [ -73.998466, 40.646159 ], [ -74.000213, 40.644477 ], [ -73.998011, 40.643147 ], [ -73.996266, 40.644827 ], [ -73.998466, 40.646159 ] ] ] } },
{ "type": "Feature", "properties": { "GEOID": "36047009201", "gi_z": -1.78, "borough": "Brooklyn", "pop": 1986.0, "incidents": 44, "lisa": "Low-Low" }, "geometry": { "type": "Polygon", "coordinates": [ [ [ -74.000662, 40.647487 ], [ -74.002415, 40.645809 ], [ -74.000213, 40.644477 ], [ -73.998466, 40.646159 ], [ -74.000662, 40.647487 ] ] ] } },
{ "type": "Feature", "properties": { "GEOID": "36047079202", "gi_z": -0.12, "borough": "Brooklyn", "pop": 1942.0, "incidents": 81, "lisa": "Not significant" }, "geometry": { "type": "Polygon", "coordinates": [ [ [ -73.955652, 40.646631 ], [ -73.954525, 40.642887 ], [ -73.951652, 40.643066 ], [ -73.95205, 40.646771 ], [ -73.955652, 40.646631 ] ] ] } },
{ "type": "Feature", "properties": { "GEOID": "36047078602", "gi_z": -1.02, "borough": "Brooklyn", "pop": 2104.0, "incidents": 64, "lisa": "Not significant" }, "geometry": { "type": "Polygon", "coordinates": [ [ [ -73.948015, 40.636267 ], [ -73.945617, 40.631778 ], [ -73.944629, 40.631838 ], [ -73.945123, 40.636448 ], [ -73.948015, 40.636267 ] ] ] } },
{ "type": "Feature", "properties": { "GEOID": "36047010402", "gi_z": -0.44, "borough": "Brooklyn", "pop": 2174.0, "incidents": 123, "lisa": "Not significant" }, "geometry": { "type": "Polygon", "coordinates": [ [ [ -74.007206, 40.637755 ], [ -74.009557, 40.635493 ], [ -74.007356, 40.634164 ], [ -74.005003, 40.636425 ], [ -74.007206, 40.637755 ] ] ] } },
{ "type": "Feature", "properties": { "GEOID": "36047009001", "gi_z": -1.6, "borough": "Brooklyn", "pop": 1305.0, "incidents": 38, "lisa": "Low-Low" }, "geometry": { "type": "Polygon", "coordinates": [ [ [ -73.998276, 40.649734 ], [ -74.000662, 40.647487 ], [ -73.998466, 40.646159 ], [ -73.996088, 40.648307 ], [ -73.998276, 40.649734 ] ] ] } },
{ "type": "Feature", "properties": { "GEOID": "36047009401", "gi_z": -1.39, "borough": "Brooklyn", "pop": 1946.0, "incidents": 86, "lisa": "Low-Low" }, "geometry": { "type": "Polygon", "coordinates": [ [ [ -74.002415, 40.645809 ], [ -74.004747, 40.643567 ], [ -74.002545, 40.642236 ], [ -74.000213, 40.644477 ], [ -74.002415, 40.645809 ] ] ] } },
{ "type": "Feature", "properties": { "GEOID": "36047035701", "gi_z": -0.13, "borough": "Brooklyn", "pop": 2398.0, "incidents": 207, "lisa": "Not significant" }, "geometry": { "type": "Polygon", "coordinates": [ [ [ -73.928098, 40.671321 ], [ -73.92835, 40.668647 ], [ -73.925598, 40.668496 ], [ -73.925328, 40.671169 ], [ -73.928098, 40.671321 ] ] ] } },
{ "type": "Feature", "properties": { "GEOID": "36061015301", "gi_z": -0.04, "borough": "Manhattan", "pop": 4799.0, "incidents": 63, "lisa": "Not significant" }, "geometry": { "type": "Polygon", "coordinates": [ [ [ -73.979746, 40.776106 ], [ -73.981573, 40.773602 ], [ -73.978728, 40.772417 ], [ -73.976912, 40.774909 ], [ -73.979746, 40.776106 ] ] ] } },
{ "type": "Feature", "properties": { "GEOID": "36061010801", "gi_z": 0.38, "borough": "Manhattan", "pop": 3161.0, "incidents": 54, "lisa": "Not significant" }, "geometry": { "type": "Polygon", "coordinates": [ [ [ -73.968024, 40.759578 ], [ -73.968936, 40.75833 ], [ -73.964325, 40.756381 ], [ -73.963412, 40.757637 ], [ -73.965783, 40.758632 ], [ -73.968024, 40.759578 ] ] ] } },
{ "type": "Feature", "properties": { "GEOID": "36061013202", "gi_z": -1.9, "borough": "Manhattan", "pop": 3616.0, "incidents": 40, "lisa": "Low-Low" }, "geometry": { "type": "Polygon", "coordinates": [ [ [ -73.950435, 40.771391 ], [ -73.951858, 40.769441 ], [ -73.947502, 40.770121 ], [ -73.948073, 40.770394 ], [ -73.950435, 40.771391 ] ] ] } },
{ "type": "Feature", "properties": { "GEOID": "36061012102", "gi_z": 3.6, "borough": "Manhattan", "pop": 5029.0, "incidents": 185, "lisa": "High-High" }, "geometry": { "type": "Polygon", "coordinates": [ [ [ -73.993609, 40.762184 ], [ -73.995474, 40.759627 ], [ -73.992633, 40.75843 ], [ -73.990764, 40.760988 ], [ -73.993609, 40.762184 ] ] ] } },
{ "type": "Feature", "properties": { "GEOID": "36081027701", "gi_z": 1.26, "borough": "Queens", "pop": 3553.0, "incidents": 217, "lisa": "Not significant" }, "geometry": { "type": "Polygon", "coordinates": [ [ [ -73.879104, 40.752373 ], [ -73.878406, 40.748216 ], [ -73.87648, 40.748416 ], [ -73.877247, 40.752568 ], [ -73.879104, 40.752373 ] ] ] } },
{ "type": "Feature", "properties": { "GEOID": "36081003301", "gi_z": 2.05, "borough": "Queens", "pop": 4042.0, "incidents": 347, "lisa": "High-High" }, "geometry": { "type": "Polygon", "coordinates": [ [ [ -73.94243, 40.753998 ], [ -73.944018, 40.75235 ], [ -73.940513, 40.750856 ], [ -73.936835, 40.748395 ], [ -73.935387, 40.749412 ], [ -73.934743, 40.750979 ], [ -73.93717, 40.753079 ], [ -73.94243, 40.753998 ] ] ] } },
{ "type": "Feature", "properties": { "GEOID": "36081037502", "gi_z": 1.21, "borough": "Queens", "pop": 2669.0, "incidents": 327, "lisa": "Not significant" }, "geometry": { "type": "Polygon", "coordinates": [ [ [ -73.873657, 40.756804 ], [ -73.870842, 40.751545 ], [ -73.869425, 40.749157 ], [ -73.868458, 40.749264 ], [ -73.870695, 40.753564 ], [ -73.871324, 40.757036 ], [ -73.872219, 40.756943 ], [ -73.873657, 40.756804 ] ] ] } },
{ "type": "Feature", "properties": { "GEOID": "36081040702", "gi_z": 1.68, "borough": "Queens", "pop": 4430.0, "incidents": 254, "lisa": "Not significant" }, "geometry": { "type": "Polygon", "coordinates": [ [ [ -73.868906, 40.753942 ], [ -73.866557, 40.749464 ], [ -73.864185, 40.74972 ], [ -73.862726, 40.749868 ], [ -73.865401, 40.75301 ], [ -73.866904, 40.754363 ], [ -73.868906, 40.753942 ] ] ] } },
{ "type": "Feature", "properties": { "GEOID": "36081040902", "gi_z": 0.43, "borough": "Queens", "pop": 2972.0, "incidents": 228, "lisa": "Not significant" }, "geometry": { "type": "Polygon", "coordinates": [ [ [ -73.870695, 40.753564 ], [ -73.868458, 40.749264 ], [ -73.866557, 40.749464 ], [ -73.868906, 40.753942 ], [ -73.870695, 40.753564 ] ] ] } },
{ "type": "Feature", "properties": { "GEOID": "36081040501", "gi_z": 2.01, "borough": "Queens", "pop": 964.0, "incidents": 398, "lisa": "Not significant" }, "geometry": { "type": "Polygon", "coordinates": [ [ [ -73.864185, 40.74972 ], [ -73.862531, 40.746534 ], [ -73.86032, 40.747196 ], [ -73.861751, 40.749968 ], [ -73.862726, 40.749868 ], [ -73.864185, 40.74972 ] ] ] } },
{ "type": "Feature", "properties": { "GEOID": "36081040101", "gi_z": 0.89, "borough": "Queens", "pop": 2251.0, "incidents": 182, "lisa": "Not significant" }, "geometry": { "type": "Polygon", "coordinates": [ [ [ -73.858763, 40.750717 ], [ -73.857323, 40.747922 ], [ -73.854421, 40.748805 ], [ -73.855835, 40.751577 ], [ -73.858763, 40.750717 ] ] ] } },
{ "type": "Feature", "properties": { "GEOID": "36081000103", "gi_z": -0.64, "borough": "Queens", "pop": 35.0, "incidents": 12, "lisa": "Not significant" }, "geometry": { "type": "Polygon", "coordinates": [ [ [ -73.956842, 40.748828 ], [ -73.95505, 40.747334 ], [ -73.952213, 40.749056 ], [ -73.949144, 40.754485 ], [ -73.95084, 40.755219 ], [ -73.956842, 40.748828 ] ] ] } },
{ "type": "Feature", "properties": { "GEOID": "36061022700", "gi_z": 2.51, "borough": "Manhattan", "pop": 5887.0, "incidents": 444, "lisa": "High-High" }, "geometry": { "type": "Polygon", "coordinates": [ [ [ -73.949006, 40.823315 ], [ -73.949921, 40.822073 ], [ -73.946078, 40.821264 ], [ -73.945155, 40.820876 ], [ -73.942924, 40.82326 ], [ -73.947604, 40.825233 ], [ -73.949006, 40.823315 ] ] ] } },
{ "type": "Feature", "properties": { "GEOID": "36005015900", "gi_z": 3.81, "borough": "Bronx", "pop": 2407.0, "incidents": 466, "lisa": "High-High" }, "geometry": { "type": "Polygon", "coordinates": [ [ [ -73.895861, 40.822631 ], [ -73.892836, 40.820974 ], [ -73.891615, 40.820985 ], [ -73.892005, 40.824723 ], [ -73.8932, 40.824008 ], [ -73.895861, 40.822631 ] ] ] } },
{ "type": "Feature", "properties": { "GEOID": "36005020900", "gi_z": 1.68, "borough": "Bronx", "pop": 4809.0, "incidents": 259, "lisa": "Not significant" }, "geometry": { "type": "Polygon", "coordinates": [ [ [ -73.917402, 40.845036 ], [ -73.917955, 40.843102 ], [ -73.916184, 40.842335 ], [ -73.912698, 40.84093 ], [ -73.911927, 40.843267 ], [ -73.916726, 40.84505 ], [ -73.917402, 40.845036 ] ] ] } },
{ "type": "Feature", "properties": { "GEOID": "36047092400", "gi_z": 0.71, "borough": "Brooklyn", "pop": 3420.0, "incidents": 468, "lisa": "Not significant" }, "geometry": { "type": "Polygon", "coordinates": [ [ [ -73.914039, 40.670897 ], [ -73.912516, 40.665209 ], [ -73.911727, 40.662135 ], [ -73.90892, 40.662554 ], [ -73.91009, 40.667154 ], [ -73.911336, 40.672077 ], [ -73.914039, 40.670897 ] ] ] } },
{ "type": "Feature", "properties": { "GEOID": "36081075701", "gi_z": -0.44, "borough": "Queens", "pop": 5031.0, "incidents": 126, "lisa": "Not significant" }, "geometry": { "type": "Polygon", "coordinates": [ [ [ -73.835963, 40.721677 ], [ -73.839812, 40.719602 ], [ -73.834962, 40.717172 ], [ -73.831385, 40.714529 ], [ -73.835963, 40.721677 ] ] ] } },
{ "type": "Feature", "properties": { "GEOID": "36081122702", "gi_z": -0.53, "borough": "Queens", "pop": 6209.0, "incidents": 152, "lisa": "Not significant" }, "geometry": { "type": "Polygon", "coordinates": [ [ [ -73.814916, 40.732038 ], [ -73.81444, 40.728094 ], [ -73.810744, 40.726265 ], [ -73.811124, 40.727833 ], [ -73.810772, 40.732326 ], [ -73.809414, 40.738603 ], [ -73.815057, 40.738987 ], [ -73.814968, 40.73855 ], [ -73.814916, 40.732038 ] ] ] } },
{ "type": "Feature", "properties": { "GEOID": "36085024401", "gi_z": -1.22, "borough": "Staten Island", "pop": 6270.0, "incidents": 63, "lisa": "Not significant" }, "geometry": { "type": "Polygon", "coordinates": [ [ [ -74.255594215735002, 40.507731345405801 ], [ -74.254588, 40.502303 ], [ -74.223215, 40.508659 ], [ -74.22691, 40.519172 ], [ -74.229482, 40.519084 ], [ -74.232822, 40.516337 ], [ -74.243538, 40.510063 ], [ -74.251849, 40.507582 ], [ -74.255594215735002, 40.507731345405801 ] ] ] } },
{ "type": "Feature", "properties": { "GEOID": "36085009602", "gi_z": -2.03, "borough": "Staten Island", "pop": 3800.0, "incidents": 50, "lisa": "Low-Low" }, "geometry": { "type": "Polygon", "coordinates": [ [ [ -74.100817, 40.592668 ], [ -74.100905, 40.59102 ], [ -74.100883, 40.590179 ], [ -74.092616, 40.58594 ], [ -74.088365, 40.590752 ], [ -74.097221, 40.595365 ], [ -74.100817, 40.592668 ] ] ] } },
{ "type": "Feature", "properties": { "GEOID": "36085030302", "gi_z": -0.8, "borough": "Staten Island", "pop": 6123.0, "incidents": 98, "lisa": "Not significant" }, "geometry": { "type": "Polygon", "coordinates": [ [ [ -74.166559, 40.627367 ], [ -74.168141, 40.622078 ], [ -74.155425, 40.620069 ], [ -74.149241, 40.623329 ], [ -74.148768, 40.625104 ], [ -74.153134, 40.625597 ], [ -74.160502, 40.62653 ], [ -74.166559, 40.627367 ] ] ] } },
{ "type": "Feature", "properties": { "GEOID": "36061011800", "gi_z": 0.33, "borough": "Manhattan", "pop": 9264.0, "incidents": 151, "lisa": "Not significant" }, "geometry": { "type": "Polygon", "coordinates": [ [ [ -73.962014, 40.767812 ], [ -73.964299, 40.764683 ], [ -73.959695, 40.76274 ], [ -73.957412, 40.765868 ], [ -73.959777, 40.766868 ], [ -73.962014, 40.767812 ] ] ] } },
{ "type": "Feature", "properties": { "GEOID": "36061015700", "gi_z": 0.14, "borough": "Manhattan", "pop": 10669.0, "incidents": 237, "lisa": "Not significant" }, "geometry": { "type": "Polygon", "coordinates": [ [ [ -73.980673, 40.779925 ], [ -73.982583, 40.777303 ], [ -73.979746, 40.776106 ], [ -73.976912, 40.774909 ], [ -73.974997, 40.777533 ], [ -73.980673, 40.779925 ] ] ] } },
{ "type": "Feature", "properties": { "GEOID": "36061016100", "gi_z": 1.14, "borough": "Manhattan", "pop": 5756.0, "incidents": 116, "lisa": "Not significant" }, "geometry": { "type": "Polygon", "coordinates": [ [ [ -73.978823, 40.782465 ], [ -73.980673, 40.779925 ], [ -73.974997, 40.777533 ], [ -73.973571, 40.779478 ], [ -73.978823, 40.782465 ] ] ] } },
{ "type": "Feature", "properties": { "GEOID": "36061011203", "gi_z": 0.74, "borough": "Manhattan", "pop": 986.0, "incidents": 412, "lisa": "Not significant" }, "geometry": { "type": "Polygon", "coordinates": [ [ [ -73.969801, 40.762914 ], [ -73.971243, 40.760937 ], [ -73.968024, 40.759578 ], [ -73.966583, 40.761552 ], [ -73.969801, 40.762914 ] ] ] } },
{ "type": "Feature", "properties": { "GEOID": "36061020901", "gi_z": 2.19, "borough": "Manhattan", "pop": 3656.0, "incidents": 195, "lisa": "High-High" }, "geometry": { "type": "Polygon", "coordinates": [ [ [ -73.956269, 40.813375 ], [ -73.957808, 40.811264 ], [ -73.954966, 40.810064 ], [ -73.952101, 40.811442 ], [ -73.955707, 40.814144 ], [ -73.956269, 40.813375 ] ] ] } },
{ "type": "Feature", "properties": { "GEOID": "36061017401", "gi_z": 0.6, "borough": "Manhattan", "pop": 5321.0, "incidents": 161, "lisa": "Not significant" }, "geometry": { "type": "Polygon", "coordinates": [ [ [ -73.94922, 40.79691 ], [ -73.951111, 40.794285 ], [ -73.947896, 40.792928 ], [ -73.946042, 40.795467 ], [ -73.94922, 40.79691 ] ] ] } },
{ "type": "Feature", "properties": { "GEOID": "36061018400", "gi_z": 4.84, "borough": "Manhattan", "pop": 8225.0, "incidents": 222, "lisa": "High-High" }, "geometry": { "type": "Polygon", "coordinates": [ [ [ -73.946974, 40.799961 ], [ -73.948311, 40.798129 ], [ -73.945096, 40.796764 ], [ -73.941825, 40.80124 ], [ -73.945052, 40.802599 ], [ -73.946974, 40.799961 ] ] ] } },
{ "type": "Feature", "properties": { "GEOID": "36061010601", "gi_z": -1.07, "borough": "Manhattan", "pop": 7753.0, "incidents": 58, "lisa": "Not significant" }, "geometry": { "type": "Polygon", "coordinates": [ [ [ -73.963412, 40.757637 ], [ -73.964325, 40.756381 ], [ -73.958614, 40.753848 ], [ -73.955527, 40.757243 ], [ -73.961966, 40.759619 ], [ -73.963412, 40.757637 ] ] ] } },
{ "type": "Feature", "properties": { "GEOID": "36061010400", "gi_z": 4.95, "borough": "Manhattan", "pop": 1058.0, "incidents": 495, "lisa": "High-High" }, "geometry": { "type": "Polygon", "coordinates": [ [ [ -73.980426, 40.759899 ], [ -73.980886, 40.75927 ], [ -73.977655, 40.757912 ], [ -73.974457, 40.762293 ], [ -73.977686, 40.763645 ], [ -73.978601, 40.762396 ], [ -73.980426, 40.759899 ] ] ] } },
{ "type": "Feature", "properties": { "GEOID": "36047041700", "gi_z": 0.46, "borough": "Brooklyn", "pop": 3402.0, "incidents": 132, "lisa": "Not significant" }, "geometry": { "type": "Polygon", "coordinates": [ [ [ -73.921154, 40.692796 ], [ -73.917791, 40.69146 ], [ -73.914808, 40.694497 ], [ -73.915562, 40.694922 ], [ -73.917818, 40.696208 ], [ -73.921154, 40.692796 ] ] ] } },
{ "type": "Feature", "properties": { "GEOID": "36047042500", "gi_z": 0.68, "borough": "Brooklyn", "pop": 2709.0, "incidents": 93, "lisa": "Not significant" }, "geometry": { "type": "Polygon", "coordinates": [ [ [ -73.932698, 40.703171 ], [ -73.933951, 40.702674 ], [ -73.930521, 40.698772 ], [ -73.927588, 40.701762 ], [ -73.931155, 40.703773 ], [ -73.932698, 40.703171 ] ] ] } },
{ "type": "Feature", "properties": { "GEOID": "36047045300", "gi_z": 0.91, "borough": "Brooklyn", "pop": 1823.0, "incidents": 239, "lisa": "Not significant" }, "geometry": { "type": "Polygon", "coordinates": [ [ [ -73.932072, 40.707786 ], [ -73.932698, 40.703171 ], [ -73.931155, 40.703773 ], [ -73.926089, 40.70568 ], [ -73.921892, 40.709396 ], [ -73.932072, 40.707786 ] ] ] } },
{ "type": "Feature", "properties": { "GEOID": "36047047000", "gi_z": -1.87, "borough": "Brooklyn", "pop": 2629.0, "incidents": 35, "lisa": "Low-Low" }, "geometry": { "type": "Polygon", "coordinates": [ [ [ -73.989009, 40.627676 ], [ -73.990756, 40.625998 ], [ -73.988302, 40.624514 ], [ -73.986101, 40.623183 ], [ -73.981566, 40.624095 ], [ -73.988428, 40.628231 ], [ -73.989009, 40.627676 ] ] ] } },
{ "type": "Feature", "properties": { "GEOID": "36081068700", "gi_z": -0.73, "borough": "Queens", "pop": 4405.0, "incidents": 98, "lisa": "Not significant" }, "geometry": { "type": "Polygon", "coordinates": [ [ [ -73.869037, 40.732849 ], [ -73.875237, 40.730724 ], [ -73.871429, 40.729248 ], [ -73.870632, 40.727059 ], [ -73.8663, 40.728186 ], [ -73.864479, 40.731089 ], [ -73.869037, 40.732849 ] ] ] } },
{ "type": "Feature", "properties": { "GEOID": "36081073100", "gi_z": -1.87, "borough": "Queens", "pop": 1724.0, "incidents": 24, "lisa": "Low-Low" }, "geometry": { "type": "Polygon", "coordinates": [ [ [ -73.84912, 40.7133 ], [ -73.850916, 40.710471 ], [ -73.843016, 40.709176 ], [ -73.840692, 40.710153 ], [ -73.84476, 40.711706 ], [ -73.84912, 40.7133 ] ] ] } },
{ "type": "Feature", "properties": { "GEOID": "36047056900", "gi_z": -0.19, "borough": "Brooklyn", "pop": 1662.0, "incidents": 180, "lisa": "Not significant" }, "geometry": { "type": "Polygon", "coordinates": [ [ [ -73.950875, 40.725721 ], [ -73.956273, 40.72339 ], [ -73.954776, 40.72246 ], [ -73.950646, 40.721705 ], [ -73.949078, 40.72254 ], [ -73.950875, 40.725721 ] ] ] } },
{ "type": "Feature", "properties": { "GEOID": "36047064000", "gi_z": -2.32, "borough": "Brooklyn", "pop": 1327.0, "incidents": 15, "lisa": "Low-Low" }, "geometry": { "type": "Polygon", "coordinates": [ [ [ -73.943699, 40.610214 ], [ -73.943641, 40.609859 ], [ -73.942312, 40.608269 ], [ -73.939347, 40.610187 ], [ -73.936438, 40.612069 ], [ -73.938254, 40.613702 ], [ -73.93897, 40.61324 ], [ -73.943699, 40.610214 ] ] ] } },
{ "type": "Feature", "properties": { "GEOID": "36047065200", "gi_z": -2.16, "borough": "Brooklyn", "pop": 1121.0, "incidents": 45, "lisa": "Low-Low" }, "geometry": { "type": "Polygon", "coordinates": [ [ [ -73.933205, 40.61697 ], [ -73.933917, 40.616508 ], [ -73.92846, 40.611613 ], [ -73.92617, 40.61306 ], [ -73.926295, 40.613193 ], [ -73.928478, 40.615017 ], [ -73.931731, 40.617927 ], [ -73.933205, 40.61697 ] ] ] } },
{ "type": "Feature", "properties": { "GEOID": "36081119100", "gi_z": -2.16, "borough": "Queens", "pop": 3222.0, "incidents": 59, "lisa": "Low-Low" }, "geometry": { "type": "Polygon", "coordinates": [ [ [ -73.809799, 40.759192 ], [ -73.810123, 40.756839 ], [ -73.807685, 40.753987 ], [ -73.804445, 40.75373 ], [ -73.803946, 40.753699 ], [ -73.803595, 40.756324 ], [ -73.804207, 40.758747 ], [ -73.808867, 40.759115 ], [ -73.809799, 40.759192 ] ] ] } },
{ "type": "Feature", "properties": { "GEOID": "36081126500", "gi_z": -1.17, "borough": "Queens", "pop": 2085.0, "incidents": 59, "lisa": "Not significant" }, "geometry": { "type": "Polygon", "coordinates": [ [ [ -73.80904, 40.719912 ], [ -73.808605, 40.718415 ], [ -73.799001, 40.720145 ], [ -73.800194, 40.72294 ], [ -73.804529, 40.721466 ], [ -73.80904, 40.719912 ] ] ] } },
{ "type": "Feature", "properties": { "GEOID": "36061007900", "gi_z": 1.62, "borough": "Manhattan", "pop": 4458.0, "incidents": 311, "lisa": "Not significant" }, "geometry": { "type": "Polygon", "coordinates": [ [ [ -74.017282893472498, 40.744179978458703 ], [ -74.019184431916003, 40.736366105108509 ], [ -74.005829, 40.736534 ], [ -74.005158, 40.740858 ], [ -74.008204, 40.742148 ], [ -74.017282893472498, 40.744179978458703 ] ] ] } },
{ "type": "Feature", "properties": { "GEOID": "36061015002", "gi_z": -0.29, "borough": "Manhattan", "pop": 4904.0, "incidents": 59, "lisa": "Not significant" }, "geometry": { "type": "Polygon", "coordinates": [ [ [ -73.958096, 40.784718 ], [ -73.960416, 40.781532 ], [ -73.957202, 40.780179 ], [ -73.954877, 40.783363 ], [ -73.958096, 40.784718 ] ] ] } },
{ "type": "Feature", "properties": { "GEOID": "36061022900", "gi_z": 3.2, "borough": "Manhattan", "pop": 7702.0, "incidents": 527, "lisa": "High-High" }, "geometry": { "type": "Polygon", "coordinates": [ [ [ -73.961479276070904, 40.830881081370393 ], [ -73.962363690283397, 40.828813262339509 ], [ -73.949006, 40.823315 ], [ -73.947604, 40.825233 ], [ -73.947117, 40.825904 ], [ -73.961479276070904, 40.830881081370393 ] ] ] } },
{ "type": "Feature", "properties": { "GEOID": "36061019300", "gi_z": 1.66, "borough": "Manhattan", "pop": 9211.0, "incidents": 270, "lisa": "Not significant" }, "geometry": { "type": "Polygon", "coordinates": [ [ [ -73.963861, 40.802972 ], [ -73.965711, 40.800437 ], [ -73.960037, 40.798038 ], [ -73.958195, 40.800553 ], [ -73.959647, 40.801156 ], [ -73.963861, 40.802972 ] ] ] } },
{ "type": "Feature", "properties": { "GEOID": "36061008300", "gi_z": 2.95, "borough": "Manhattan", "pop": 3614.0, "incidents": 336, "lisa": "High-High" }, "geometry": { "type": "Polygon", "coordinates": [ [ [ -74.006385, 40.744646 ], [ -74.008204, 40.742148 ], [ -74.005158, 40.740858 ], [ -74.002523, 40.739753 ], [ -74.000703, 40.742254 ], [ -74.006385, 40.744646 ] ] ] } },
{ "type": "Feature", "properties": { "GEOID": "36061002500", "gi_z": 1.3, "borough": "Manhattan", "pop": 4476.0, "incidents": 128, "lisa": "Not significant" }, "geometry": { "type": "Polygon", "coordinates": [ [ [ -74.00051, 40.710984 ], [ -74.001419, 40.709815 ], [ -73.994498, 40.704318 ], [ -73.993693, 40.704476 ], [ -73.996947, 40.712072 ], [ -74.00051, 40.710984 ] ] ] } },
{ "type": "Feature", "properties": { "GEOID": "36047091800", "gi_z": 0.9, "borough": "Brooklyn", "pop": 2453.0, "incidents": 100, "lisa": "Not significant" }, "geometry": { "type": "Polygon", "coordinates": [ [ [ -73.90892, 40.662554 ], [ -73.907191, 40.659619 ], [ -73.900661, 40.660587 ], [ -73.901451, 40.663659 ], [ -73.905173, 40.663106 ], [ -73.90892, 40.662554 ] ] ] } },
{ "type": "Feature", "properties": { "GEOID": "36047096200", "gi_z": -1.04, "borough": "Brooklyn", "pop": 1315.0, "incidents": 59, "lisa": "Not significant" }, "geometry": { "type": "Polygon", "coordinates": [ [ [ -73.910716, 40.647888 ], [ -73.912915, 40.644177 ], [ -73.910764, 40.642246 ], [ -73.907084, 40.644623 ], [ -73.910716, 40.647888 ] ] ] } },
{ "type": "Feature", "properties": { "GEOID": "36047121000", "gi_z": 1.19, "borough": "Brooklyn", "pop": 3738.0, "incidents": 38, "lisa": "Not significant" }, "geometry": { "type": "Polygon", "coordinates": [ [ [ -73.874624, 40.672389 ], [ -73.874231, 40.670863 ], [ -73.872841, 40.668032 ], [ -73.871875, 40.666764 ], [ -73.870112, 40.668014 ], [ -73.871303, 40.672858 ], [ -73.874624, 40.672389 ] ] ] } },
{ "type": "Feature", "properties": { "GEOID": "36047061600", "gi_z": -1.36, "borough": "Brooklyn", "pop": 1626.0, "incidents": 28, "lisa": "Not significant" }, "geometry": { "type": "Polygon", "coordinates": [ [ [ -73.952874, 40.576882 ], [ -73.952493509198007, 40.574909053274851 ], [ -73.946295, 40.5756 ], [ -73.931968, 40.57577 ], [ -73.9330370027116, 40.5820036303558 ], [ -73.940439, 40.581879 ], [ -73.939801, 40.578317 ], [ -73.952874, 40.576882 ] ] ] } },
{ "type": "Feature", "properties": { "GEOID": "36085000300", "gi_z": 0.87, "borough": "Staten Island", "pop": 1889.0, "incidents": 184, "lisa": "Not significant" }, "geometry": { "type": "Polygon", "coordinates": [ [ [ -74.079206, 40.643431 ], [ -74.078846, 40.641995 ], [ -74.077899, 40.638094 ], [ -74.073537085921203, 40.637880281428295 ], [ -74.071494, 40.642838 ], [ -74.074315190992905, 40.644831297769613 ], [ -74.079206, 40.643431 ] ] ] } },
{ "type": "Feature", "properties": { "GEOID": "36085007400", "gi_z": -1.43, "borough": "Staten Island", "pop": 4854.0, "incidents": 94, "lisa": "Low-Low" }, "geometry": { "type": "Polygon", "coordinates": [ [ [ -74.07044, 40.596735 ], [ -74.065021309922102, 40.58906834988661 ], [ -74.059725523440605, 40.594118359422986 ], [ -74.063759, 40.598935 ], [ -74.07044, 40.596735 ] ] ] } },
{ "type": "Feature", "properties": { "GEOID": "36085014100", "gi_z": -1.02, "borough": "Staten Island", "pop": 2554.0, "incidents": 55, "lisa": "Not significant" }, "geometry": { "type": "Polygon", "coordinates": [ [ [ -74.130461, 40.630897 ], [ -74.13131, 40.626328 ], [ -74.125133, 40.627102 ], [ -74.121257, 40.627823 ], [ -74.124891, 40.631728 ], [ -74.130461, 40.630897 ] ] ] } },
{ "type": "Feature", "properties": { "GEOID": "36005012701", "gi_z": 3.06, "borough": "Bronx", "pop": 2129.0, "incidents": 181, "lisa": "High-High" }, "geometry": { "type": "Polygon", "coordinates": [ [ [ -73.894836, 40.82624 ], [ -73.894871, 40.823937 ], [ -73.8932, 40.824008 ], [ -73.892005, 40.824723 ], [ -73.89139, 40.824941 ], [ -73.887895, 40.826743 ], [ -73.890905, 40.826788 ], [ -73.894836, 40.82624 ] ] ] } },
{ "type": "Feature", "properties": { "GEOID": "36005032300", "gi_z": -0.86, "borough": "Bronx", "pop": 4981.0, "incidents": 82, "lisa": "Not significant" }, "geometry": { "type": "Polygon", "coordinates": [ [ [ -73.906559, 40.911327 ], [ -73.912603, 40.903578 ], [ -73.910839, 40.900031 ], [ -73.907463, 40.899394 ], [ -73.903215, 40.910129 ], [ -73.906559, 40.911327 ] ] ] } },
{ "type": "Feature", "properties": { "GEOID": "36005025500", "gi_z": 2.09, "borough": "Bronx", "pop": 6139.0, "incidents": 312, "lisa": "High-High" }, "geometry": { "type": "Polygon", "coordinates": [ [ [ -73.913284, 40.859619 ], [ -73.90981, 40.857348 ], [ -73.907773, 40.859608 ], [ -73.904934, 40.862749 ], [ -73.90904, 40.862679 ], [ -73.913284, 40.859619 ] ] ] } },
{ "type": "Feature", "properties": { "GEOID": "36047004500", "gi_z": -1.24, "borough": "Brooklyn", "pop": 3898.0, "incidents": 75, "lisa": "Not significant" }, "geometry": { "type": "Polygon", "coordinates": [ [ [ -73.996233, 40.690758 ], [ -73.998189, 40.6867 ], [ -73.994408, 40.685453 ], [ -73.99393, 40.686453 ], [ -73.993269, 40.687825 ], [ -73.992364, 40.68969 ], [ -73.994361, 40.690239 ], [ -73.996233, 40.690758 ] ] ] } },
{ "type": "Feature", "properties": { "GEOID": "36047006200", "gi_z": -1.06, "borough": "Brooklyn", "pop": 2653.0, "incidents": 60, "lisa": "Not significant" }, "geometry": { "type": "Polygon", "coordinates": [ [ [ -74.033108, 40.625647 ], [ -74.033742, 40.624099 ], [ -74.02835, 40.622799 ], [ -74.027153, 40.625727 ], [ -74.033108, 40.625647 ] ] ] } },
{ "type": "Feature", "properties": { "GEOID": "36081011000", "gi_z": -0.58, "borough": "Queens", "pop": 2818.0, "incidents": 96, "lisa": "Not significant" }, "geometry": { "type": "Polygon", "coordinates": [ [ [ -73.836346, 40.688928 ], [ -73.837278, 40.686747 ], [ -73.835951, 40.684844 ], [ -73.831723, 40.686051 ], [ -73.832743, 40.688042 ], [ -73.836346, 40.688928 ] ] ] } },
{ "type": "Feature", "properties": { "GEOID": "36047013600", "gi_z": -1.41, "borough": "Brooklyn", "pop": 4090.0, "incidents": 64, "lisa": "Low-Low" }, "geometry": { "type": "Polygon", "coordinates": [ [ [ -74.025361, 40.630109 ], [ -74.026561, 40.627187 ], [ -74.021794, 40.624355 ], [ -74.018879, 40.624303 ], [ -74.017842, 40.626591 ], [ -74.025361, 40.630109 ] ] ] } },
{ "type": "Feature", "properties": { "GEOID": "36081052000", "gi_z": -1.75, "borough": "Queens", "pop": 1753.0, "incidents": 32, "lisa": "Low-Low" }, "geometry": { "type": "Polygon", "coordinates": [ [ [ -73.756519, 40.704064 ], [ -73.757406, 40.703835 ], [ -73.754669, 40.697747 ], [ -73.751968, 40.698449 ], [ -73.754711, 40.704538 ], [ -73.756519, 40.704064 ] ] ] } },
{ "type": "Feature", "properties": { "GEOID": "36047030300", "gi_z": 0.78, "borough": "Brooklyn", "pop": 5477.0, "incidents": 225, "lisa": "Not significant" }, "geometry": { "type": "Polygon", "coordinates": [ [ [ -73.921816, 40.677019 ], [ -73.922132, 40.673684 ], [ -73.914004, 40.67324 ], [ -73.913696, 40.676495 ], [ -73.921816, 40.677019 ] ] ] } },
{ "type": "Feature", "properties": { "GEOID": "36047032600", "gi_z": 0.45, "borough": "Brooklyn", "pop": 10531.0, "incidents": 376, "lisa": "Not significant" }, "geometry": { "type": "Polygon", "coordinates": [ [ [ -73.992638, 40.578118 ], [ -73.992195, 40.575808 ], [ -73.991743, 40.57343 ], [ -73.983435, 40.575414 ], [ -73.984149, 40.579053 ], [ -73.990504, 40.578358 ], [ -73.992638, 40.578118 ] ] ] } },
{ "type": "Feature", "properties": { "GEOID": "36081059600", "gi_z": -2.17, "borough": "Queens", "pop": 1674.0, "incidents": 28, "lisa": "Low-Low" }, "geometry": { "type": "Polygon", "coordinates": [ [ [ -73.740136, 40.695139 ], [ -73.737517, 40.694318 ], [ -73.736642, 40.694044 ], [ -73.734877, 40.697411 ], [ -73.73397, 40.699151 ], [ -73.737489, 40.700214 ], [ -73.740136, 40.695139 ] ] ] } },
{ "type": "Feature", "properties": { "GEOID": "36081061000", "gi_z": -1.72, "borough": "Queens", "pop": 1318.0, "incidents": 16, "lisa": "Low-Low" }, "geometry": { "type": "Polygon", "coordinates": [ [ [ -73.74722, 40.689715 ], [ -73.74745, 40.689351 ], [ -73.741229, 40.687493 ], [ -73.739223, 40.691048 ], [ -73.745105, 40.692783 ], [ -73.74722, 40.689715 ] ] ] } },
{ "type": "Feature", "properties": { "GEOID": "36047005301", "gi_z": -1.15, "borough": "Brooklyn", "pop": 2095.0, "incidents": 96, "lisa": "Not significant" }, "geometry": { "type": "Polygon", "coordinates": [ [ [ -74.018692265425102, 40.679677569194908 ], [ -74.018774792880393, 40.670806931984323 ], [ -74.011886, 40.670438 ], [ -74.009611, 40.675121 ], [ -74.009544, 40.677898 ], [ -74.0117, 40.679365 ], [ -74.018692265425102, 40.679677569194908 ] ] ] } },
{ "type": "Feature", "properties": { "GEOID": "36047035302", "gi_z": -0.27, "borough": "Brooklyn", "pop": 3064.0, "incidents": 78, "lisa": "Not significant" }, "geometry": { "type": "Polygon", "coordinates": [ [ [ -73.936907, 40.666426 ], [ -73.936984, 40.665536 ], [ -73.934224, 40.665378 ], [ -73.933888, 40.66895 ], [ -73.936657, 40.669101 ], [ -73.936749, 40.668128 ], [ -73.936907, 40.666426 ] ] ] } },
{ "type": "Feature", "properties": { "GEOID": "36005033601", "gi_z": 1.18, "borough": "Bronx", "pop": 4414.0, "incidents": 301, "lisa": "Not significant" }, "geometry": { "type": "Polygon", "coordinates": [ [ [ -73.870537, 40.869674 ], [ -73.870419, 40.865363 ], [ -73.86736, 40.865429 ], [ -73.867222, 40.869695 ], [ -73.870537, 40.869674 ] ] ] } },
{ "type": "Feature", "properties": { "GEOID": "36061010802", "gi_z": -0.91, "borough": "Manhattan", "pop": 4136.0, "incidents": 42, "lisa": "Not significant" }, "geometry": { "type": "Polygon", "coordinates": [ [ [ -73.964314, 40.760599 ], [ -73.965783, 40.758632 ], [ -73.963412, 40.757637 ], [ -73.961966, 40.759619 ], [ -73.964314, 40.760599 ] ] ] } },
{ "type": "Feature", "properties": { "GEOID": "36081089201", "gi_z": 0.39, "borough": "Queens", "pop": 9116.0, "incidents": 208, "lisa": "Not significant" }, "geometry": { "type": "Polygon", "coordinates": [ [ [ -73.853617, 40.659735 ], [ -73.853205, 40.653808 ], [ -73.848398, 40.654497 ], [ -73.846792, 40.647796 ], [ -73.836813, 40.649249 ], [ -73.841652, 40.66597 ], [ -73.848813, 40.662804 ], [ -73.853617, 40.659735 ] ] ] } },
{ "type": "Feature", "properties": { "GEOID": "36081000104", "gi_z": 0.28, "borough": "Queens", "pop": 281.0, "incidents": 88, "lisa": "Not significant" }, "geometry": { "type": "Polygon", "coordinates": [ [ [ -73.954584, 40.741345 ], [ -73.955087, 40.7394 ], [ -73.952669, 40.739258 ], [ -73.947064, 40.737516 ], [ -73.941462, 40.739249 ], [ -73.937651, 40.743305 ], [ -73.937697, 40.745239 ], [ -73.944196, 40.742882 ], [ -73.94923, 40.742523 ], [ -73.954584, 40.741345 ] ] ] } },
{ "type": "Feature", "properties": { "GEOID": "36081037501", "gi_z": 2.12, "borough": "Queens", "pop": 1487.0, "incidents": 152, "lisa": "Low-High" }, "geometry": { "type": "Polygon", "coordinates": [ [ [ -73.869425, 40.749157 ], [ -73.868086, 40.745601 ], [ -73.86791, 40.744934 ], [ -73.866088, 40.745474 ], [ -73.868458, 40.749264 ], [ -73.869425, 40.749157 ] ] ] } },
{ "type": "Feature", "properties": { "GEOID": "36081047801", "gi_z": -1.57, "borough": "Queens", "pop": 4075.0, "incidents": 103, "lisa": "Low-Low" }, "geometry": { "type": "Polygon", "coordinates": [ [ [ -73.775197, 40.718461 ], [ -73.773571, 40.71512 ], [ -73.771921, 40.715685 ], [ -73.766641, 40.717647 ], [ -73.759441, 40.721063 ], [ -73.764796, 40.724684 ], [ -73.764895, 40.722392 ], [ -73.770279, 40.721522 ], [ -73.775197, 40.718461 ] ] ] } },
{ "type": "Feature", "properties": { "GEOID": "36081047802", "gi_z": -1.09, "borough": "Queens", "pop": 1422.0, "incidents": 45, "lisa": "Not significant" }, "geometry": { "type": "Polygon", "coordinates": [ [ [ -73.766641, 40.717647 ], [ -73.765714, 40.716393 ], [ -73.758327, 40.719582 ], [ -73.759441, 40.721063 ], [ -73.766641, 40.717647 ] ] ] } },
{ "type": "Feature", "properties": { "GEOID": "36085017015", "gi_z": -2.1, "borough": "Staten Island", "pop": 3167.0, "incidents": 15, "lisa": "Low-Low" }, "geometry": { "type": "Polygon", "coordinates": [ [ [ -74.181148, 40.557241 ], [ -74.187573, 40.550147 ], [ -74.180721, 40.546673 ], [ -74.178088, 40.550857 ], [ -74.181148, 40.557241 ] ] ] } },
{ "type": "Feature", "properties": { "GEOID": "36085005901", "gi_z": -1.8, "borough": "Staten Island", "pop": 3062.0, "incidents": 44, "lisa": "Low-Low" }, "geometry": { "type": "Polygon", "coordinates": [ [ [ -74.105063, 40.627178 ], [ -74.104256, 40.623682 ], [ -74.110015, 40.620688 ], [ -74.103511, 40.616414 ], [ -74.099685, 40.619653 ], [ -74.0964, 40.622329 ], [ -74.098934, 40.626158 ], [ -74.095921, 40.631723 ], [ -74.097155, 40.631898 ], [ -74.103683, 40.630806 ], [ -74.105063, 40.627178 ] ] ] } },
{ "type": "Feature", "properties": { "GEOID": "36005030202", "gi_z": 0.59, "borough": "Bronx", "pop": 6165.0, "incidents": 56, "lisa": "Not significant" }, "geometry": { "type": "Polygon", "coordinates": [ [ [ -73.824725, 40.864987 ], [ -73.819884, 40.861754 ], [ -73.817832779515697, 40.863343990284505 ], [ -73.816341, 40.8661 ], [ -73.820873, 40.868907 ], [ -73.821458, 40.868406 ], [ -73.824725, 40.864987 ] ] ] } },
{ "type": "Feature", "properties": { "GEOID": "36005018501", "gi_z": 3.7, "borough": "Bronx", "pop": 3775.0, "incidents": 409, "lisa": "High-High" }, "geometry": { "type": "Polygon", "coordinates": [ [ [ -73.90896, 40.830226 ], [ -73.91131, 40.824849 ], [ -73.908709, 40.824067 ], [ -73.906571, 40.829452 ], [ -73.90896, 40.830226 ] ] ] } },
{ "type": "Feature", "properties": { "GEOID": "36005030201", "gi_z": 0.29, "borough": "Bronx", "pop": 3681.0, "incidents": 107, "lisa": "Not significant" }, "geometry": { "type": "Polygon", "coordinates": [ [ [ -73.824725, 40.864987 ], [ -73.828261, 40.860853 ], [ -73.827026, 40.859263 ], [ -73.819884, 40.861754 ], [ -73.824725, 40.864987 ] ] ] } },
{ "type": "Feature", "properties": { "GEOID": "36005023704", "gi_z": 4.61, "borough": "Bronx", "pop": 3358.0, "incidents": 252, "lisa": "High-High" }, "geometry": { "type": "Polygon", "coordinates": [ [ [ -73.903951, 40.854974 ], [ -73.902988, 40.854773 ], [ -73.90186, 40.854586 ], [ -73.900852, 40.855937 ], [ -73.900779, 40.856047 ], [ -73.899949, 40.85742 ], [ -73.901913, 40.858094 ], [ -73.903951, 40.854974 ] ] ] } },
{ "type": "Feature", "properties": { "GEOID": "36047016600", "gi_z": -2.19, "borough": "Brooklyn", "pop": 2201.0, "incidents": 38, "lisa": "Low-Low" }, "geometry": { "type": "Polygon", "coordinates": [ [ [ -74.020526, 40.618058 ], [ -74.016118, 40.615384 ], [ -74.012002, 40.619353 ], [ -74.014203, 40.620685 ], [ -74.016406, 40.622014 ], [ -74.020526, 40.618058 ] ] ] } },
{ "type": "Feature", "properties": { "GEOID": "36081015802", "gi_z": 0.0, "borough": "Queens", "pop": 5464.0, "incidents": 232, "lisa": "Not significant" }, "geometry": { "type": "Polygon", "coordinates": [ [ [ -73.825011, 40.687952 ], [ -73.824173, 40.686234 ], [ -73.82147, 40.684891 ], [ -73.814974, 40.686695 ], [ -73.816926, 40.69025 ], [ -73.825011, 40.687952 ] ] ] } },
{ "type": "Feature", "properties": { "GEOID": "36061007800", "gi_z": 0.72, "borough": "Manhattan", "pop": 8015.0, "incidents": 227, "lisa": "Not significant" }, "geometry": { "type": "Polygon", "coordinates": [ [ [ -73.977636, 40.746392 ], [ -73.978121, 40.745726 ], [ -73.975881, 40.744779 ], [ -73.973512, 40.743782 ], [ -73.971228, 40.746919 ], [ -73.975835, 40.748863 ], [ -73.977636, 40.746392 ] ] ] } },
{ "type": "Feature", "properties": { "GEOID": "36061012400", "gi_z": -1.02, "borough": "Manhattan", "pop": 8984.0, "incidents": 139, "lisa": "Not significant" }, "geometry": { "type": "Polygon", "coordinates": [ [ [ -73.955037, 40.76912 ], [ -73.957412, 40.765868 ], [ -73.949972, 40.763646 ], [ -73.94773, 40.766084 ], [ -73.955037, 40.76912 ] ] ] } },
{ "type": "Feature", "properties": { "GEOID": "36061023501", "gi_z": 1.46, "borough": "Manhattan", "pop": 7506.0, "incidents": 402, "lisa": "Not significant" }, "geometry": { "type": "Polygon", "coordinates": [ [ [ -73.94298, 40.831568 ], [ -73.945292, 40.828401 ], [ -73.940595, 40.826414 ], [ -73.938588, 40.829717 ], [ -73.940167, 40.830383 ], [ -73.940346, 40.830458 ], [ -73.94298, 40.831568 ] ] ] } },
{ "type": "Feature", "properties": { "GEOID": "36061019702", "gi_z": 1.31, "borough": "Manhattan", "pop": 2531.0, "incidents": 56, "lisa": "Not significant" }, "geometry": { "type": "Polygon", "coordinates": [ [ [ -73.958204, 40.803894 ], [ -73.959647, 40.801156 ], [ -73.958195, 40.800553 ], [ -73.956321, 40.803115 ], [ -73.958204, 40.803894 ] ] ] } },
{ "type": "Feature", "properties": { "GEOID": "36081005200", "gi_z": -0.74, "borough": "Queens", "pop": 2303.0, "incidents": 42, "lisa": "Not significant" }, "geometry": { "type": "Polygon", "coordinates": [ [ [ -73.851979, 40.682564 ], [ -73.858786, 40.68063 ], [ -73.856801, 40.67951 ], [ -73.853924, 40.679686 ], [ -73.851979, 40.682564 ] ] ] } },
{ "type": "Feature", "properties": { "GEOID": "36081017600", "gi_z": -1.64, "borough": "Queens", "pop": 2302.0, "incidents": 42, "lisa": "Low-Low" }, "geometry": { "type": "Polygon", "coordinates": [ [ [ -73.815216, 40.678258 ], [ -73.814362, 40.67651 ], [ -73.804235, 40.679416 ], [ -73.805031, 40.681146 ], [ -73.815216, 40.678258 ] ] ] } },
{ "type": "Feature", "properties": { "GEOID": "36081001000", "gi_z": -1.01, "borough": "Queens", "pop": 4636.0, "incidents": 97, "lisa": "Not significant" }, "geometry": { "type": "Polygon", "coordinates": [ [ [ -73.862148, 40.69215 ], [ -73.861349, 40.688695 ], [ -73.85619, 40.689759 ], [ -73.85732, 40.692623 ], [ -73.862148, 40.69215 ] ] ] } },
{ "type": "Feature", "properties": { "GEOID": "36081026000", "gi_z": -0.86, "borough": "Queens", "pop": 2894.0, "incidents": 61, "lisa": "Not significant" }, "geometry": { "type": "Polygon", "coordinates": [ [ [ -73.798031, 40.691621 ], [ -73.796647, 40.68985 ], [ -73.788931, 40.693398 ], [ -73.791247, 40.696565 ], [ -73.793635, 40.693471 ], [ -73.798031, 40.691621 ] ] ] } },
{ "type": "Feature", "properties": { "GEOID": "36081051300", "gi_z": -1.12, "borough": "Queens", "pop": 2621.0, "incidents": 65, "lisa": "Not significant" }, "geometry": { "type": "Polygon", "coordinates": [ [ [ -73.899022, 40.735149 ], [ -73.899246, 40.72905 ], [ -73.895589, 40.728965 ], [ -73.896029, 40.735018 ], [ -73.899022, 40.735149 ] ] ] } },
{ "type": "Feature", "properties": { "GEOID": "36081047300", "gi_z": 0.23, "borough": "Queens", "pop": 4242.0, "incidents": 272, "lisa": "Not significant" }, "geometry": { "type": "Polygon", "coordinates": [ [ [ -73.881785, 40.737807 ], [ -73.880354, 40.737135 ], [ -73.87477, 40.734628 ], [ -73.872656, 40.735743 ], [ -73.873567, 40.738117 ], [ -73.874103, 40.739488 ], [ -73.877431, 40.738601 ], [ -73.881785, 40.737807 ] ] ] } },
{ "type": "Feature", "properties": { "GEOID": "36081055200", "gi_z": -1.58, "borough": "Queens", "pop": 2913.0, "incidents": 94, "lisa": "Low-Low" }, "geometry": { "type": "Polygon", "coordinates": [ [ [ -73.756783, 40.726306 ], [ -73.75688, 40.726279 ], [ -73.754969, 40.72416 ], [ -73.748917, 40.725764 ], [ -73.744588, 40.728586 ], [ -73.742421, 40.729919 ], [ -73.746738, 40.732583 ], [ -73.750658, 40.729195 ], [ -73.756783, 40.726306 ] ] ] } },
{ "type": "Feature", "properties": { "GEOID": "36081057700", "gi_z": -0.85, "borough": "Queens", "pop": 3926.0, "incidents": 129, "lisa": "Not significant" }, "geometry": { "type": "Polygon", "coordinates": [ [ [ -73.89384, 40.70086 ], [ -73.892886, 40.69774 ], [ -73.888189, 40.69886 ], [ -73.887401, 40.701401 ], [ -73.888043, 40.702972 ], [ -73.892744, 40.701851 ], [ -73.89384, 40.70086 ] ] ] } },
{ "type": "Feature", "properties": { "GEOID": "36081069500", "gi_z": -1.32, "borough": "Queens", "pop": 2363.0, "incidents": 25, "lisa": "Not significant" }, "geometry": { "type": "Polygon", "coordinates": [ [ [ -73.8663, 40.728186 ], [ -73.870632, 40.727059 ], [ -73.867285, 40.722257 ], [ -73.864514, 40.72676 ], [ -73.8641, 40.727382 ], [ -73.8663, 40.728186 ] ] ] } },
{ "type": "Feature", "properties": { "GEOID": "36081115900", "gi_z": -1.06, "borough": "Queens", "pop": 3888.0, "incidents": 53, "lisa": "Not significant" }, "geometry": { "type": "Polygon", "coordinates": [ [ [ -73.824669, 40.770407 ], [ -73.823727, 40.765826 ], [ -73.817388, 40.766572 ], [ -73.817293, 40.771478 ], [ -73.824669, 40.770407 ] ] ] } },
{ "type": "Feature", "properties": { "GEOID": "36085003900", "gi_z": -1.51, "borough": "Staten Island", "pop": 2215.0, "incidents": 12, "lisa": "Low-Low" }, "geometry": { "type": "Polygon", "coordinates": [ [ [ -74.099685, 40.619653 ], [ -74.094071, 40.617704 ], [ -74.088675, 40.621031 ], [ -74.088719, 40.625899 ], [ -74.091581, 40.626546 ], [ -74.0964, 40.622329 ], [ -74.099685, 40.619653 ] ] ] } },
{ "type": "Feature", "properties": { "GEOID": "36085017016", "gi_z": -1.78, "borough": "Staten Island", "pop": 4461.0, "incidents": 28, "lisa": "Low-Low" }, "geometry": { "type": "Polygon", "coordinates": [ [ [ -74.181395, 40.565238 ], [ -74.181148, 40.557241 ], [ -74.178088, 40.550857 ], [ -74.171878, 40.561566 ], [ -74.177618, 40.563804 ], [ -74.181395, 40.565238 ] ] ] } },
{ "type": "Feature", "properties": { "GEOID": "36085009701", "gi_z": -0.88, "borough": "Staten Island", "pop": 4523.0, "incidents": 51, "lisa": "Not significant" }, "geometry": { "type": "Polygon", "coordinates": [ [ [ -74.107899237593202, 40.645616557968111 ], [ -74.120892072038899, 40.641730592743514 ], [ -74.117657, 40.638062 ], [ -74.107337, 40.63854 ], [ -74.105422, 40.638899 ], [ -74.107899237593202, 40.645616557968111 ] ] ] } },
{ "type": "Feature", "properties": { "GEOID": "36005035900", "gi_z": 2.33, "borough": "Bronx", "pop": 3873.0, "incidents": 309, "lisa": "High-High" }, "geometry": { "type": "Polygon", "coordinates": [ [ [ -73.88566, 40.84271 ], [ -73.886185, 40.840105 ], [ -73.882006, 40.83746 ], [ -73.880163, 40.839998 ], [ -73.882787, 40.841295 ], [ -73.88566, 40.84271 ] ] ] } },
{ "type": "Feature", "properties": { "GEOID": "36005030000", "gi_z": 0.93, "borough": "Bronx", "pop": 6944.0, "incidents": 367, "lisa": "Not significant" }, "geometry": { "type": "Polygon", "coordinates": [ [ [ -73.831291, 40.855434 ], [ -73.835041, 40.853127 ], [ -73.835801, 40.849677 ], [ -73.830542, 40.849218 ], [ -73.827997, 40.848624 ], [ -73.827185, 40.851711 ], [ -73.831291, 40.855434 ] ] ] } },
{ "type": "Feature", "properties": { "GEOID": "36005024300", "gi_z": 2.53, "borough": "Bronx", "pop": 4134.0, "incidents": 291, "lisa": "High-High" }, "geometry": { "type": "Polygon", "coordinates": [ [ [ -73.915452, 40.850494 ], [ -73.912875, 40.850125 ], [ -73.909215, 40.851801 ], [ -73.907333, 40.853816 ], [ -73.911196, 40.854822 ], [ -73.912273, 40.853759 ], [ -73.915452, 40.850494 ] ] ] } },
{ "type": "Feature", "properties": { "GEOID": "36005040800", "gi_z": 0.87, "borough": "Bronx", "pop": 4381.0, "incidents": 210, "lisa": "Not significant" }, "geometry": { "type": "Polygon", "coordinates": [ [ [ -73.862652, 40.891822 ], [ -73.8646, 40.8883 ], [ -73.860452, 40.887804 ], [ -73.858908, 40.890632 ], [ -73.862652, 40.891822 ] ] ] } },
{ "type": "Feature", "properties": { "GEOID": "36005007700", "gi_z": 2.17, "borough": "Bronx", "pop": 1966.0, "incidents": 120, "lisa": "Low-High" }, "geometry": { "type": "Polygon", "coordinates": [ [ [ -73.905659, 40.821557 ], [ -73.905313, 40.817925 ], [ -73.901602, 40.819695 ], [ -73.901292, 40.820475 ], [ -73.905659, 40.821557 ] ] ] } },
{ "type": "Feature", "properties": { "GEOID": "36047004300", "gi_z": 0.45, "borough": "Brooklyn", "pop": 3769.0, "incidents": 186, "lisa": "Not significant" }, "geometry": { "type": "Polygon", "coordinates": [ [ [ -73.992364, 40.68969 ], [ -73.993269, 40.687825 ], [ -73.988289, 40.685869 ], [ -73.986155, 40.689018 ], [ -73.989662, 40.690334 ], [ -73.992364, 40.68969 ] ] ] } },
{ "type": "Feature", "properties": { "GEOID": "36047023600", "gi_z": -1.85, "borough": "Brooklyn", "pop": 6444.0, "incidents": 55, "lisa": "Low-Low" }, "geometry": { "type": "Polygon", "coordinates": [ [ [ -73.99212, 40.635026 ], [ -73.993866, 40.633347 ], [ -73.987259, 40.629355 ], [ -73.986675, 40.629916 ], [ -73.985509, 40.631038 ], [ -73.99212, 40.635026 ] ] ] } },
{ "type": "Feature", "properties": { "GEOID": "36047018800", "gi_z": -1.3, "borough": "Brooklyn", "pop": 2865.0, "incidents": 71, "lisa": "Not significant" }, "geometry": { "type": "Polygon", "coordinates": [ [ [ -74.004019, 40.620136 ], [ -74.006434, 40.617814 ], [ -74.002031, 40.615153 ], [ -74.000192, 40.614951 ], [ -73.999488, 40.617405 ], [ -74.004019, 40.620136 ] ] ] } },
{ "type": "Feature", "properties": { "GEOID": "36047000700", "gi_z": -0.87, "borough": "Brooklyn", "pop": 4243.0, "incidents": 111, "lisa": "Not significant" }, "geometry": { "type": "Polygon", "coordinates": [ [ [ -74.000959, 40.694069 ], [ -74.001744, 40.692407 ], [ -73.997793, 40.691188 ], [ -73.996233, 40.690758 ], [ -73.994361, 40.690239 ], [ -73.993103, 40.692846 ], [ -73.99508, 40.693147 ], [ -73.996716, 40.693439 ], [ -74.000701, 40.694388 ], [ -74.000959, 40.694069 ] ] ] } },
{ "type": "Feature", "properties": { "GEOID": "36047029900", "gi_z": 0.46, "borough": "Brooklyn", "pop": 3328.0, "incidents": 222, "lisa": "Not significant" }, "geometry": { "type": "Polygon", "coordinates": [ [ [ -73.929058, 40.679277 ], [ -73.930322, 40.677485 ], [ -73.921816, 40.677019 ], [ -73.921646, 40.67887 ], [ -73.929058, 40.679277 ] ] ] } },
{ "type": "Feature", "properties": { "GEOID": "36047027300", "gi_z": -0.04, "borough": "Brooklyn", "pop": 4176.0, "incidents": 151, "lisa": "Not significant" }, "geometry": { "type": "Polygon", "coordinates": [ [ [ -73.940769, 40.6821 ], [ -73.940328, 40.67989 ], [ -73.934351, 40.679564 ], [ -73.935008, 40.682764 ], [ -73.940769, 40.6821 ] ] ] } },
{ "type": "Feature", "properties": { "GEOID": "36047039900", "gi_z": -0.3, "borough": "Brooklyn", "pop": 3745.0, "incidents": 145, "lisa": "Not significant" }, "geometry": { "type": "Polygon", "coordinates": [ [ [ -73.921154, 40.692796 ], [ -73.92223, 40.691823 ], [ -73.914642, 40.687507 ], [ -73.913194, 40.68898 ], [ -73.913946, 40.689409 ], [ -73.917791, 40.69146 ], [ -73.921154, 40.692796 ] ] ] } },
{ "type": "Feature", "properties": { "GEOID": "36047049100", "gi_z": 0.01, "borough": "Brooklyn", "pop": 6213.0, "incidents": 289, "lisa": "Not significant" }, "geometry": { "type": "Polygon", "coordinates": [ [ [ -73.949836, 40.705229 ], [ -73.947052, 40.703664 ], [ -73.941931, 40.700725 ], [ -73.94042, 40.701077 ], [ -73.94103, 40.704637 ], [ -73.94285, 40.705182 ], [ -73.946265, 40.705604 ], [ -73.949836, 40.705229 ] ] ] } },
{ "type": "Feature", "properties": { "GEOID": "36047058000", "gi_z": -1.4, "borough": "Brooklyn", "pop": 3008.0, "incidents": 78, "lisa": "Low-Low" }, "geometry": { "type": "Polygon", "coordinates": [ [ [ -73.957757, 40.600986 ], [ -73.956928, 40.596612 ], [ -73.95315, 40.597028 ], [ -73.953978, 40.601401 ], [ -73.95683, 40.601087 ], [ -73.957757, 40.600986 ] ] ] } },
{ "type": "Feature", "properties": { "GEOID": "36047053900", "gi_z": -1.51, "borough": "Brooklyn", "pop": 2470.0, "incidents": 24, "lisa": "Low-Low" }, "geometry": { "type": "Polygon", "coordinates": [ [ [ -73.961854, 40.704786 ], [ -73.965204, 40.702623 ], [ -73.962179, 40.700221 ], [ -73.960341, 40.703437 ], [ -73.961854, 40.704786 ] ] ] } },
{ "type": "Feature", "properties": { "GEOID": "36047080200", "gi_z": -0.29, "borough": "Brooklyn", "pop": 3878.0, "incidents": 165, "lisa": "Not significant" }, "geometry": { "type": "Polygon", "coordinates": [ [ [ -73.956725, 40.659017 ], [ -73.956649, 40.658306 ], [ -73.956388, 40.655875 ], [ -73.953048, 40.656081 ], [ -73.95016, 40.65626 ], [ -73.950493, 40.659405 ], [ -73.956725, 40.659017 ] ] ] } },
{ "type": "Feature", "properties": { "GEOID": "36047093800", "gi_z": -1.18, "borough": "Brooklyn", "pop": 2227.0, "incidents": 58, "lisa": "Not significant" }, "geometry": { "type": "Polygon", "coordinates": [ [ [ -73.926547, 40.652392 ], [ -73.92612, 40.64842 ], [ -73.923249, 40.648599 ], [ -73.922849, 40.652463 ], [ -73.92561, 40.652446 ], [ -73.926547, 40.652392 ] ] ] } },
{ "type": "Feature", "properties": { "GEOID": "36047112800", "gi_z": 2.27, "borough": "Brooklyn", "pop": 3933.0, "incidents": 234, "lisa": "High-High" }, "geometry": { "type": "Polygon", "coordinates": [ [ [ -73.895531, 40.662945 ], [ -73.893279, 40.65923 ], [ -73.888385, 40.661338 ], [ -73.889907, 40.663778 ], [ -73.895531, 40.662945 ] ] ] } },
{ "type": "Feature", "properties": { "GEOID": "36047119400", "gi_z": 1.24, "borough": "Brooklyn", "pop": 4816.0, "incidents": 141, "lisa": "Not significant" }, "geometry": { "type": "Polygon", "coordinates": [ [ [ -73.879882, 40.674255 ], [ -73.879568, 40.672987 ], [ -73.878871, 40.670195 ], [ -73.874231, 40.670863 ], [ -73.874624, 40.672389 ], [ -73.875275, 40.674918 ], [ -73.879882, 40.674255 ] ] ] } },
{ "type": "Feature", "properties": { "GEOID": "36047033701", "gi_z": -0.62, "borough": "Brooklyn", "pop": 2742.0, "incidents": 136, "lisa": "Not significant" }, "geometry": { "type": "Polygon", "coordinates": [ [ [ -73.947642, 40.670664 ], [ -73.947731, 40.669705 ], [ -73.936657, 40.669101 ], [ -73.936569, 40.670041 ], [ -73.947642, 40.670664 ] ] ] } },
{ "type": "Feature", "properties": { "GEOID": "36061015402", "gi_z": -1.18, "borough": "Manhattan", "pop": 3724.0, "incidents": 46, "lisa": "Not significant" }, "geometry": { "type": "Polygon", "coordinates": [ [ [ -73.948039, 40.782942 ], [ -73.949419, 40.781062 ], [ -73.947049, 40.780064 ], [ -73.94567, 40.781947 ], [ -73.948039, 40.782942 ] ] ] } },
{ "type": "Feature", "properties": { "GEOID": "36005017902", "gi_z": 1.82, "borough": "Bronx", "pop": 3030.0, "incidents": 371, "lisa": "Not significant" }, "geometry": { "type": "Polygon", "coordinates": [ [ [ -73.913755, 40.838743 ], [ -73.915871, 40.836393 ], [ -73.9129, 40.835297 ], [ -73.91139, 40.837866 ], [ -73.913755, 40.838743 ] ] ] } },
{ "type": "Feature", "properties": { "GEOID": "36047021100", "gi_z": -0.53, "borough": "Brooklyn", "pop": 2778.0, "incidents": 169, "lisa": "Not significant" }, "geometry": { "type": "Polygon", "coordinates": [ [ [ -73.980544, 40.698246 ], [ -73.980515, 40.697437 ], [ -73.980388, 40.696507 ], [ -73.976443, 40.696371 ], [ -73.97247, 40.696207 ], [ -73.969399, 40.696093 ], [ -73.962839, 40.698039 ], [ -73.980544, 40.698246 ] ] ] } },
{ "type": "Feature", "properties": { "GEOID": "36047079602", "gi_z": -0.39, "borough": "Brooklyn", "pop": 5073.0, "incidents": 154, "lisa": "Not significant" }, "geometry": { "type": "Polygon", "coordinates": [ [ [ -73.959696, 40.654839 ], [ -73.959329, 40.652928 ], [ -73.958707, 40.650387 ], [ -73.955825, 40.65053 ], [ -73.9563, 40.655049 ], [ -73.959696, 40.654839 ] ] ] } },
{ "type": "Feature", "properties": { "GEOID": "36081018501", "gi_z": -1.11, "borough": "Queens", "pop": 3696.0, "incidents": 74, "lisa": "Not significant" }, "geometry": { "type": "Polygon", "coordinates": [ [ [ -73.92503, 40.739955 ], [ -73.925399, 40.738111 ], [ -73.919836, 40.737464 ], [ -73.919466, 40.739312 ], [ -73.92503, 40.739955 ] ] ] } },
{ "type": "Feature", "properties": { "GEOID": "36047102801", "gi_z": -1.42, "borough": "Brooklyn", "pop": 1146.0, "incidents": 47, "lisa": "Low-Low" }, "geometry": { "type": "Polygon", "coordinates": [ [ [ -73.892771, 40.631809 ], [ -73.886357, 40.630821 ], [ -73.889695, 40.633802 ], [ -73.892771, 40.631809 ] ] ] } },
{ "type": "Feature", "properties": { "GEOID": "36047079001", "gi_z": -1.08, "borough": "Brooklyn", "pop": 1664.0, "incidents": 83, "lisa": "Not significant" }, "geometry": { "type": "Polygon", "coordinates": [ [ [ -73.957637, 40.642689 ], [ -73.955638, 40.640504 ], [ -73.954043, 40.638878 ], [ -73.954525, 40.642887 ], [ -73.957637, 40.642689 ] ] ] } },
{ "type": "Feature", "properties": { "GEOID": "36061007001", "gi_z": 0.26, "borough": "Manhattan", "pop": 3997.0, "incidents": 103, "lisa": "Not significant" }, "geometry": { "type": "Polygon", "coordinates": [ [ [ -73.975881, 40.744779 ], [ -73.978168, 40.741643 ], [ -73.9758, 40.740644 ], [ -73.973512, 40.743782 ], [ -73.975881, 40.744779 ] ] ] } },
{ "type": "Feature", "properties": { "GEOID": "36081039901", "gi_z": 0.09, "borough": "Queens", "pop": 2504.0, "incidents": 138, "lisa": "Not significant" }, "geometry": { "type": "Polygon", "coordinates": [ [ [ -73.855835, 40.751577 ], [ -73.854421, 40.748805 ], [ -73.852205, 40.752661 ], [ -73.854556, 40.751962 ], [ -73.855835, 40.751577 ] ] ] } },
{ "type": "Feature", "properties": { "GEOID": "36081116302", "gi_z": -1.7, "borough": "Queens", "pop": 3687.0, "incidents": 47, "lisa": "Low-Low" }, "geometry": { "type": "Polygon", "coordinates": [ [ [ -73.817325, 40.765354 ], [ -73.819099, 40.763696 ], [ -73.817288, 40.759776 ], [ -73.815087, 40.760372 ], [ -73.816387, 40.76316 ], [ -73.817325, 40.765354 ] ] ] } },
{ "type": "Feature", "properties": { "GEOID": "36061003700", "gi_z": 5.2, "borough": "Manhattan", "pop": 3460.0, "incidents": 328, "lisa": "High-High" }, "geometry": { "type": "Polygon", "coordinates": [ [ [ -74.020968, 40.729037 ], [ -74.021831639725704, 40.725486955536212 ], [ -74.007912, 40.7237 ], [ -74.00531, 40.721824 ], [ -74.004031, 40.725513 ], [ -74.002149, 40.728036 ], [ -74.002808, 40.728365 ], [ -74.00709, 40.728772 ], [ -74.011376, 40.728233 ], [ -74.020968, 40.729037 ] ] ] } },
{ "type": "Feature", "properties": { "GEOID": "36047078601", "gi_z": -0.94, "borough": "Brooklyn", "pop": 2220.0, "incidents": 247, "lisa": "Not significant" }, "geometry": { "type": "Polygon", "coordinates": [ [ [ -73.948015, 40.636267 ], [ -73.951101, 40.636073 ], [ -73.949449, 40.634508 ], [ -73.946479, 40.631708 ], [ -73.945617, 40.631778 ], [ -73.948015, 40.636267 ] ] ] } },
{ "type": "Feature", "properties": { "GEOID": "36005018102", "gi_z": 1.8, "borough": "Bronx", "pop": 5324.0, "incidents": 158, "lisa": "Low-High" }, "geometry": { "type": "Polygon", "coordinates": [ [ [ -73.919029, 40.83309 ], [ -73.920461, 40.830915 ], [ -73.918944, 40.830335 ], [ -73.91811, 40.830005 ], [ -73.915857, 40.833839 ], [ -73.917706, 40.83451 ], [ -73.919029, 40.83309 ] ] ] } },
{ "type": "Feature", "properties": { "GEOID": "36005026701", "gi_z": 2.41, "borough": "Bronx", "pop": 3591.0, "incidents": 195, "lisa": "High-High" }, "geometry": { "type": "Polygon", "coordinates": [ [ [ -73.90265, 40.870585 ], [ -73.903794, 40.869617 ], [ -73.902358, 40.868696 ], [ -73.90114, 40.86828 ], [ -73.898918, 40.869658 ], [ -73.90265, 40.870585 ] ] ] } },
{ "type": "Feature", "properties": { "GEOID": "36005038301", "gi_z": 3.35, "borough": "Bronx", "pop": 4553.0, "incidents": 230, "lisa": "High-High" }, "geometry": { "type": "Polygon", "coordinates": [ [ [ -73.899949, 40.85742 ], [ -73.900779, 40.856047 ], [ -73.898776, 40.855364 ], [ -73.898165, 40.855146 ], [ -73.896363, 40.858376 ], [ -73.897358, 40.858763 ], [ -73.898832, 40.859305 ], [ -73.899949, 40.85742 ] ] ] } },
{ "type": "Feature", "properties": { "GEOID": "36005017701", "gi_z": 2.1, "borough": "Bronx", "pop": 5395.0, "incidents": 331, "lisa": "High-High" }, "geometry": { "type": "Polygon", "coordinates": [ [ [ -73.9129, 40.835297 ], [ -73.913844, 40.833694 ], [ -73.911384, 40.830988 ], [ -73.91049, 40.830737 ], [ -73.908691, 40.833938 ], [ -73.9129, 40.835297 ] ] ] } },
{ "type": "Feature", "properties": { "GEOID": "36047079801", "gi_z": -0.18, "borough": "Brooklyn", "pop": 3316.0, "incidents": 72, "lisa": "Not significant" }, "geometry": { "type": "Polygon", "coordinates": [ [ [ -73.957044, 40.661965 ], [ -73.960662, 40.660947 ], [ -73.960426, 40.658072 ], [ -73.956649, 40.658306 ], [ -73.956725, 40.659017 ], [ -73.957044, 40.661965 ] ] ] } },
{ "type": "Feature", "properties": { "GEOID": "36081072300", "gi_z": -1.32, "borough": "Queens", "pop": 2270.0, "incidents": 31, "lisa": "Not significant" }, "geometry": { "type": "Polygon", "coordinates": [ [ [ -73.852227, 40.716807 ], [ -73.853033, 40.715519 ], [ -73.84912, 40.7133 ], [ -73.84476, 40.711706 ], [ -73.842315, 40.715588 ], [ -73.845254, 40.719441 ], [ -73.850605, 40.719381 ], [ -73.852227, 40.716807 ] ] ] } },
{ "type": "Feature", "properties": { "GEOID": "36047006902", "gi_z": -1.22, "borough": "Brooklyn", "pop": 1906.0, "incidents": 71, "lisa": "Not significant" }, "geometry": { "type": "Polygon", "coordinates": [ [ [ -73.994408, 40.685453 ], [ -73.994901, 40.68443 ], [ -73.990424, 40.682694 ], [ -73.989129, 40.68459 ], [ -73.99393, 40.686453 ], [ -73.994408, 40.685453 ] ] ] } },
{ "type": "Feature", "properties": { "GEOID": "36081065401", "gi_z": -0.92, "borough": "Queens", "pop": 3098.0, "incidents": 145, "lisa": "Not significant" }, "geometry": { "type": "Polygon", "coordinates": [ [ [ -73.73955, 40.665256 ], [ -73.742976, 40.660285 ], [ -73.738142, 40.658154 ], [ -73.736266, 40.660626 ], [ -73.736177, 40.663491 ], [ -73.729807, 40.666432 ], [ -73.738559, 40.666397 ], [ -73.73955, 40.665256 ] ] ] } },
{ "type": "Feature", "properties": { "GEOID": "36085018704", "gi_z": -1.99, "borough": "Staten Island", "pop": 4659.0, "incidents": 25, "lisa": "Low-Low" }, "geometry": { "type": "Polygon", "coordinates": [ [ [ -74.127323, 40.608661 ], [ -74.125453, 40.598137 ], [ -74.120596, 40.60181 ], [ -74.12117, 40.608834 ], [ -74.121339, 40.609684 ], [ -74.121384, 40.609899 ], [ -74.127323, 40.608661 ] ] ] } },
{ "type": "Feature", "properties": { "GEOID": "36085029105", "gi_z": -1.38, "borough": "Staten Island", "pop": 4467.0, "incidents": 65, "lisa": "Low-Low" }, "geometry": { "type": "Polygon", "coordinates": [ [ [ -74.175625, 40.612218 ], [ -74.184078, 40.602661 ], [ -74.178239, 40.599811 ], [ -74.174836, 40.602324 ], [ -74.167197, 40.602076 ], [ -74.163287, 40.601681 ], [ -74.162382, 40.60719 ], [ -74.160402, 40.609807 ], [ -74.175625, 40.612218 ] ] ] } },
{ "type": "Feature", "properties": { "GEOID": "36085000900", "gi_z": -0.15, "borough": "Staten Island", "pop": 2209.0, "incidents": 122, "lisa": "Not significant" }, "geometry": { "type": "Polygon", "coordinates": [ [ [ -74.087091, 40.640334 ], [ -74.087206, 40.639896 ], [ -74.078846, 40.641995 ], [ -74.079206, 40.643431 ], [ -74.082372, 40.644645 ], [ -74.086524, 40.642564 ], [ -74.087091, 40.640334 ] ] ] } },
{ "type": "Feature", "properties": { "GEOID": "36085013203", "gi_z": -1.99, "borough": "Staten Island", "pop": 7305.0, "incidents": 43, "lisa": "Low-Low" }, "geometry": { "type": "Polygon", "coordinates": [ [ [ -74.150839, 40.549963 ], [ -74.145912, 40.542424 ], [ -74.138641, 40.548475 ], [ -74.133184, 40.552344 ], [ -74.138851, 40.556951 ], [ -74.140478, 40.554176 ], [ -74.145293, 40.551563 ], [ -74.150106, 40.550818 ], [ -74.150839, 40.549963 ] ] ] } },
{ "type": "Feature", "properties": { "GEOID": "36085018902", "gi_z": -1.75, "borough": "Staten Island", "pop": 5643.0, "incidents": 32, "lisa": "Low-Low" }, "geometry": { "type": "Polygon", "coordinates": [ [ [ -74.147209, 40.608259 ], [ -74.146508, 40.605189 ], [ -74.140462, 40.60307 ], [ -74.137234, 40.603249 ], [ -74.13099, 40.599503 ], [ -74.132123, 40.608275 ], [ -74.147209, 40.608259 ] ] ] } },
{ "type": "Feature", "properties": { "GEOID": "36005037300", "gi_z": 3.86, "borough": "Bronx", "pop": 6202.0, "incidents": 437, "lisa": "High-High" }, "geometry": { "type": "Polygon", "coordinates": [ [ [ -73.893374, 40.846401 ], [ -73.892901, 40.846269 ], [ -73.891125, 40.84541 ], [ -73.886436, 40.850309 ], [ -73.889879, 40.85207 ], [ -73.893374, 40.846401 ] ] ] } },
{ "type": "Feature", "properties": { "GEOID": "36005023200", "gi_z": -0.06, "borough": "Bronx", "pop": 2626.0, "incidents": 144, "lisa": "Not significant" }, "geometry": { "type": "Polygon", "coordinates": [ [ [ -73.862509, 40.848362 ], [ -73.866947, 40.847502 ], [ -73.866119, 40.845223 ], [ -73.85944, 40.846659 ], [ -73.861193, 40.848603 ], [ -73.862509, 40.848362 ] ] ] } },
{ "type": "Feature", "properties": { "GEOID": "36005022800", "gi_z": 0.67, "borough": "Bronx", "pop": 5744.0, "incidents": 164, "lisa": "Not significant" }, "geometry": { "type": "Polygon", "coordinates": [ [ [ -73.866142, 40.850536 ], [ -73.86304, 40.850611 ], [ -73.86192, 40.856783 ], [ -73.864814, 40.854443 ], [ -73.866142, 40.850536 ] ] ] } },
{ "type": "Feature", "properties": { "GEOID": "36005022703", "gi_z": 1.54, "borough": "Bronx", "pop": 1685.0, "incidents": 42, "lisa": "Low-High" }, "geometry": { "type": "Polygon", "coordinates": [ [ [ -73.911143, 40.845063 ], [ -73.911927, 40.843267 ], [ -73.909547, 40.843045 ], [ -73.909361, 40.845006 ], [ -73.911143, 40.845063 ] ] ] } },
{ "type": "Feature", "properties": { "GEOID": "36005008600", "gi_z": 0.04, "borough": "Bronx", "pop": 3849.0, "incidents": 83, "lisa": "Not significant" }, "geometry": { "type": "Polygon", "coordinates": [ [ [ -73.852078, 40.822847 ], [ -73.850599, 40.816498 ], [ -73.847539, 40.816905 ], [ -73.849018, 40.82326 ], [ -73.852078, 40.822847 ] ] ] } },
{ "type": "Feature", "properties": { "GEOID": "36005014400", "gi_z": -0.56, "borough": "Bronx", "pop": 6128.0, "incidents": 134, "lisa": "Not significant" }, "geometry": { "type": "Polygon", "coordinates": [ [ [ -73.824638, 40.824766 ], [ -73.826717, 40.821819 ], [ -73.82319, 40.816673 ], [ -73.818085, 40.820482 ], [ -73.818889, 40.821855 ], [ -73.81914, 40.822347 ], [ -73.824638, 40.824766 ] ] ] } },
{ "type": "Feature", "properties": { "GEOID": "36005005200", "gi_z": 3.38, "borough": "Bronx", "pop": 1837.0, "incidents": 204, "lisa": "High-High" }, "geometry": { "type": "Polygon", "coordinates": [ [ [ -73.883832, 40.828271 ], [ -73.884411, 40.82297 ], [ -73.87993, 40.823641 ], [ -73.880427, 40.82578 ], [ -73.881046, 40.828432 ], [ -73.883832, 40.828271 ] ] ] } },
{ "type": "Feature", "properties": { "GEOID": "36005016400", "gi_z": 0.1, "borough": "Bronx", "pop": 1132.0, "incidents": 50, "lisa": "Not significant" }, "geometry": { "type": "Polygon", "coordinates": [ [ [ -73.826013, 40.834021 ], [ -73.828189, 40.832951 ], [ -73.825294, 40.829689 ], [ -73.821482, 40.831573 ], [ -73.823816, 40.83433 ], [ -73.826013, 40.834021 ] ] ] } },
{ "type": "Feature", "properties": { "GEOID": "36061002902", "gi_z": 3.13, "borough": "Manhattan", "pop": 3493.0, "incidents": 440, "lisa": "High-High" }, "geometry": { "type": "Polygon", "coordinates": [ [ [ -73.999313, 40.71755 ], [ -74.000891, 40.713015 ], [ -73.997504, 40.714069 ], [ -73.996059, 40.716232 ], [ -73.999313, 40.71755 ] ] ] } },
{ "type": "Feature", "properties": { "GEOID": "36081001903", "gi_z": 1.28, "borough": "Queens", "pop": 2060.0, "incidents": 317, "lisa": "Not significant" }, "geometry": { "type": "Polygon", "coordinates": [ [ [ -73.949144, 40.754485 ], [ -73.952213, 40.749056 ], [ -73.945056, 40.747664 ], [ -73.943842, 40.74743 ], [ -73.940513, 40.750856 ], [ -73.944018, 40.75235 ], [ -73.949144, 40.754485 ] ] ] } },
{ "type": "Feature", "properties": { "GEOID": "36047005800", "gi_z": -1.32, "borough": "Brooklyn", "pop": 3115.0, "incidents": 100, "lisa": "Not significant" }, "geometry": { "type": "Polygon", "coordinates": [ [ [ -74.035437, 40.619956 ], [ -74.03599, 40.618596 ], [ -74.030485, 40.616518 ], [ -74.029564, 40.619833 ], [ -74.034886, 40.62132 ], [ -74.035437, 40.619956 ] ] ] } },
{ "type": "Feature", "properties": { "GEOID": "36081017000", "gi_z": -1.04, "borough": "Queens", "pop": 2738.0, "incidents": 96, "lisa": "Not significant" }, "geometry": { "type": "Polygon", "coordinates": [ [ [ -73.817811, 40.683495 ], [ -73.816943, 40.681758 ], [ -73.806748, 40.684683 ], [ -73.808017, 40.68706 ], [ -73.811645, 40.685656 ], [ -73.817811, 40.683495 ] ] ] } },
{ "type": "Feature", "properties": { "GEOID": "36081009400", "gi_z": -0.27, "borough": "Queens", "pop": 2707.0, "incidents": 197, "lisa": "Not significant" }, "geometry": { "type": "Polygon", "coordinates": [ [ [ -73.839922, 40.681187 ], [ -73.839521, 40.679962 ], [ -73.833325, 40.678657 ], [ -73.835056, 40.683015 ], [ -73.835951, 40.684844 ], [ -73.839922, 40.681187 ] ] ] } },
{ "type": "Feature", "properties": { "GEOID": "36081014800", "gi_z": -0.36, "borough": "Queens", "pop": 2015.0, "incidents": 72, "lisa": "Not significant" }, "geometry": { "type": "Polygon", "coordinates": [ [ [ -73.827972, 40.693992 ], [ -73.827181, 40.692378 ], [ -73.815709, 40.695638 ], [ -73.816174, 40.696583 ], [ -73.825832, 40.694448 ], [ -73.827972, 40.693992 ] ] ] } },
{ "type": "Feature", "properties": { "GEOID": "36047021900", "gi_z": 0.14, "borough": "Brooklyn", "pop": 4258.0, "incidents": 133, "lisa": "Not significant" }, "geometry": { "type": "Polygon", "coordinates": [ [ [ -73.956703, 40.674171 ], [ -73.957974, 40.670657 ], [ -73.955269, 40.670125 ], [ -73.95327, 40.670007 ], [ -73.953019, 40.672681 ], [ -73.952937, 40.673571 ], [ -73.956703, 40.674171 ] ] ] } },
{ "type": "Feature", "properties": { "GEOID": "36047008500", "gi_z": -0.8, "borough": "Brooklyn", "pop": 6401.0, "incidents": 74, "lisa": "Not significant" }, "geometry": { "type": "Polygon", "coordinates": [ [ [ -74.009544, 40.677898 ], [ -74.009611, 40.675121 ], [ -74.002608, 40.673182 ], [ -74.001354, 40.675791 ], [ -74.009544, 40.677898 ] ] ] } },
{ "type": "Feature", "properties": { "GEOID": "36081001400", "gi_z": -1.26, "borough": "Queens", "pop": 3609.0, "incidents": 85, "lisa": "Not significant" }, "geometry": { "type": "Polygon", "coordinates": [ [ [ -73.858331, 40.696744 ], [ -73.85732, 40.692623 ], [ -73.854679, 40.692831 ], [ -73.852165, 40.693661 ], [ -73.852664, 40.697572 ], [ -73.858331, 40.696744 ] ] ] } },
{ "type": "Feature", "properties": { "GEOID": "36081018402", "gi_z": -1.4, "borough": "Queens", "pop": 2855.0, "incidents": 71, "lisa": "Not significant" }, "geometry": { "type": "Polygon", "coordinates": [ [ [ -73.798215, 40.679097 ], [ -73.795935, 40.676597 ], [ -73.791128, 40.677773 ], [ -73.792093, 40.680476 ], [ -73.79266, 40.682569 ], [ -73.794635, 40.68211 ], [ -73.798215, 40.679097 ] ] ] } },
{ "type": "Feature", "properties": { "GEOID": "36081026501", "gi_z": 2.38, "borough": "Queens", "pop": 3031.0, "incidents": 470, "lisa": "High-High" }, "geometry": { "type": "Polygon", "coordinates": [ [ [ -73.895659, 40.748473 ], [ -73.894447, 40.746535 ], [ -73.892179, 40.742873 ], [ -73.890716, 40.743128 ], [ -73.891431, 40.746845 ], [ -73.892409, 40.747135 ], [ -73.895659, 40.748473 ] ] ] } },
{ "type": "Feature", "properties": { "GEOID": "36081023502", "gi_z": -0.73, "borough": "Queens", "pop": 2739.0, "incidents": 117, "lisa": "Not significant" }, "geometry": { "type": "Polygon", "coordinates": [ [ [ -73.919099, 40.741155 ], [ -73.919466, 40.739312 ], [ -73.915675, 40.740785 ], [ -73.913828, 40.742414 ], [ -73.915021, 40.742553 ], [ -73.91873, 40.742991 ], [ -73.919099, 40.741155 ] ] ] } },
{ "type": "Feature", "properties": { "GEOID": "36047025600", "gi_z": -1.08, "borough": "Brooklyn", "pop": 2815.0, "incidents": 61, "lisa": "Not significant" }, "geometry": { "type": "Polygon", "coordinates": [ [ [ -73.988688, 40.617249 ], [ -73.989851, 40.61613 ], [ -73.983222, 40.612122 ], [ -73.98266, 40.612693 ], [ -73.981438, 40.613838 ], [ -73.988066, 40.617852 ], [ -73.988688, 40.617249 ] ] ] } },
{ "type": "Feature", "properties": { "GEOID": "36047030700", "gi_z": 0.81, "borough": "Brooklyn", "pop": 6299.0, "incidents": 340, "lisa": "Not significant" }, "geometry": { "type": "Polygon", "coordinates": [ [ [ -73.930322, 40.677485 ], [ -73.930615, 40.674147 ], [ -73.925082, 40.673844 ], [ -73.922132, 40.673684 ], [ -73.921816, 40.677019 ], [ -73.930322, 40.677485 ] ] ] } },
{ "type": "Feature", "properties": { "GEOID": "36081045900", "gi_z": -0.22, "borough": "Queens", "pop": 3480.0, "incidents": 65, "lisa": "Not significant" }, "geometry": { "type": "Polygon", "coordinates": [ [ [ -73.874361, 40.74016 ], [ -73.874103, 40.739488 ], [ -73.873567, 40.738117 ], [ -73.86704, 40.739572 ], [ -73.867557, 40.741678 ], [ -73.874361, 40.74016 ] ] ] } },
{ "type": "Feature", "properties": { "GEOID": "36081059800", "gi_z": -1.77, "borough": "Queens", "pop": 1691.0, "incidents": 62, "lisa": "Low-Low" }, "geometry": { "type": "Polygon", "coordinates": [ [ [ -73.741395, 40.70133 ], [ -73.743593, 40.696215 ], [ -73.740136, 40.695139 ], [ -73.737489, 40.700214 ], [ -73.741395, 40.70133 ] ] ] } },
{ "type": "Feature", "properties": { "GEOID": "36061027500", "gi_z": 1.08, "borough": "Manhattan", "pop": 3164.0, "incidents": 18, "lisa": "Not significant" }, "geometry": { "type": "Polygon", "coordinates": [ [ [ -73.945840929906296, 40.862520569294375 ], [ -73.952565101198815, 40.851537061954502 ], [ -73.943187, 40.849755 ], [ -73.940285, 40.851322 ], [ -73.935606, 40.858863 ], [ -73.945840929906296, 40.862520569294375 ] ] ] } },
{ "type": "Feature", "properties": { "GEOID": "36047036501", "gi_z": 1.06, "borough": "Brooklyn", "pop": 3139.0, "incidents": 125, "lisa": "Not significant" }, "geometry": { "type": "Polygon", "coordinates": [ [ [ -73.913696, 40.676495 ], [ -73.914004, 40.67324 ], [ -73.911224, 40.673152 ], [ -73.908088, 40.67619 ], [ -73.910926, 40.676345 ], [ -73.913696, 40.676495 ] ] ] } },
{ "type": "Feature", "properties": { "GEOID": "36047039700", "gi_z": 0.16, "borough": "Brooklyn", "pop": 3356.0, "incidents": 161, "lisa": "Not significant" }, "geometry": { "type": "Polygon", "coordinates": [ [ [ -73.92223, 40.691823 ], [ -73.923644, 40.690399 ], [ -73.918046, 40.687213 ], [ -73.916046, 40.686072 ], [ -73.914642, 40.687507 ], [ -73.92223, 40.691823 ] ] ] } },
{ "type": "Feature", "properties": { "GEOID": "36047042000", "gi_z": -1.57, "borough": "Brooklyn", "pop": 1662.0, "incidents": 65, "lisa": "Low-Low" }, "geometry": { "type": "Polygon", "coordinates": [ [ [ -73.967668, 40.609404 ], [ -73.967261, 40.607259 ], [ -73.961886, 40.607336 ], [ -73.96238, 40.609986 ], [ -73.96286, 40.61255 ], [ -73.967668, 40.609404 ] ] ] } },
{ "type": "Feature", "properties": { "GEOID": "36081103201", "gi_z": -0.16, "borough": "Queens", "pop": 6296.0, "incidents": 192, "lisa": "Not significant" }, "geometry": { "type": "Polygon", "coordinates": [ [ [ -73.75891, 40.611206 ], [ -73.760953, 40.606452 ], [ -73.754419, 40.604978 ], [ -73.751061, 40.60942 ], [ -73.746942, 40.611775 ], [ -73.754732, 40.610405 ], [ -73.75891, 40.611206 ] ] ] } },
{ "type": "Feature", "properties": { "GEOID": "36081066701", "gi_z": -1.63, "borough": "Queens", "pop": 2576.0, "incidents": 48, "lisa": "Low-Low" }, "geometry": { "type": "Polygon", "coordinates": [ [ [ -73.894268, 40.723142 ], [ -73.894235, 40.717924 ], [ -73.88724, 40.72128 ], [ -73.890175, 40.724947 ], [ -73.894113, 40.723214 ], [ -73.894268, 40.723142 ] ] ] } },
{ "type": "Feature", "properties": { "GEOID": "36081072100", "gi_z": -1.36, "borough": "Queens", "pop": 5595.0, "incidents": 79, "lisa": "Low-Low" }, "geometry": { "type": "Polygon", "coordinates": [ [ [ -73.857049, 40.732512 ], [ -73.856257, 40.730959 ], [ -73.850253, 40.729655 ], [ -73.852522, 40.733619 ], [ -73.857049, 40.732512 ] ] ] } },
{ "type": "Feature", "properties": { "GEOID": "36047049700", "gi_z": -0.41, "borough": "Brooklyn", "pop": 3361.0, "incidents": 152, "lisa": "Not significant" }, "geometry": { "type": "Polygon", "coordinates": [ [ [ -73.946744, 40.718548 ], [ -73.94607, 40.714372 ], [ -73.945949, 40.713638 ], [ -73.941713, 40.714007 ], [ -73.942066, 40.714729 ], [ -73.943427, 40.718934 ], [ -73.946744, 40.718548 ] ] ] } },
{ "type": "Feature", "properties": { "GEOID": "36047051900", "gi_z": 1.13, "borough": "Brooklyn", "pop": 6051.0, "incidents": 267, "lisa": "Not significant" }, "geometry": { "type": "Polygon", "coordinates": [ [ [ -73.959797, 40.713887 ], [ -73.955476, 40.712266 ], [ -73.953485, 40.714069 ], [ -73.951842, 40.715442 ], [ -73.953469, 40.719798 ], [ -73.955844, 40.717589 ], [ -73.959797, 40.713887 ] ] ] } },
{ "type": "Feature", "properties": { "GEOID": "36047062800", "gi_z": -1.35, "borough": "Brooklyn", "pop": 4838.0, "incidents": 108, "lisa": "Low-Low" }, "geometry": { "type": "Polygon", "coordinates": [ [ [ -73.932576, 40.597719 ], [ -73.931784, 40.588141 ], [ -73.931369, 40.586071 ], [ -73.927207, 40.584802 ], [ -73.917663, 40.585605 ], [ -73.929569, 40.59682 ], [ -73.931404, 40.598476 ], [ -73.932576, 40.597719 ] ] ] } },
{ "type": "Feature", "properties": { "GEOID": "36081094700", "gi_z": -0.71, "borough": "Queens", "pop": 2773.0, "incidents": 61, "lisa": "Not significant" }, "geometry": { "type": "Polygon", "coordinates": [ [ [ -73.846068, 40.78805 ], [ -73.84481, 40.785369 ], [ -73.841409, 40.781691 ], [ -73.839604, 40.781693 ], [ -73.838699, 40.781677 ], [ -73.840083, 40.787849 ], [ -73.846068, 40.78805 ] ] ] } },
{ "type": "Feature", "properties": { "GEOID": "36081115500", "gi_z": -1.3, "borough": "Queens", "pop": 2189.0, "incidents": 38, "lisa": "Not significant" }, "geometry": { "type": "Polygon", "coordinates": [ [ [ -73.813227, 40.771573 ], [ -73.812764, 40.764125 ], [ -73.811227, 40.763041 ], [ -73.810817, 40.766027 ], [ -73.810061, 40.771589 ], [ -73.813227, 40.771573 ] ] ] } },
{ "type": "Feature", "properties": { "GEOID": "36081146300", "gi_z": -1.88, "borough": "Queens", "pop": 2934.0, "incidents": 77, "lisa": "Low-Low" }, "geometry": { "type": "Polygon", "coordinates": [ [ [ -73.785274, 40.761842 ], [ -73.785168, 40.761433 ], [ -73.783392, 40.757758 ], [ -73.782481, 40.755997 ], [ -73.777403, 40.758214 ], [ -73.779031, 40.76238 ], [ -73.785274, 40.761842 ] ] ] } },
{ "type": "Feature", "properties": { "GEOID": "36047067600", "gi_z": -1.94, "borough": "Brooklyn", "pop": 1510.0, "incidents": 38, "lisa": "Low-Low" }, "geometry": { "type": "Polygon", "coordinates": [ [ [ -73.932195, 40.623269 ], [ -73.929311, 40.623441 ], [ -73.927369, 40.623562 ], [ -73.924469, 40.623743 ], [ -73.924918, 40.627984 ], [ -73.932195, 40.623269 ] ] ] } },
{ "type": "Feature", "properties": { "GEOID": "36047082800", "gi_z": -0.47, "borough": "Brooklyn", "pop": 3604.0, "incidents": 147, "lisa": "Not significant" }, "geometry": { "type": "Polygon", "coordinates": [ [ [ -73.951652, 40.643066 ], [ -73.951158, 40.638428 ], [ -73.948265, 40.638607 ], [ -73.94779, 40.643305 ], [ -73.951652, 40.643066 ] ] ] } },
{ "type": "Feature", "properties": { "GEOID": "36047075000", "gi_z": -1.6, "borough": "Brooklyn", "pop": 2804.0, "incidents": 60, "lisa": "Low-Low" }, "geometry": { "type": "Polygon", "coordinates": [ [ [ -73.951106, 40.62875 ], [ -73.950202, 40.623971 ], [ -73.949274, 40.624072 ], [ -73.946422, 40.624385 ], [ -73.947327, 40.629166 ], [ -73.950177, 40.628852 ], [ -73.951106, 40.62875 ] ] ] } },
{ "type": "Feature", "properties": { "GEOID": "36081076901", "gi_z": -0.84, "borough": "Queens", "pop": 5452.0, "incidents": 44, "lisa": "Not significant" }, "geometry": { "type": "Polygon", "coordinates": [ [ [ -73.839812, 40.719602 ], [ -73.841165, 40.717414 ], [ -73.835014, 40.712221 ], [ -73.833634, 40.712989 ], [ -73.834962, 40.717172 ], [ -73.839812, 40.719602 ] ] ] } },
{ "type": "Feature", "properties": { "GEOID": "36047097000", "gi_z": -0.64, "borough": "Brooklyn", "pop": 1935.0, "incidents": 58, "lisa": "Not significant" }, "geometry": { "type": "Polygon", "coordinates": [ [ [ -73.907615, 40.649896 ], [ -73.910716, 40.647888 ], [ -73.907084, 40.644623 ], [ -73.903982, 40.646629 ], [ -73.907615, 40.649896 ] ] ] } },
{ "type": "Feature", "properties": { "GEOID": "36047078802", "gi_z": -0.54, "borough": "Brooklyn", "pop": 1790.0, "incidents": 26, "lisa": "Not significant" }, "geometry": { "type": "Polygon", "coordinates": [ [ [ -73.948265, 40.638607 ], [ -73.948015, 40.636267 ], [ -73.945123, 40.636448 ], [ -73.945373, 40.638787 ], [ -73.948265, 40.638607 ] ] ] } },
{ "type": "Feature", "properties": { "GEOID": "36047014101", "gi_z": -1.59, "borough": "Brooklyn", "pop": 1483.0, "incidents": 38, "lisa": "Low-Low" }, "geometry": { "type": "Polygon", "coordinates": [ [ [ -73.99073, 40.667941 ], [ -73.991734, 40.666736 ], [ -73.986951, 40.664425 ], [ -73.985948, 40.66563 ], [ -73.99073, 40.667941 ] ] ] } },
{ "type": "Feature", "properties": { "GEOID": "36047035102", "gi_z": -0.07, "borough": "Brooklyn", "pop": 3400.0, "incidents": 345, "lisa": "Not significant" }, "geometry": { "type": "Polygon", "coordinates": [ [ [ -73.933888, 40.66895 ], [ -73.934224, 40.665378 ], [ -73.931455, 40.665234 ], [ -73.931119, 40.668798 ], [ -73.933888, 40.66895 ] ] ] } },
{ "type": "Feature", "properties": { "GEOID": "36047050402", "gi_z": -1.26, "borough": "Brooklyn", "pop": 1950.0, "incidents": 59, "lisa": "Not significant" }, "geometry": { "type": "Polygon", "coordinates": [ [ [ -73.974959, 40.647796 ], [ -73.975176, 40.647818 ], [ -73.974827, 40.645664 ], [ -73.974657, 40.644806 ], [ -73.972086, 40.645863 ], [ -73.970841, 40.646378 ], [ -73.971397, 40.648258 ], [ -73.974959, 40.647796 ] ] ] } },
{ "type": "Feature", "properties": { "GEOID": "36047116000", "gi_z": 0.25, "borough": "Brooklyn", "pop": 2420.0, "incidents": 112, "lisa": "Not significant" }, "geometry": { "type": "Polygon", "coordinates": [ [ [ -73.890878, 40.671318 ], [ -73.88977, 40.66699 ], [ -73.886183, 40.667521 ], [ -73.887289, 40.671848 ], [ -73.888192, 40.671715 ], [ -73.890878, 40.671318 ] ] ] } },
{ "type": "Feature", "properties": { "GEOID": "36047121400", "gi_z": -0.06, "borough": "Brooklyn", "pop": 4512.0, "incidents": 80, "lisa": "Not significant" }, "geometry": { "type": "Polygon", "coordinates": [ [ [ -73.86833, 40.668728 ], [ -73.867518, 40.665473 ], [ -73.862042, 40.666253 ], [ -73.862845, 40.669522 ], [ -73.865554, 40.669122 ], [ -73.86833, 40.668728 ] ] ] } },
{ "type": "Feature", "properties": { "GEOID": "36085011203", "gi_z": -1.41, "borough": "Staten Island", "pop": 7029.0, "incidents": 185, "lisa": "High-Low" }, "geometry": { "type": "Polygon", "coordinates": [ [ [ -74.109762, 40.570468 ], [ -74.108739, 40.569992 ], [ -74.10471, 40.574006 ], [ -74.092686, 40.568065 ], [ -74.087678, 40.573071 ], [ -74.100391, 40.579689 ], [ -74.10369, 40.576505 ], [ -74.109762, 40.570468 ] ] ] } },
{ "type": "Feature", "properties": { "GEOID": "36061007700", "gi_z": 3.9, "borough": "Manhattan", "pop": 5600.0, "incidents": 453, "lisa": "High-High" }, "geometry": { "type": "Polygon", "coordinates": [ [ [ -74.005829, 40.736534 ], [ -74.00596, 40.735845 ], [ -74.001948, 40.736414 ], [ -73.999684, 40.738552 ], [ -74.002523, 40.739753 ], [ -74.005158, 40.740858 ], [ -74.005829, 40.736534 ] ] ] } },
{ "type": "Feature", "properties": { "GEOID": "36061020500", "gi_z": 0.01, "borough": "Manhattan", "pop": 5532.0, "incidents": 104, "lisa": "Not significant" }, "geometry": { "type": "Polygon", "coordinates": [ [ [ -73.971250004954697, 40.816340214555403 ], [ -73.975170847045803, 40.810944380103294 ], [ -73.964848, 40.806707 ], [ -73.961111, 40.81183 ], [ -73.971250004954697, 40.816340214555403 ] ] ] } },
{ "type": "Feature", "properties": { "GEOID": "36061015601", "gi_z": -0.46, "borough": "Manhattan", "pop": 5172.0, "incidents": 92, "lisa": "Not significant" }, "geometry": { "type": "Polygon", "coordinates": [ [ [ -73.949332, 40.785194 ], [ -73.950282, 40.783891 ], [ -73.948039, 40.782942 ], [ -73.94567, 40.781947 ], [ -73.944723, 40.783247 ], [ -73.949332, 40.785194 ] ] ] } },
{ "type": "Feature", "properties": { "GEOID": "36061023000", "gi_z": 2.12, "borough": "Manhattan", "pop": 8773.0, "incidents": 292, "lisa": "High-High" }, "geometry": { "type": "Polygon", "coordinates": [ [ [ -73.943778, 40.820294 ], [ -73.945141, 40.818424 ], [ -73.939457, 40.816027 ], [ -73.938991, 40.816663 ], [ -73.937641, 40.818517 ], [ -73.943322, 40.820917 ], [ -73.943778, 40.820294 ] ] ] } },
{ "type": "Feature", "properties": { "GEOID": "36061003001", "gi_z": 4.2, "borough": "Manhattan", "pop": 4270.0, "incidents": 622, "lisa": "High-High" }, "geometry": { "type": "Polygon", "coordinates": [ [ [ -73.988643, 40.722933 ], [ -73.989857, 40.720533 ], [ -73.986752, 40.719593 ], [ -73.985074, 40.719083 ], [ -73.983824, 40.721473 ], [ -73.988643, 40.722933 ] ] ] } },
{ "type": "Feature", "properties": { "GEOID": "36061001300", "gi_z": 3.48, "borough": "Manhattan", "pop": 5062.0, "incidents": 636, "lisa": "High-High" }, "geometry": { "type": "Polygon", "coordinates": [ [ [ -74.014358, 40.711006 ], [ -74.016628, 40.704799 ], [ -74.014289, 40.704549 ], [ -74.012508, 40.706767 ], [ -74.010542, 40.709154 ], [ -74.009063, 40.710887 ], [ -74.008601, 40.711392 ], [ -74.0137, 40.713668 ], [ -74.014358, 40.711006 ] ] ] } },
{ "type": "Feature", "properties": { "GEOID": "36047003101", "gi_z": 1.34, "borough": "Brooklyn", "pop": 4074.0, "incidents": 127, "lisa": "Not significant" }, "geometry": { "type": "Polygon", "coordinates": [ [ [ -73.982512, 40.693614 ], [ -73.98136, 40.689928 ], [ -73.977098, 40.689773 ], [ -73.977827, 40.693438 ], [ -73.979168, 40.693489 ], [ -73.982512, 40.693614 ] ] ] } },
{ "type": "Feature", "properties": { "GEOID": "36047035101", "gi_z": -0.13, "borough": "Brooklyn", "pop": 1735.0, "incidents": 172, "lisa": "Not significant" }, "geometry": { "type": "Polygon", "coordinates": [ [ [ -73.933635, 40.671626 ], [ -73.933888, 40.66895 ], [ -73.931119, 40.668798 ], [ -73.930868, 40.671474 ], [ -73.933635, 40.671626 ] ] ] } },
{ "type": "Feature", "properties": { "GEOID": "36061011900", "gi_z": 15.03, "borough": "Manhattan", "pop": 1352.0, "incidents": 1565, "lisa": "High-High" }, "geometry": { "type": "Polygon", "coordinates": [ [ [ -73.987927, 40.759791 ], [ -73.989791, 40.757234 ], [ -73.984118, 40.754842 ], [ -73.982256, 40.757387 ], [ -73.987927, 40.759791 ] ] ] } },
{ "type": "Feature", "properties": { "GEOID": "36061019400", "gi_z": 5.3, "borough": "Manhattan", "pop": 5879.0, "incidents": 306, "lisa": "High-High" }, "geometry": { "type": "Polygon", "coordinates": [ [ [ -73.93631, 40.803024 ], [ -73.938603, 40.799883 ], [ -73.933991, 40.797932 ], [ -73.931773, 40.800979 ], [ -73.93631, 40.803024 ] ] ] } },
{ "type": "Feature", "properties": { "GEOID": "36061023400", "gi_z": 0.47, "borough": "Manhattan", "pop": 5442.0, "incidents": 190, "lisa": "Not significant" }, "geometry": { "type": "Polygon", "coordinates": [ [ [ -73.939602, 40.826002 ], [ -73.941426, 40.823507 ], [ -73.935745, 40.821106 ], [ -73.939602, 40.826002 ] ] ] } },
{ "type": "Feature", "properties": { "GEOID": "36061027700", "gi_z": 1.12, "borough": "Manhattan", "pop": 6441.0, "incidents": 357, "lisa": "Not significant" }, "geometry": { "type": "Polygon", "coordinates": [ [ [ -73.928233, 40.857168 ], [ -73.930539, 40.853685 ], [ -73.927695, 40.852488 ], [ -73.924692, 40.856642 ], [ -73.927266, 40.857929 ], [ -73.928233, 40.857168 ] ] ] } },
{ "type": "Feature", "properties": { "GEOID": "36061001800", "gi_z": 6.23, "borough": "Manhattan", "pop": 6706.0, "incidents": 1329, "lisa": "High-High" }, "geometry": { "type": "Polygon", "coordinates": [ [ [ -73.993795, 40.720937 ], [ -73.994808, 40.718457 ], [ -73.989155, 40.716708 ], [ -73.988367, 40.716446 ], [ -73.986752, 40.719593 ], [ -73.989857, 40.720533 ], [ -73.993523, 40.721632 ], [ -73.993795, 40.720937 ] ] ] } },
{ "type": "Feature", "properties": { "GEOID": "36061014801", "gi_z": -0.32, "borough": "Manhattan", "pop": 3127.0, "incidents": 107, "lisa": "Not significant" }, "geometry": { "type": "Polygon", "coordinates": [ [ [ -73.957202, 40.780179 ], [ -73.958165, 40.778861 ], [ -73.954945, 40.777504 ], [ -73.953984, 40.778822 ], [ -73.957202, 40.780179 ] ] ] } },
{ "type": "Feature", "properties": { "GEOID": "36085022601", "gi_z": -1.32, "borough": "Staten Island", "pop": 7483.0, "incidents": 68, "lisa": "Not significant" }, "geometry": { "type": "Polygon", "coordinates": [ [ [ -74.22065, 40.548605 ], [ -74.223469, 40.543571 ], [ -74.22453, 40.537029 ], [ -74.223617, 40.526292 ], [ -74.225058, 40.520435 ], [ -74.223735, 40.518203 ], [ -74.217356, 40.52093 ], [ -74.214098, 40.524098 ], [ -74.21556, 40.523968 ], [ -74.218315, 40.535312 ], [ -74.217769, 40.541126 ], [ -74.22065, 40.548605 ] ] ] } },
{ "type": "Feature", "properties": { "GEOID": "36061011500", "gi_z": 13.87, "borough": "Manhattan", "pop": 3947.0, "incidents": 787, "lisa": "High-High" }, "geometry": { "type": "Polygon", "coordinates": [ [ [ -73.995474, 40.759627 ], [ -73.997306, 40.75711 ], [ -73.991633, 40.754707 ], [ -73.989791, 40.757234 ], [ -73.992633, 40.75843 ], [ -73.995474, 40.759627 ] ] ] } },
{ "type": "Feature", "properties": { "GEOID": "36061020300", "gi_z": -0.54, "borough": "Manhattan", "pop": 3989.0, "incidents": 124, "lisa": "Not significant" }, "geometry": { "type": "Polygon", "coordinates": [ [ [ -73.961111, 40.81183 ], [ -73.964848, 40.806707 ], [ -73.962008, 40.805509 ], [ -73.960106, 40.80812 ], [ -73.958272, 40.810629 ], [ -73.961111, 40.81183 ] ] ] } },
{ "type": "Feature", "properties": { "GEOID": "36081048302", "gi_z": -0.08, "borough": "Queens", "pop": 1719.0, "incidents": 93, "lisa": "Not significant" }, "geometry": { "type": "Polygon", "coordinates": [ [ [ -73.898985, 40.740646 ], [ -73.895838, 40.740453 ], [ -73.894685, 40.740233 ], [ -73.890887, 40.740687 ], [ -73.892179, 40.742873 ], [ -73.896453, 40.742861 ], [ -73.898985, 40.740646 ] ] ] } },
{ "type": "Feature", "properties": { "GEOID": "36081134702", "gi_z": -0.78, "borough": "Queens", "pop": 4532.0, "incidents": 153, "lisa": "Not significant" }, "geometry": { "type": "Polygon", "coordinates": [ [ [ -73.783132, 40.7419 ], [ -73.780779, 40.736284 ], [ -73.783025, 40.733131 ], [ -73.772861, 40.736276 ], [ -73.775759, 40.743367 ], [ -73.783132, 40.7419 ] ] ] } },
{ "type": "Feature", "properties": { "GEOID": "36061002400", "gi_z": 0.25, "borough": "Manhattan", "pop": 4523.0, "incidents": 19, "lisa": "Not significant" }, "geometry": { "type": "Polygon", "coordinates": [ [ [ -73.975598, 40.724283 ], [ -73.976893, 40.722498 ], [ -73.966511, 40.717917 ], [ -73.96355, 40.721571 ], [ -73.962645, 40.722747 ], [ -73.973298, 40.727428 ], [ -73.975598, 40.724283 ] ] ] } },
{ "type": "Feature", "properties": { "GEOID": "36047110400", "gi_z": 1.02, "borough": "Brooklyn", "pop": 5199.0, "incidents": 644, "lisa": "Not significant" }, "geometry": { "type": "Polygon", "coordinates": [ [ [ -73.896167, 40.657974 ], [ -73.89611, 40.657754 ], [ -73.893547, 40.655202 ], [ -73.889994, 40.651138 ], [ -73.886282, 40.652756 ], [ -73.884653, 40.653451 ], [ -73.885681, 40.65485 ], [ -73.887786, 40.657683 ], [ -73.882912, 40.659781 ], [ -73.880892, 40.662834 ], [ -73.881856, 40.66415 ], [ -73.888385, 40.661338 ], [ -73.893279, 40.65923 ], [ -73.896167, 40.657974 ] ] ] } },
{ "type": "Feature", "properties": { "GEOID": "36047004100", "gi_z": 1.26, "borough": "Brooklyn", "pop": 3314.0, "incidents": 179, "lisa": "Not significant" }, "geometry": { "type": "Polygon", "coordinates": [ [ [ -73.986155, 40.689018 ], [ -73.988289, 40.685869 ], [ -73.983953, 40.684182 ], [ -73.981817, 40.68733 ], [ -73.986155, 40.689018 ] ] ] } },
{ "type": "Feature", "properties": { "GEOID": "36047021500", "gi_z": 0.01, "borough": "Brooklyn", "pop": 5595.0, "incidents": 191, "lisa": "Not significant" }, "geometry": { "type": "Polygon", "coordinates": [ [ [ -73.963331, 40.675561 ], [ -73.967486, 40.672878 ], [ -73.962622, 40.671629 ], [ -73.961338, 40.671352 ], [ -73.960074, 40.674878 ], [ -73.963183, 40.675529 ], [ -73.963331, 40.675561 ] ] ] } },
{ "type": "Feature", "properties": { "GEOID": "36047019000", "gi_z": -1.26, "borough": "Brooklyn", "pop": 4171.0, "incidents": 124, "lisa": "Not significant" }, "geometry": { "type": "Polygon", "coordinates": [ [ [ -74.003436, 40.620696 ], [ -74.004019, 40.620136 ], [ -73.999488, 40.617405 ], [ -73.998295, 40.621619 ], [ -73.997713, 40.62368 ], [ -74.00053, 40.62349 ], [ -74.003436, 40.620696 ] ] ] } },
{ "type": "Feature", "properties": { "GEOID": "36047014000", "gi_z": -1.52, "borough": "Brooklyn", "pop": 1791.0, "incidents": 24, "lisa": "Low-Low" }, "geometry": { "type": "Polygon", "coordinates": [ [ [ -74.022933, 40.619502 ], [ -74.021216, 40.618472 ], [ -74.020526, 40.618058 ], [ -74.016406, 40.622014 ], [ -74.019075, 40.623615 ], [ -74.022933, 40.619502 ] ] ] } },
{ "type": "Feature", "properties": { "GEOID": "36047028800", "gi_z": -1.1, "borough": "Brooklyn", "pop": 3578.0, "incidents": 90, "lisa": "Not significant" }, "geometry": { "type": "Polygon", "coordinates": [ [ [ -73.995303, 40.607445 ], [ -74.000022, 40.602907 ], [ -73.997824, 40.601578 ], [ -73.993104, 40.606116 ], [ -73.995303, 40.607445 ] ] ] } },
{ "type": "Feature", "properties": { "GEOID": "36047028100", "gi_z": 0.41, "borough": "Brooklyn", "pop": 5240.0, "incidents": 146, "lisa": "Not significant" }, "geometry": { "type": "Polygon", "coordinates": [ [ [ -73.9431, 40.693823 ], [ -73.942516, 40.690892 ], [ -73.936758, 40.691556 ], [ -73.937195, 40.693752 ], [ -73.937342, 40.694485 ], [ -73.9431, 40.693823 ] ] ] } },
{ "type": "Feature", "properties": { "GEOID": "36047033300", "gi_z": -0.79, "borough": "Brooklyn", "pop": 4519.0, "incidents": 74, "lisa": "Not significant" }, "geometry": { "type": "Polygon", "coordinates": [ [ [ -73.947984, 40.667031 ], [ -73.948151, 40.665248 ], [ -73.937074, 40.664644 ], [ -73.936984, 40.665536 ], [ -73.936907, 40.666426 ], [ -73.947984, 40.667031 ] ] ] } },
{ "type": "Feature", "properties": { "GEOID": "36047042900", "gi_z": 1.88, "borough": "Brooklyn", "pop": 4630.0, "incidents": 402, "lisa": "Not significant" }, "geometry": { "type": "Polygon", "coordinates": [ [ [ -73.926838, 40.701334 ], [ -73.923833, 40.699628 ], [ -73.923082, 40.6992 ], [ -73.920075, 40.702259 ], [ -73.923083, 40.703975 ], [ -73.923834, 40.704398 ], [ -73.926838, 40.701334 ] ] ] } },
{ "type": "Feature", "properties": { "GEOID": "36047057200", "gi_z": -1.22, "borough": "Brooklyn", "pop": 5501.0, "incidents": 61, "lisa": "Not significant" }, "geometry": { "type": "Polygon", "coordinates": [ [ [ -73.94148, 40.598304 ], [ -73.939641, 40.593922 ], [ -73.93778, 40.594126 ], [ -73.935369, 40.596542 ], [ -73.94148, 40.598304 ] ] ] } },
{ "type": "Feature", "properties": { "GEOID": "36047054400", "gi_z": -0.99, "borough": "Brooklyn", "pop": 3544.0, "incidents": 35, "lisa": "Not significant" }, "geometry": { "type": "Polygon", "coordinates": [ [ [ -73.959583, 40.61562 ], [ -73.958593, 40.610403 ], [ -73.954796, 40.61082 ], [ -73.955786, 40.616036 ], [ -73.958655, 40.615721 ], [ -73.959583, 40.61562 ] ] ] } },
{ "type": "Feature", "properties": { "GEOID": "36081025301", "gi_z": -0.32, "borough": "Queens", "pop": 3660.0, "incidents": 96, "lisa": "Not significant" }, "geometry": { "type": "Polygon", "coordinates": [ [ [ -73.918014, 40.746568 ], [ -73.91873, 40.742991 ], [ -73.915021, 40.742553 ], [ -73.914303, 40.746138 ], [ -73.918014, 40.746568 ] ] ] } },
{ "type": "Feature", "properties": { "GEOID": "36081086900", "gi_z": 1.69, "borough": "Queens", "pop": 1980.0, "incidents": 321, "lisa": "Not significant" }, "geometry": { "type": "Polygon", "coordinates": [ [ [ -73.833428, 40.771434 ], [ -73.839417, 40.765428 ], [ -73.836917, 40.762767 ], [ -73.834922, 40.760255 ], [ -73.827516, 40.762421 ], [ -73.828114, 40.764056 ], [ -73.827863, 40.765363 ], [ -73.830686, 40.764712 ], [ -73.833428, 40.771434 ] ] ] } },
{ "type": "Feature", "properties": { "GEOID": "36081043702", "gi_z": -0.24, "borough": "Queens", "pop": 5982.0, "incidents": 157, "lisa": "Not significant" }, "geometry": { "type": "Polygon", "coordinates": [ [ [ -73.860072, 40.738373 ], [ -73.858866, 40.735939 ], [ -73.858771, 40.735785 ], [ -73.854181, 40.736954 ], [ -73.853129, 40.739374 ], [ -73.856454, 40.740363 ], [ -73.860072, 40.738373 ] ] ] } },
{ "type": "Feature", "properties": { "GEOID": "36047067800", "gi_z": -1.9, "borough": "Brooklyn", "pop": 2569.0, "incidents": 27, "lisa": "Low-Low" }, "geometry": { "type": "Polygon", "coordinates": [ [ [ -73.924918, 40.627984 ], [ -73.924469, 40.623743 ], [ -73.923497, 40.623802 ], [ -73.920869, 40.626251 ], [ -73.924298, 40.628386 ], [ -73.924918, 40.627984 ] ] ] } },
{ "type": "Feature", "properties": { "GEOID": "36047082000", "gi_z": 0.63, "borough": "Brooklyn", "pop": 4651.0, "incidents": 243, "lisa": "Not significant" }, "geometry": { "type": "Polygon", "coordinates": [ [ [ -73.953048, 40.656081 ], [ -73.952469, 40.65067 ], [ -73.949571, 40.650807 ], [ -73.950066, 40.655423 ], [ -73.95016, 40.65626 ], [ -73.953048, 40.656081 ] ] ] } },
{ "type": "Feature", "properties": { "GEOID": "36047095000", "gi_z": -1.42, "borough": "Brooklyn", "pop": 2333.0, "incidents": 92, "lisa": "Low-Low" }, "geometry": { "type": "Polygon", "coordinates": [ [ [ -73.919556, 40.641185 ], [ -73.919172, 40.63747 ], [ -73.918852, 40.634483 ], [ -73.918604, 40.632096 ], [ -73.916224, 40.633606 ], [ -73.913278, 40.635508 ], [ -73.91893, 40.640585 ], [ -73.919556, 40.641185 ] ] ] } },
{ "type": "Feature", "properties": { "GEOID": "36047098200", "gi_z": 0.16, "borough": "Brooklyn", "pop": 3962.0, "incidents": 73, "lisa": "Not significant" }, "geometry": { "type": "Polygon", "coordinates": [ [ [ -73.897943, 40.650515 ], [ -73.896162, 40.646571 ], [ -73.894679, 40.64753 ], [ -73.892551, 40.648911 ], [ -73.891252, 40.650026 ], [ -73.889994, 40.651138 ], [ -73.893547, 40.655202 ], [ -73.89761, 40.653454 ], [ -73.897943, 40.650515 ] ] ] } },
{ "type": "Feature", "properties": { "GEOID": "36047117800", "gi_z": -0.07, "borough": "Brooklyn", "pop": 1777.0, "incidents": 128, "lisa": "Not significant" }, "geometry": { "type": "Polygon", "coordinates": [ [ [ -73.877867, 40.682039 ], [ -73.877429, 40.680017 ], [ -73.877339, 40.680055 ], [ -73.873604, 40.681121 ], [ -73.8712, 40.680222 ], [ -73.87157, 40.681686 ], [ -73.872187, 40.683649 ], [ -73.874105, 40.683104 ], [ -73.877867, 40.682039 ] ] ] } },
{ "type": "Feature", "properties": { "GEOID": "36081006300", "gi_z": 0.2, "borough": "Queens", "pop": 5613.0, "incidents": 193, "lisa": "Not significant" }, "geometry": { "type": "Polygon", "coordinates": [ [ [ -73.922189, 40.767267 ], [ -73.924253, 40.764725 ], [ -73.917888, 40.761695 ], [ -73.915791, 40.764268 ], [ -73.91819, 40.765394 ], [ -73.919778, 40.766152 ], [ -73.922189, 40.767267 ] ] ] } },
{ "type": "Feature", "properties": { "GEOID": "36081017400", "gi_z": -1.62, "borough": "Queens", "pop": 2805.0, "incidents": 49, "lisa": "Low-Low" }, "geometry": { "type": "Polygon", "coordinates": [ [ [ -73.816074, 40.680007 ], [ -73.815216, 40.678258 ], [ -73.805031, 40.681146 ], [ -73.805891, 40.682897 ], [ -73.816074, 40.680007 ] ] ] } },
{ "type": "Feature", "properties": { "GEOID": "36081002500", "gi_z": 0.84, "borough": "Queens", "pop": 6530.0, "incidents": 122, "lisa": "Not significant" }, "geometry": { "type": "Polygon", "coordinates": [ [ [ -73.945814, 40.757799 ], [ -73.949144, 40.754485 ], [ -73.944018, 40.75235 ], [ -73.94243, 40.753998 ], [ -73.941239, 40.755234 ], [ -73.945814, 40.757799 ] ] ] } },
{ "type": "Feature", "properties": { "GEOID": "36081028200", "gi_z": -1.56, "borough": "Queens", "pop": 2028.0, "incidents": 72, "lisa": "Low-Low" }, "geometry": { "type": "Polygon", "coordinates": [ [ [ -73.776619, 40.688364 ], [ -73.776998, 40.686283 ], [ -73.772203, 40.68161 ], [ -73.769742, 40.683778 ], [ -73.775755, 40.687691 ], [ -73.776619, 40.688364 ] ] ] } },
{ "type": "Feature", "properties": { "GEOID": "36081036800", "gi_z": -1.05, "borough": "Queens", "pop": 2918.0, "incidents": 52, "lisa": "Not significant" }, "geometry": { "type": "Polygon", "coordinates": [ [ [ -73.765085, 40.688992 ], [ -73.769742, 40.683778 ], [ -73.766293, 40.681973 ], [ -73.763376, 40.685671 ], [ -73.765085, 40.688992 ] ] ] } },
{ "type": "Feature", "properties": { "GEOID": "36081048200", "gi_z": -0.73, "borough": "Queens", "pop": 1311.0, "incidents": 94, "lisa": "Not significant" }, "geometry": { "type": "Polygon", "coordinates": [ [ [ -73.771921, 40.715685 ], [ -73.76944, 40.711977 ], [ -73.764019, 40.713318 ], [ -73.765714, 40.716393 ], [ -73.766641, 40.717647 ], [ -73.771921, 40.715685 ] ] ] } },
{ "type": "Feature", "properties": { "GEOID": "36081126700", "gi_z": -1.96, "borough": "Queens", "pop": 4332.0, "incidents": 85, "lisa": "Low-Low" }, "geometry": { "type": "Polygon", "coordinates": [ [ [ -73.808605, 40.718415 ], [ -73.807844, 40.716 ], [ -73.803178, 40.716351 ], [ -73.798055, 40.717431 ], [ -73.790708, 40.719269 ], [ -73.791745, 40.725776 ], [ -73.799332, 40.723235 ], [ -73.800194, 40.72294 ], [ -73.799001, 40.720145 ], [ -73.808605, 40.718415 ] ] ] } },
{ "type": "Feature", "properties": { "GEOID": "36081069000", "gi_z": -0.1, "borough": "Queens", "pop": 3756.0, "incidents": 93, "lisa": "Not significant" }, "geometry": { "type": "Polygon", "coordinates": [ [ [ -73.759106, 40.663674 ], [ -73.759821, 40.659349 ], [ -73.748581, 40.657587 ], [ -73.747824, 40.658641 ], [ -73.759106, 40.663674 ] ] ] } },
{ "type": "Feature", "properties": { "GEOID": "36081140901", "gi_z": -1.67, "borough": "Queens", "pop": 930.0, "incidents": 30, "lisa": "Low-Low" }, "geometry": { "type": "Polygon", "coordinates": [ [ [ -73.778312, 40.748745 ], [ -73.775759, 40.743367 ], [ -73.771638, 40.744197 ], [ -73.77417, 40.749878 ], [ -73.774336, 40.74983 ], [ -73.778312, 40.748745 ] ] ] } },
{ "type": "Feature", "properties": { "GEOID": "36085002900", "gi_z": -0.31, "borough": "Staten Island", "pop": 5495.0, "incidents": 218, "lisa": "Not significant" }, "geometry": { "type": "Polygon", "coordinates": [ [ [ -74.087414, 40.61593 ], [ -74.08721, 40.613307 ], [ -74.081103, 40.617789 ], [ -74.076955, 40.620161 ], [ -74.07997, 40.624483 ], [ -74.08525, 40.622801 ], [ -74.087414, 40.61593 ] ] ] } },
{ "type": "Feature", "properties": { "GEOID": "36085027702", "gi_z": -1.52, "borough": "Staten Island", "pop": 6161.0, "incidents": 63, "lisa": "Low-Low" }, "geometry": { "type": "Polygon", "coordinates": [ [ [ -74.167614, 40.588927 ], [ -74.168713, 40.585284 ], [ -74.169835, 40.570879 ], [ -74.152528, 40.580617 ], [ -74.157666, 40.583375 ], [ -74.16299, 40.5863 ], [ -74.167614, 40.588927 ] ] ] } },
{ "type": "Feature", "properties": { "GEOID": "36061023803", "gi_z": -1.22, "borough": "Manhattan", "pop": 3270.0, "incidents": 54, "lisa": "Not significant" }, "geometry": { "type": "Polygon", "coordinates": [ [ [ -73.952541, 40.76049 ], [ -73.947832, 40.758989 ], [ -73.944715, 40.762879 ], [ -73.949972, 40.763646 ], [ -73.952541, 40.76049 ] ] ] } },
{ "type": "Feature", "properties": { "GEOID": "36061013201", "gi_z": -1.55, "borough": "Manhattan", "pop": 2364.0, "incidents": 46, "lisa": "Low-Low" }, "geometry": { "type": "Polygon", "coordinates": [ [ [ -73.954112, 40.770389 ], [ -73.955037, 40.76912 ], [ -73.94773, 40.766084 ], [ -73.945138, 40.769107 ], [ -73.947502, 40.770121 ], [ -73.951858, 40.769441 ], [ -73.954112, 40.770389 ] ] ] } },
{ "type": "Feature", "properties": { "GEOID": "36081120701", "gi_z": -1.49, "borough": "Queens", "pop": 3132.0, "incidents": 40, "lisa": "Low-Low" }, "geometry": { "type": "Polygon", "coordinates": [ [ [ -73.807685, 40.753987 ], [ -73.809135, 40.750269 ], [ -73.807506, 40.750137 ], [ -73.802878, 40.749783 ], [ -73.803352, 40.746432 ], [ -73.794676, 40.747212 ], [ -73.797295, 40.749435 ], [ -73.803018, 40.750533 ], [ -73.804445, 40.75373 ], [ -73.807685, 40.753987 ] ] ] } },
{ "type": "Feature", "properties": { "GEOID": "36081084902", "gi_z": 3.84, "borough": "Queens", "pop": 3774.0, "incidents": 198, "lisa": "High-High" }, "geometry": { "type": "Polygon", "coordinates": [ [ [ -73.833678, 40.756321 ], [ -73.829961, 40.754768 ], [ -73.829469, 40.758194 ], [ -73.833678, 40.756321 ] ] ] } },
{ "type": "Feature", "properties": { "GEOID": "36085007001", "gi_z": -1.73, "borough": "Staten Island", "pop": 2739.0, "incidents": 39, "lisa": "Low-Low" }, "geometry": { "type": "Polygon", "coordinates": [ [ [ -74.088365, 40.590752 ], [ -74.092616, 40.58594 ], [ -74.088496, 40.584789 ], [ -74.081649, 40.59221 ], [ -74.085875, 40.59589 ], [ -74.088365, 40.590752 ] ] ] } },
{ "type": "Feature", "properties": { "GEOID": "36061018000", "gi_z": 4.44, "borough": "Manhattan", "pop": 6980.0, "incidents": 366, "lisa": "High-High" }, "geometry": { "type": "Polygon", "coordinates": [ [ [ -73.941876, 40.795406 ], [ -73.943272, 40.793488 ], [ -73.938649, 40.791558 ], [ -73.937737, 40.792816 ], [ -73.935912, 40.795312 ], [ -73.940519, 40.797261 ], [ -73.941876, 40.795406 ] ] ] } },
{ "type": "Feature", "properties": { "GEOID": "36061016002", "gi_z": 0.17, "borough": "Manhattan", "pop": 3183.0, "incidents": 48, "lisa": "Not significant" }, "geometry": { "type": "Polygon", "coordinates": [ [ [ -73.954817, 40.789205 ], [ -73.955778, 40.787914 ], [ -73.952551, 40.786549 ], [ -73.951609, 40.787858 ], [ -73.954817, 40.789205 ] ] ] } },
{ "type": "Feature", "properties": { "GEOID": "36061004500", "gi_z": 3.48, "borough": "Manhattan", "pop": 957.0, "incidents": 317, "lisa": "High-High" }, "geometry": { "type": "Polygon", "coordinates": [ [ [ -73.999853, 40.721792 ], [ -74.001884, 40.719398 ], [ -73.999956, 40.718017 ], [ -73.997123, 40.722301 ], [ -73.998812, 40.723021 ], [ -73.999853, 40.721792 ] ] ] } },
{ "type": "Feature", "properties": { "GEOID": "36061024100", "gi_z": 2.32, "borough": "Manhattan", "pop": 7915.0, "incidents": 249, "lisa": "High-High" }, "geometry": { "type": "Polygon", "coordinates": [ [ [ -73.957715721336299, 40.839680521716808 ], [ -73.9586862157485, 40.837411441475176 ], [ -73.94298, 40.831568 ], [ -73.941577, 40.833487 ], [ -73.944426, 40.834681 ], [ -73.957715721336299, 40.839680521716808 ] ] ] } },
{ "type": "Feature", "properties": { "GEOID": "36005003800", "gi_z": 1.43, "borough": "Bronx", "pop": 1250.0, "incidents": 59, "lisa": "Low-High" }, "geometry": { "type": "Polygon", "coordinates": [ [ [ -73.865746, 40.821012 ], [ -73.862464, 40.819247 ], [ -73.862029, 40.821509 ], [ -73.865746, 40.821012 ] ] ] } },
{ "type": "Feature", "properties": { "GEOID": "36005045102", "gi_z": 0.4, "borough": "Bronx", "pop": 2068.0, "incidents": 72, "lisa": "Not significant" }, "geometry": { "type": "Polygon", "coordinates": [ [ [ -73.859393, 40.900381 ], [ -73.868042, 40.902642 ], [ -73.867447, 40.898953 ], [ -73.861113, 40.897589 ], [ -73.859258, 40.900338 ], [ -73.859393, 40.900381 ] ] ] } },
{ "type": "Feature", "properties": { "GEOID": "36005039600", "gi_z": 0.31, "borough": "Bronx", "pop": 3763.0, "incidents": 253, "lisa": "Not significant" }, "geometry": { "type": "Polygon", "coordinates": [ [ [ -73.862416, 40.884281 ], [ -73.862803, 40.883574 ], [ -73.857056, 40.881745 ], [ -73.855104, 40.885271 ], [ -73.860862, 40.887097 ], [ -73.862416, 40.884281 ] ] ] } },
{ "type": "Feature", "properties": { "GEOID": "36005032400", "gi_z": 0.72, "borough": "Bronx", "pop": 2961.0, "incidents": 112, "lisa": "Not significant" }, "geometry": { "type": "Polygon", "coordinates": [ [ [ -73.861562, 40.86555 ], [ -73.861791, 40.857983 ], [ -73.856638, 40.858119 ], [ -73.859613, 40.865512 ], [ -73.861562, 40.86555 ] ] ] } },
{ "type": "Feature", "properties": { "GEOID": "36081003302", "gi_z": 0.28, "borough": "Queens", "pop": 1056.0, "incidents": 363, "lisa": "Not significant" }, "geometry": { "type": "Polygon", "coordinates": [ [ [ -73.941239, 40.755234 ], [ -73.94243, 40.753998 ], [ -73.93717, 40.753079 ], [ -73.935798, 40.755796 ], [ -73.932152, 40.75771 ], [ -73.936791, 40.759883 ], [ -73.9391, 40.757494 ], [ -73.941239, 40.755234 ] ] ] } },
{ "type": "Feature", "properties": { "GEOID": "36047041100", "gi_z": -0.37, "borough": "Brooklyn", "pop": 2631.0, "incidents": 114, "lisa": "Not significant" }, "geometry": { "type": "Polygon", "coordinates": [ [ [ -73.910189, 40.687271 ], [ -73.909439, 40.686845 ], [ -73.905343, 40.68682 ], [ -73.904142, 40.688568 ], [ -73.907292, 40.690219 ], [ -73.910189, 40.687271 ] ] ] } },
{ "type": "Feature", "properties": { "GEOID": "36081092500", "gi_z": -0.55, "borough": "Queens", "pop": 3799.0, "incidents": 147, "lisa": "Not significant" }, "geometry": { "type": "Polygon", "coordinates": [ [ [ -73.84481, 40.785369 ], [ -73.848535, 40.784105 ], [ -73.848754, 40.780146 ], [ -73.841409, 40.781691 ], [ -73.84481, 40.785369 ] ] ] } },
{ "type": "Feature", "properties": { "GEOID": "36081015400", "gi_z": -0.72, "borough": "Queens", "pop": 2296.0, "incidents": 116, "lisa": "Not significant" }, "geometry": { "type": "Polygon", "coordinates": [ [ [ -73.826594, 40.691179 ], [ -73.825988, 40.689946 ], [ -73.81621, 40.692732 ], [ -73.815121, 40.69444 ], [ -73.826594, 40.691179 ] ] ] } },
{ "type": "Feature", "properties": { "GEOID": "36047028900", "gi_z": 0.78, "borough": "Brooklyn", "pop": 4147.0, "incidents": 220, "lisa": "Not significant" }, "geometry": { "type": "Polygon", "coordinates": [ [ [ -73.937195, 40.693752 ], [ -73.936758, 40.691556 ], [ -73.930907, 40.692228 ], [ -73.927507, 40.692604 ], [ -73.927811, 40.692774 ], [ -73.931458, 40.694855 ], [ -73.937195, 40.693752 ] ] ] } },
{ "type": "Feature", "properties": { "GEOID": "36061019500", "gi_z": 1.65, "borough": "Manhattan", "pop": 7632.0, "incidents": 276, "lisa": "Not significant" }, "geometry": { "type": "Polygon", "coordinates": [ [ [ -73.977250659480305, 40.808082157313507 ], [ -73.9789376576, 40.805760522735099 ], [ -73.965711, 40.800437 ], [ -73.963861, 40.802972 ], [ -73.977250659480305, 40.808082157313507 ] ] ] } },
{ "type": "Feature", "properties": { "GEOID": "36061009700", "gi_z": 3.85, "borough": "Manhattan", "pop": 4875.0, "incidents": 187, "lisa": "High-High" }, "geometry": { "type": "Polygon", "coordinates": [ [ [ -74.000975, 40.752055 ], [ -74.002785, 40.749592 ], [ -73.997099, 40.747205 ], [ -73.995299, 40.749671 ], [ -74.000975, 40.752055 ] ] ] } },
{ "type": "Feature", "properties": { "GEOID": "36047034902", "gi_z": 0.24, "borough": "Brooklyn", "pop": 3396.0, "incidents": 93, "lisa": "Not significant" }, "geometry": { "type": "Polygon", "coordinates": [ [ [ -73.931119, 40.668798 ], [ -73.931455, 40.665234 ], [ -73.928683, 40.665086 ], [ -73.92835, 40.668647 ], [ -73.931119, 40.668798 ] ] ] } },
{ "type": "Feature", "properties": { "GEOID": "36061012901", "gi_z": 3.11, "borough": "Manhattan", "pop": 6806.0, "incidents": 347, "lisa": "High-High" }, "geometry": { "type": "Polygon", "coordinates": [ [ [ -74.00658318016562, 40.767748131554704 ], [ -74.008603460180197, 40.76498133601789 ], [ -73.995474, 40.759627 ], [ -73.993609, 40.762184 ], [ -74.00658318016562, 40.767748131554704 ] ] ] } },
{ "type": "Feature", "properties": { "GEOID": "36081013600", "gi_z": -1.32, "borough": "Queens", "pop": 1981.0, "incidents": 39, "lisa": "Not significant" }, "geometry": { "type": "Polygon", "coordinates": [ [ [ -73.829687, 40.709348 ], [ -73.831764, 40.706142 ], [ -73.824441, 40.704062 ], [ -73.829687, 40.709348 ] ] ] } },
{ "type": "Feature", "properties": { "GEOID": "36005005001", "gi_z": 2.44, "borough": "Bronx", "pop": 4878.0, "incidents": 192, "lisa": "High-High" }, "geometry": { "type": "Polygon", "coordinates": [ [ [ -73.880427, 40.82578 ], [ -73.87993, 40.823641 ], [ -73.875285, 40.824208 ], [ -73.875802, 40.826402 ], [ -73.880427, 40.82578 ] ] ] } },
{ "type": "Feature", "properties": { "GEOID": "36047049301", "gi_z": 0.16, "borough": "Brooklyn", "pop": 1941.0, "incidents": 56, "lisa": "Not significant" }, "geometry": { "type": "Polygon", "coordinates": [ [ [ -73.943788, 40.710901 ], [ -73.94344, 40.708781 ], [ -73.940076, 40.709102 ], [ -73.940423, 40.711218 ], [ -73.943788, 40.710901 ] ] ] } },
{ "type": "Feature", "properties": { "GEOID": "36047010602", "gi_z": -0.99, "borough": "Brooklyn", "pop": 2088.0, "incidents": 122, "lisa": "Not significant" }, "geometry": { "type": "Polygon", "coordinates": [ [ [ -74.004877, 40.639995 ], [ -74.007206, 40.637755 ], [ -74.005003, 40.636425 ], [ -74.002672, 40.638667 ], [ -74.004877, 40.639995 ] ] ] } },
{ "type": "Feature", "properties": { "GEOID": "36081114700", "gi_z": -1.46, "borough": "Queens", "pop": 1854.0, "incidents": 27, "lisa": "Low-Low" }, "geometry": { "type": "Polygon", "coordinates": [ [ [ -73.804418, 40.771086 ], [ -73.805161, 40.765581 ], [ -73.801428, 40.765286 ], [ -73.799559, 40.765138 ], [ -73.798777, 40.770907 ], [ -73.801484, 40.771811 ], [ -73.804418, 40.771086 ] ] ] } },
{ "type": "Feature", "properties": { "GEOID": "36005016600", "gi_z": 0.02, "borough": "Bronx", "pop": 2395.0, "incidents": 346, "lisa": "Not significant" }, "geometry": { "type": "Polygon", "coordinates": [ [ [ -73.8363, 40.828369 ], [ -73.831106, 40.826819 ], [ -73.825294, 40.829689 ], [ -73.828189, 40.832951 ], [ -73.8363, 40.828369 ] ] ] } },
{ "type": "Feature", "properties": { "GEOID": "36005006800", "gi_z": 2.14, "borough": "Bronx", "pop": 2542.0, "incidents": 269, "lisa": "High-High" }, "geometry": { "type": "Polygon", "coordinates": [ [ [ -73.873193, 40.829905 ], [ -73.872723, 40.826819 ], [ -73.868223, 40.827426 ], [ -73.86815, 40.83136 ], [ -73.870007, 40.83082 ], [ -73.873193, 40.829905 ] ] ] } },
{ "type": "Feature", "properties": { "GEOID": "36005045800", "gi_z": 1.03, "borough": "Bronx", "pop": 5523.0, "incidents": 46, "lisa": "Not significant" }, "geometry": { "type": "Polygon", "coordinates": [ [ [ -73.847444, 40.886978 ], [ -73.849278, 40.884242 ], [ -73.846067, 40.882901 ], [ -73.84118, 40.886408 ], [ -73.841941, 40.888418 ], [ -73.847049, 40.887672 ], [ -73.847444, 40.886978 ] ] ] } },
{ "type": "Feature", "properties": { "GEOID": "36005038900", "gi_z": 3.68, "borough": "Bronx", "pop": 5412.0, "incidents": 459, "lisa": "High-High" }, "geometry": { "type": "Polygon", "coordinates": [ [ [ -73.888449, 40.856024 ], [ -73.883628, 40.853909 ], [ -73.88183, 40.857455 ], [ -73.885991, 40.858806 ], [ -73.888449, 40.856024 ] ] ] } },
{ "type": "Feature", "properties": { "GEOID": "36061013601", "gi_z": -2.07, "borough": "Manhattan", "pop": 1979.0, "incidents": 14, "lisa": "Low-Low" }, "geometry": { "type": "Polygon", "coordinates": [ [ [ -73.946656, 40.772351 ], [ -73.948073, 40.770394 ], [ -73.947502, 40.770121 ], [ -73.945138, 40.769107 ], [ -73.94019, 40.772955 ], [ -73.944337, 40.773108 ], [ -73.945728, 40.773622 ], [ -73.946656, 40.772351 ] ] ] } },
{ "type": "Feature", "properties": { "GEOID": "36061015501", "gi_z": -0.02, "borough": "Manhattan", "pop": 4969.0, "incidents": 37, "lisa": "Not significant" }, "geometry": { "type": "Polygon", "coordinates": [ [ [ -73.985448, 40.778476 ], [ -73.987241, 40.776017 ], [ -73.984412, 40.774808 ], [ -73.982583, 40.777303 ], [ -73.985448, 40.778476 ] ] ] } },
{ "type": "Feature", "properties": { "GEOID": "36047003300", "gi_z": 3.07, "borough": "Brooklyn", "pop": 4125.0, "incidents": 299, "lisa": "High-High" }, "geometry": { "type": "Polygon", "coordinates": [ [ [ -73.98136, 40.689928 ], [ -73.983506, 40.689921 ], [ -73.979363, 40.686682 ], [ -73.974616, 40.687191 ], [ -73.975106, 40.689698 ], [ -73.977098, 40.689773 ], [ -73.98136, 40.689928 ] ] ] } },
{ "type": "Feature", "properties": { "GEOID": "36047048400", "gi_z": -0.8, "borough": "Brooklyn", "pop": 4912.0, "incidents": 89, "lisa": "Not significant" }, "geometry": { "type": "Polygon", "coordinates": [ [ [ -73.976888, 40.635675 ], [ -73.976049, 40.631276 ], [ -73.972419, 40.632992 ], [ -73.970291, 40.636407 ], [ -73.975962, 40.635779 ], [ -73.976888, 40.635675 ] ] ] } },
{ "type": "Feature", "properties": { "GEOID": "36047064200", "gi_z": -2.09, "borough": "Brooklyn", "pop": 2379.0, "incidents": 42, "lisa": "Low-Low" }, "geometry": { "type": "Polygon", "coordinates": [ [ [ -73.949306, 40.614031 ], [ -73.945598, 40.609643 ], [ -73.943641, 40.609859 ], [ -73.943699, 40.610214 ], [ -73.944827, 40.616046 ], [ -73.945737, 40.615363 ], [ -73.949306, 40.614031 ] ] ] } },
{ "type": "Feature", "properties": { "GEOID": "36081048301", "gi_z": 1.43, "borough": "Queens", "pop": 2061.0, "incidents": 42, "lisa": "Low-High" }, "geometry": { "type": "Polygon", "coordinates": [ [ [ -73.892179, 40.742873 ], [ -73.890887, 40.740687 ], [ -73.887511, 40.741083 ], [ -73.887986, 40.743548 ], [ -73.890716, 40.743128 ], [ -73.892179, 40.742873 ] ] ] } },
{ "type": "Feature", "properties": { "GEOID": "36085013301", "gi_z": -0.38, "borough": "Staten Island", "pop": 1176.0, "incidents": 23, "lisa": "Not significant" }, "geometry": { "type": "Polygon", "coordinates": [ [ [ -74.117549, 40.636954 ], [ -74.120636, 40.636573 ], [ -74.120239, 40.6343 ], [ -74.117199, 40.634568 ], [ -74.117549, 40.636954 ] ] ] } },
{ "type": "Feature", "properties": { "GEOID": "36061008800", "gi_z": 1.59, "borough": "Manhattan", "pop": 7567.0, "incidents": 164, "lisa": "Not significant" }, "geometry": { "type": "Polygon", "coordinates": [ [ [ -73.975835, 40.748863 ], [ -73.971228, 40.746919 ], [ -73.969987, 40.748869 ], [ -73.968908, 40.750112 ], [ -73.973503, 40.752065 ], [ -73.974449, 40.750766 ], [ -73.975835, 40.748863 ] ] ] } },
{ "type": "Feature", "properties": { "GEOID": "36047099600", "gi_z": -1.48, "borough": "Brooklyn", "pop": 3079.0, "incidents": 54, "lisa": "Low-Low" }, "geometry": { "type": "Polygon", "coordinates": [ [ [ -73.907784, 40.63622 ], [ -73.911437, 40.633857 ], [ -73.907351, 40.630831 ], [ -73.904149, 40.632952 ], [ -73.907784, 40.63622 ] ] ] } },
{ "type": "Feature", "properties": { "GEOID": "36047102400", "gi_z": -1.84, "borough": "Brooklyn", "pop": 1834.0, "incidents": 40, "lisa": "Low-Low" }, "geometry": { "type": "Polygon", "coordinates": [ [ [ -73.89686, 40.63205 ], [ -73.895, 40.630386 ], [ -73.892771, 40.631809 ], [ -73.889695, 40.633802 ], [ -73.891557, 40.635475 ], [ -73.89476, 40.633405 ], [ -73.89686, 40.63205 ] ] ] } },
{ "type": "Feature", "properties": { "GEOID": "36047118201", "gi_z": -0.22, "borough": "Brooklyn", "pop": 3674.0, "incidents": 88, "lisa": "Not significant" }, "geometry": { "type": "Polygon", "coordinates": [ [ [ -73.874054, 40.689299 ], [ -73.872739, 40.68541 ], [ -73.869909, 40.686116 ], [ -73.870948, 40.690502 ], [ -73.874054, 40.689299 ] ] ] } },
{ "type": "Feature", "properties": { "GEOID": "36061007400", "gi_z": 6.04, "borough": "Manhattan", "pop": 5355.0, "incidents": 348, "lisa": "High-High" }, "geometry": { "type": "Polygon", "coordinates": [ [ [ -73.984076, 40.749102 ], [ -73.987298, 40.744682 ], [ -73.984078, 40.743326 ], [ -73.980853, 40.747751 ], [ -73.984076, 40.749102 ] ] ] } },
{ "type": "Feature", "properties": { "GEOID": "36005004200", "gi_z": 1.23, "borough": "Bronx", "pop": 7755.0, "incidents": 409, "lisa": "Not significant" }, "geometry": { "type": "Polygon", "coordinates": [ [ [ -73.869842, 40.824923 ], [ -73.865746, 40.821012 ], [ -73.862029, 40.821509 ], [ -73.855312, 40.823192 ], [ -73.8563, 40.826757 ], [ -73.859703, 40.826277 ], [ -73.869842, 40.824923 ] ] ] } },
{ "type": "Feature", "properties": { "GEOID": "36005022101", "gi_z": 3.08, "borough": "Bronx", "pop": 3752.0, "incidents": 579, "lisa": "High-High" }, "geometry": { "type": "Polygon", "coordinates": [ [ [ -73.920125, 40.837588 ], [ -73.918412, 40.83644 ], [ -73.91594, 40.839552 ], [ -73.917683, 40.840225 ], [ -73.920125, 40.837588 ] ] ] } },
{ "type": "Feature", "properties": { "GEOID": "36005033202", "gi_z": 1.47, "borough": "Bronx", "pop": 3628.0, "incidents": 226, "lisa": "Not significant" }, "geometry": { "type": "Polygon", "coordinates": [ [ [ -73.870419, 40.865363 ], [ -73.870579, 40.861405 ], [ -73.867486, 40.861346 ], [ -73.86736, 40.865429 ], [ -73.870419, 40.865363 ] ] ] } },
{ "type": "Feature", "properties": { "GEOID": "36047094600", "gi_z": -1.29, "borough": "Brooklyn", "pop": 1772.0, "incidents": 92, "lisa": "Not significant" }, "geometry": { "type": "Polygon", "coordinates": [ [ [ -73.92612, 40.64842 ], [ -73.925721, 40.644674 ], [ -73.925382, 40.642384 ], [ -73.919729, 40.642725 ], [ -73.919951, 40.644707 ], [ -73.919976, 40.64503 ], [ -73.923249, 40.648599 ], [ -73.92612, 40.64842 ] ] ] } },
{ "type": "Feature", "properties": { "GEOID": "36081067100", "gi_z": -1.83, "borough": "Queens", "pop": 2339.0, "incidents": 46, "lisa": "Low-Low" }, "geometry": { "type": "Polygon", "coordinates": [ [ [ -73.882588, 40.725083 ], [ -73.882435, 40.723509 ], [ -73.88092, 40.721603 ], [ -73.872802, 40.725304 ], [ -73.874708, 40.72709 ], [ -73.882588, 40.725083 ] ] ] } },
{ "type": "Feature", "properties": { "GEOID": "36085002002", "gi_z": -1.89, "borough": "Staten Island", "pop": 2727.0, "incidents": 51, "lisa": "Low-Low" }, "geometry": { "type": "Polygon", "coordinates": [ [ [ -74.077867, 40.606066 ], [ -74.076448, 40.601005 ], [ -74.07044, 40.596735 ], [ -74.063759, 40.598935 ], [ -74.063769, 40.602127 ], [ -74.073085, 40.605374 ], [ -74.077867, 40.606066 ] ] ] } },
{ "type": "Feature", "properties": { "GEOID": "36085027704", "gi_z": -1.83, "borough": "Staten Island", "pop": 5174.0, "incidents": 31, "lisa": "Low-Low" }, "geometry": { "type": "Polygon", "coordinates": [ [ [ -74.15097, 40.590176 ], [ -74.157666, 40.583375 ], [ -74.152528, 40.580617 ], [ -74.146322, 40.58607 ], [ -74.145834, 40.588564 ], [ -74.15097, 40.590176 ] ] ] } },
{ "type": "Feature", "properties": { "GEOID": "36085018901", "gi_z": -1.94, "borough": "Staten Island", "pop": 5814.0, "incidents": 88, "lisa": "Low-Low" }, "geometry": { "type": "Polygon", "coordinates": [ [ [ -74.149969, 40.60954 ], [ -74.147209, 40.608259 ], [ -74.132123, 40.608275 ], [ -74.130719, 40.612558 ], [ -74.130736, 40.612797 ], [ -74.134185, 40.615363 ], [ -74.139822, 40.6163 ], [ -74.146035, 40.617013 ], [ -74.146969, 40.610151 ], [ -74.149969, 40.60954 ] ] ] } },
{ "type": "Feature", "properties": { "GEOID": "36005007100", "gi_z": 6.07, "borough": "Bronx", "pop": 2805.0, "incidents": 507, "lisa": "High-High" }, "geometry": { "type": "Polygon", "coordinates": [ [ [ -73.917625, 40.816055 ], [ -73.912954, 40.814269 ], [ -73.911942, 40.816047 ], [ -73.908418, 40.822181 ], [ -73.911745, 40.822107 ], [ -73.91352, 40.819542 ], [ -73.915991, 40.817211 ], [ -73.917625, 40.816055 ] ] ] } },
{ "type": "Feature", "properties": { "GEOID": "36005021601", "gi_z": 2.47, "borough": "Bronx", "pop": 4118.0, "incidents": 270, "lisa": "High-High" }, "geometry": { "type": "Polygon", "coordinates": [ [ [ -73.867248, 40.840344 ], [ -73.866806, 40.834837 ], [ -73.862837, 40.833688 ], [ -73.864465, 40.841088 ], [ -73.867248, 40.840344 ] ] ] } },
{ "type": "Feature", "properties": { "GEOID": "36005041400", "gi_z": 1.43, "borough": "Bronx", "pop": 5483.0, "incidents": 502, "lisa": "Not significant" }, "geometry": { "type": "Polygon", "coordinates": [ [ [ -73.848653, 40.906778 ], [ -73.856324, 40.906166 ], [ -73.859393, 40.900381 ], [ -73.859258, 40.900338 ], [ -73.854299, 40.89845 ], [ -73.850375, 40.903428 ], [ -73.848653, 40.906778 ] ] ] } },
{ "type": "Feature", "properties": { "GEOID": "36005013000", "gi_z": -0.66, "borough": "Bronx", "pop": 1388.0, "incidents": 40, "lisa": "Not significant" }, "geometry": { "type": "Polygon", "coordinates": [ [ [ -73.818889, 40.821855 ], [ -73.818085, 40.820482 ], [ -73.81545, 40.817703 ], [ -73.810022, 40.818637 ], [ -73.818889, 40.821855 ] ] ] } },
{ "type": "Feature", "properties": { "GEOID": "36005042300", "gi_z": 2.6, "borough": "Bronx", "pop": 4189.0, "incidents": 247, "lisa": "High-High" }, "geometry": { "type": "Polygon", "coordinates": [ [ [ -73.877686, 40.878994 ], [ -73.87923, 40.873672 ], [ -73.877514, 40.874139 ], [ -73.876491, 40.875499 ], [ -73.874387, 40.879055 ], [ -73.876781, 40.880259 ], [ -73.877686, 40.878994 ] ] ] } },
{ "type": "Feature", "properties": { "GEOID": "36005026100", "gi_z": 1.15, "borough": "Bronx", "pop": 2047.0, "incidents": 109, "lisa": "Not significant" }, "geometry": { "type": "Polygon", "coordinates": [ [ [ -73.903794, 40.869617 ], [ -73.907134, 40.867922 ], [ -73.909099, 40.863001 ], [ -73.902358, 40.868696 ], [ -73.903794, 40.869617 ] ] ] } },
{ "type": "Feature", "properties": { "GEOID": "36047003900", "gi_z": 2.38, "borough": "Brooklyn", "pop": 2986.0, "incidents": 488, "lisa": "High-High" }, "geometry": { "type": "Polygon", "coordinates": [ [ [ -73.981817, 40.68733 ], [ -73.983953, 40.684182 ], [ -73.979605, 40.682489 ], [ -73.978026, 40.684864 ], [ -73.979363, 40.686682 ], [ -73.981817, 40.68733 ] ] ] } },
{ "type": "Feature", "properties": { "GEOID": "36081004200", "gi_z": -0.71, "borough": "Queens", "pop": 4651.0, "incidents": 102, "lisa": "Not significant" }, "geometry": { "type": "Polygon", "coordinates": [ [ [ -73.863787, 40.681114 ], [ -73.863349, 40.679352 ], [ -73.858786, 40.68063 ], [ -73.851979, 40.682564 ], [ -73.852801, 40.684253 ], [ -73.863787, 40.681114 ] ] ] } },
{ "type": "Feature", "properties": { "GEOID": "36081016800", "gi_z": -1.09, "borough": "Queens", "pop": 2923.0, "incidents": 75, "lisa": "Not significant" }, "geometry": { "type": "Polygon", "coordinates": [ [ [ -73.820421, 40.682755 ], [ -73.817076, 40.675796 ], [ -73.813869, 40.675478 ], [ -73.814362, 40.67651 ], [ -73.815216, 40.678258 ], [ -73.816074, 40.680007 ], [ -73.816943, 40.681758 ], [ -73.817811, 40.683495 ], [ -73.820421, 40.682755 ] ] ] } },
{ "type": "Feature", "properties": { "GEOID": "36081010800", "gi_z": -0.56, "borough": "Queens", "pop": 3304.0, "incidents": 73, "lisa": "Not significant" }, "geometry": { "type": "Polygon", "coordinates": [ [ [ -73.830526, 40.691431 ], [ -73.832743, 40.688042 ], [ -73.831723, 40.686051 ], [ -73.82753, 40.687239 ], [ -73.828511, 40.689239 ], [ -73.830526, 40.691431 ] ] ] } },
{ "type": "Feature", "properties": { "GEOID": "36085004001", "gi_z": -1.09, "borough": "Staten Island", "pop": 2787.0, "incidents": 42, "lisa": "Not significant" }, "geometry": { "type": "Polygon", "coordinates": [ [ [ -74.076955, 40.620161 ], [ -74.081103, 40.617789 ], [ -74.07988, 40.616835 ], [ -74.074547, 40.616943 ], [ -74.070954, 40.620431 ], [ -74.072535, 40.622464 ], [ -74.076955, 40.620161 ] ] ] } },
{ "type": "Feature", "properties": { "GEOID": "36047017100", "gi_z": -1.47, "borough": "Brooklyn", "pop": 4139.0, "incidents": 31, "lisa": "Low-Low" }, "geometry": { "type": "Polygon", "coordinates": [ [ [ -73.977511, 40.659863 ], [ -73.980653, 40.656381 ], [ -73.978039, 40.654747 ], [ -73.973555, 40.655644 ], [ -73.977511, 40.659863 ] ] ] } },
{ "type": "Feature", "properties": { "GEOID": "36047021000", "gi_z": -1.73, "borough": "Brooklyn", "pop": 3794.0, "incidents": 70, "lisa": "Low-Low" }, "geometry": { "type": "Polygon", "coordinates": [ [ [ -74.010004, 40.630113 ], [ -74.012142, 40.628684 ], [ -74.006095, 40.625033 ], [ -74.004932, 40.626151 ], [ -74.00435, 40.626711 ], [ -74.010004, 40.630113 ] ] ] } },
{ "type": "Feature", "properties": { "GEOID": "36047022800", "gi_z": -1.1, "borough": "Brooklyn", "pop": 3496.0, "incidents": 73, "lisa": "Not significant" }, "geometry": { "type": "Polygon", "coordinates": [ [ [ -73.984088, 40.639297 ], [ -73.980266, 40.636076 ], [ -73.979386, 40.636932 ], [ -73.98042, 40.642385 ], [ -73.982994, 40.641325 ], [ -73.984088, 40.639297 ] ] ] } },
{ "type": "Feature", "properties": { "GEOID": "36047007800", "gi_z": -0.07, "borough": "Brooklyn", "pop": 4713.0, "incidents": 187, "lisa": "Not significant" }, "geometry": { "type": "Polygon", "coordinates": [ [ [ -74.013172, 40.648652 ], [ -74.015533, 40.646418 ], [ -74.011484, 40.643986 ], [ -74.009153, 40.646227 ], [ -74.013172, 40.648652 ] ] ] } },
{ "type": "Feature", "properties": { "GEOID": "36081000800", "gi_z": -0.97, "borough": "Queens", "pop": 3768.0, "incidents": 71, "lisa": "Not significant" }, "geometry": { "type": "Polygon", "coordinates": [ [ [ -73.861349, 40.688695 ], [ -73.860477, 40.684843 ], [ -73.85484, 40.686446 ], [ -73.85619, 40.689759 ], [ -73.861349, 40.688695 ] ] ] } },
{ "type": "Feature", "properties": { "GEOID": "36081029300", "gi_z": 0.17, "borough": "Queens", "pop": 1214.0, "incidents": 58, "lisa": "Not significant" }, "geometry": { "type": "Polygon", "coordinates": [ [ [ -73.902472, 40.753763 ], [ -73.902158, 40.751932 ], [ -73.901063, 40.750783 ], [ -73.897577, 40.7493 ], [ -73.896359, 40.74877 ], [ -73.898738, 40.754154 ], [ -73.902472, 40.753763 ] ] ] } },
{ "type": "Feature", "properties": { "GEOID": "36047003500", "gi_z": 2.88, "borough": "Brooklyn", "pop": 2178.0, "incidents": 344, "lisa": "High-High" }, "geometry": { "type": "Polygon", "coordinates": [ [ [ -73.979363, 40.686682 ], [ -73.978026, 40.684864 ], [ -73.977457, 40.684052 ], [ -73.97378, 40.683061 ], [ -73.974281, 40.685513 ], [ -73.974616, 40.687191 ], [ -73.979363, 40.686682 ] ] ] } },
{ "type": "Feature", "properties": { "GEOID": "36047025300", "gi_z": -0.26, "borough": "Brooklyn", "pop": 3904.0, "incidents": 120, "lisa": "Not significant" }, "geometry": { "type": "Polygon", "coordinates": [ [ [ -73.952489, 40.695004 ], [ -73.951464, 40.689864 ], [ -73.948185, 40.690242 ], [ -73.948914, 40.693905 ], [ -73.949207, 40.695378 ], [ -73.952489, 40.695004 ] ] ] } },
{ "type": "Feature", "properties": { "GEOID": "36047032900", "gi_z": -0.17, "borough": "Brooklyn", "pop": 5411.0, "incidents": 213, "lisa": "Not significant" }, "geometry": { "type": "Polygon", "coordinates": [ [ [ -73.953849, 40.663728 ], [ -73.9537, 40.662174 ], [ -73.95081, 40.662354 ], [ -73.947914, 40.662533 ], [ -73.942829, 40.662847 ], [ -73.948166, 40.664082 ], [ -73.950974, 40.663905 ], [ -73.953849, 40.663728 ] ] ] } },
{ "type": "Feature", "properties": { "GEOID": "36081045000", "gi_z": -1.37, "borough": "Queens", "pop": 2088.0, "incidents": 69, "lisa": "Not significant" }, "geometry": { "type": "Polygon", "coordinates": [ [ [ -73.807844, 40.716 ], [ -73.807822, 40.715911 ], [ -73.807774, 40.715716 ], [ -73.806457, 40.712056 ], [ -73.802111, 40.713926 ], [ -73.803178, 40.716351 ], [ -73.807844, 40.716 ] ] ] } },
{ "type": "Feature", "properties": { "GEOID": "36081059100", "gi_z": -0.97, "borough": "Queens", "pop": 4799.0, "incidents": 121, "lisa": "Not significant" }, "geometry": { "type": "Polygon", "coordinates": [ [ [ -73.913435, 40.70766 ], [ -73.90973, 40.705471 ], [ -73.907836, 40.70616 ], [ -73.906257, 40.708867 ], [ -73.907, 40.709306 ], [ -73.909963, 40.711057 ], [ -73.912291, 40.708782 ], [ -73.913435, 40.70766 ] ] ] } },
{ "type": "Feature", "properties": { "GEOID": "36081060800", "gi_z": -2.13, "borough": "Queens", "pop": 1592.0, "incidents": 24, "lisa": "Low-Low" }, "geometry": { "type": "Polygon", "coordinates": [ [ [ -73.743593, 40.696215 ], [ -73.745105, 40.692783 ], [ -73.739223, 40.691048 ], [ -73.737517, 40.694318 ], [ -73.740136, 40.695139 ], [ -73.743593, 40.696215 ] ] ] } },
{ "type": "Feature", "properties": { "GEOID": "36047037100", "gi_z": 0.49, "borough": "Brooklyn", "pop": 4309.0, "incidents": 178, "lisa": "Not significant" }, "geometry": { "type": "Polygon", "coordinates": [ [ [ -73.916977, 40.681834 ], [ -73.916301, 40.678577 ], [ -73.910799, 40.678278 ], [ -73.911664, 40.682446 ], [ -73.916977, 40.681834 ] ] ] } },
{ "type": "Feature", "properties": { "GEOID": "36047039100", "gi_z": 0.41, "borough": "Brooklyn", "pop": 5428.0, "incidents": 177, "lisa": "Not significant" }, "geometry": { "type": "Polygon", "coordinates": [ [ [ -73.936982, 40.70191 ], [ -73.932267, 40.697315 ], [ -73.929316, 40.69764 ], [ -73.930521, 40.698772 ], [ -73.933951, 40.702674 ], [ -73.936982, 40.70191 ] ] ] } },
{ "type": "Feature", "properties": { "GEOID": "36047041600", "gi_z": -1.6, "borough": "Brooklyn", "pop": 1784.0, "incidents": 47, "lisa": "Low-Low" }, "geometry": { "type": "Polygon", "coordinates": [ [ [ -73.966357, 40.60248 ], [ -73.965904, 40.60009 ], [ -73.961363, 40.600589 ], [ -73.961732, 40.605358 ], [ -73.966357, 40.60248 ] ] ] } },
{ "type": "Feature", "properties": { "GEOID": "36047048600", "gi_z": -1.05, "borough": "Brooklyn", "pop": 3189.0, "incidents": 112, "lisa": "Not significant" }, "geometry": { "type": "Polygon", "coordinates": [ [ [ -73.98042, 40.642385 ], [ -73.979386, 40.636932 ], [ -73.976888, 40.635675 ], [ -73.975962, 40.635779 ], [ -73.976415, 40.638168 ], [ -73.978327, 40.643268 ], [ -73.98042, 40.642385 ] ] ] } },
{ "type": "Feature", "properties": { "GEOID": "36081064500", "gi_z": -1.84, "borough": "Queens", "pop": 2016.0, "incidents": 27, "lisa": "Low-Low" }, "geometry": { "type": "Polygon", "coordinates": [ [ [ -73.857298, 40.711465 ], [ -73.85594, 40.706395 ], [ -73.854746, 40.706767 ], [ -73.843016, 40.709176 ], [ -73.850916, 40.710471 ], [ -73.855745, 40.71123 ], [ -73.857298, 40.711465 ] ] ] } },
{ "type": "Feature", "properties": { "GEOID": "36081068300", "gi_z": 0.33, "borough": "Queens", "pop": 4059.0, "incidents": 457, "lisa": "Not significant" }, "geometry": { "type": "Polygon", "coordinates": [ [ [ -73.872656, 40.735743 ], [ -73.87477, 40.734628 ], [ -73.869037, 40.732849 ], [ -73.864618, 40.734271 ], [ -73.86583, 40.736643 ], [ -73.866095, 40.737251 ], [ -73.872656, 40.735743 ] ] ] } },
{ "type": "Feature", "properties": { "GEOID": "36047049000", "gi_z": -1.13, "borough": "Brooklyn", "pop": 5371.0, "incidents": 94, "lisa": "Not significant" }, "geometry": { "type": "Polygon", "coordinates": [ [ [ -73.976415, 40.638168 ], [ -73.975962, 40.635779 ], [ -73.970291, 40.636407 ], [ -73.971222, 40.64118 ], [ -73.973941, 40.640882 ], [ -73.976415, 40.638168 ] ] ] } },
{ "type": "Feature", "properties": { "GEOID": "36047044300", "gi_z": 1.75, "borough": "Brooklyn", "pop": 4740.0, "incidents": 244, "lisa": "Not significant" }, "geometry": { "type": "Polygon", "coordinates": [ [ [ -73.920075, 40.702259 ], [ -73.917068, 40.700548 ], [ -73.913292, 40.704313 ], [ -73.915513, 40.705626 ], [ -73.916253, 40.706066 ], [ -73.920075, 40.702259 ] ] ] } },
{ "type": "Feature", "properties": { "GEOID": "36047051700", "gi_z": 0.82, "borough": "Brooklyn", "pop": 3087.0, "incidents": 150, "lisa": "Not significant" }, "geometry": { "type": "Polygon", "coordinates": [ [ [ -73.958416, 40.719189 ], [ -73.955844, 40.717589 ], [ -73.953469, 40.719798 ], [ -73.950646, 40.721705 ], [ -73.954776, 40.72246 ], [ -73.958416, 40.719189 ] ] ] } },
{ "type": "Feature", "properties": { "GEOID": "36047055600", "gi_z": -1.35, "borough": "Brooklyn", "pop": 3353.0, "incidents": 44, "lisa": "Not significant" }, "geometry": { "type": "Polygon", "coordinates": [ [ [ -73.961732, 40.605358 ], [ -73.961363, 40.600589 ], [ -73.957757, 40.600986 ], [ -73.95683, 40.601087 ], [ -73.957724, 40.6058 ], [ -73.961732, 40.605358 ] ] ] } },
{ "type": "Feature", "properties": { "GEOID": "36047061200", "gi_z": -0.65, "borough": "Brooklyn", "pop": 1118.0, "incidents": 42, "lisa": "Not significant" }, "geometry": { "type": "Polygon", "coordinates": [ [ [ -73.944308, 40.582201 ], [ -73.954032, 40.582517 ], [ -73.953342, 40.579267 ], [ -73.943989, 40.5803 ], [ -73.944308, 40.582201 ] ] ] } },
{ "type": "Feature", "properties": { "GEOID": "36081144100", "gi_z": -1.4, "borough": "Queens", "pop": 3002.0, "incidents": 53, "lisa": "Low-Low" }, "geometry": { "type": "Polygon", "coordinates": [ [ [ -73.768276, 40.758261 ], [ -73.767148, 40.75565 ], [ -73.764598, 40.752596 ], [ -73.75944, 40.752403 ], [ -73.762395, 40.759497 ], [ -73.768276, 40.758261 ] ] ] } },
{ "type": "Feature", "properties": { "GEOID": "36081115100", "gi_z": -1.43, "borough": "Queens", "pop": 982.0, "incidents": 22, "lisa": "Not significant" }, "geometry": { "type": "Polygon", "coordinates": [ [ [ -73.810061, 40.771589 ], [ -73.810817, 40.766027 ], [ -73.805161, 40.765581 ], [ -73.804418, 40.771086 ], [ -73.810061, 40.771589 ] ] ] } },
{ "type": "Feature", "properties": { "GEOID": "36047084800", "gi_z": -1.09, "borough": "Brooklyn", "pop": 1445.0, "incidents": 62, "lisa": "Not significant" }, "geometry": { "type": "Polygon", "coordinates": [ [ [ -73.929999, 40.648181 ], [ -73.929599, 40.644433 ], [ -73.925721, 40.644674 ], [ -73.92612, 40.64842 ], [ -73.929999, 40.648181 ] ] ] } },
{ "type": "Feature", "properties": { "GEOID": "36047073800", "gi_z": -1.55, "borough": "Brooklyn", "pop": 3517.0, "incidents": 49, "lisa": "Low-Low" }, "geometry": { "type": "Polygon", "coordinates": [ [ [ -73.941681, 40.624907 ], [ -73.940805, 40.620125 ], [ -73.936336, 40.620611 ], [ -73.93538, 40.621216 ], [ -73.939557, 40.625158 ], [ -73.941681, 40.624907 ] ] ] } },
{ "type": "Feature", "properties": { "GEOID": "36081030905", "gi_z": -0.5, "borough": "Queens", "pop": 3780.0, "incidents": 92, "lisa": "Not significant" }, "geometry": { "type": "Polygon", "coordinates": [ [ [ -73.898773, 40.759916 ], [ -73.899703, 40.757783 ], [ -73.893473, 40.758451 ], [ -73.892899, 40.760533 ], [ -73.897345, 40.761977 ], [ -73.898773, 40.759916 ] ] ] } },
{ "type": "Feature", "properties": { "GEOID": "36081100803", "gi_z": -0.05, "borough": "Queens", "pop": 4732.0, "incidents": 292, "lisa": "Not significant" }, "geometry": { "type": "Polygon", "coordinates": [ [ [ -73.763868, 40.599727 ], [ -73.761658, 40.599973 ], [ -73.753754, 40.600712 ], [ -73.75285, 40.60426 ], [ -73.754419, 40.604978 ], [ -73.760953, 40.606452 ], [ -73.760401, 40.602433 ], [ -73.763868, 40.599727 ] ] ] } },
{ "type": "Feature", "properties": { "GEOID": "36005025400", "gi_z": -0.92, "borough": "Bronx", "pop": 2582.0, "incidents": 89, "lisa": "Not significant" }, "geometry": { "type": "Polygon", "coordinates": [ [ [ -73.851368, 40.850304 ], [ -73.85619, 40.850779 ], [ -73.852191, 40.845656 ], [ -73.849073, 40.847062 ], [ -73.851368, 40.850304 ] ] ] } },
{ "type": "Feature", "properties": { "GEOID": "36081032000", "gi_z": -0.03, "borough": "Queens", "pop": 5501.0, "incidents": 297, "lisa": "Not significant" }, "geometry": { "type": "Polygon", "coordinates": [ [ [ -73.766754, 40.667433 ], [ -73.771448, 40.660635 ], [ -73.77383, 40.659651 ], [ -73.764388, 40.654558 ], [ -73.760074, 40.657844 ], [ -73.759821, 40.659349 ], [ -73.759106, 40.663674 ], [ -73.757631, 40.666451 ], [ -73.766754, 40.667433 ] ] ] } },
{ "type": "Feature", "properties": { "GEOID": "36081059502", "gi_z": -1.49, "borough": "Queens", "pop": 2676.0, "incidents": 96, "lisa": "Low-Low" }, "geometry": { "type": "Polygon", "coordinates": [ [ [ -73.90966, 40.717793 ], [ -73.910778, 40.713188 ], [ -73.905376, 40.712877 ], [ -73.906021, 40.715743 ], [ -73.90639, 40.717364 ], [ -73.90966, 40.717793 ] ] ] } },
{ "type": "Feature", "properties": { "GEOID": "36005046206", "gi_z": 0.1, "borough": "Bronx", "pop": 3971.0, "incidents": 17, "lisa": "Not significant" }, "geometry": { "type": "Polygon", "coordinates": [ [ [ -73.828367, 40.876687 ], [ -73.830132, 40.87533 ], [ -73.827259, 40.874264 ], [ -73.824844, 40.875702 ], [ -73.828367, 40.876687 ] ] ] } },
{ "type": "Feature", "properties": { "GEOID": "36061031703", "gi_z": 1.78, "borough": "Manhattan", "pop": 5887.0, "incidents": 148, "lisa": "Low-High" }, "geometry": { "type": "Polygon", "coordinates": [ [ [ -74.023065773904804, 40.720413970726497 ], [ -74.017105, 40.716604 ], [ -74.017987221647999, 40.712401949022606 ], [ -74.014358, 40.711006 ], [ -74.0137, 40.713668 ], [ -74.012731, 40.717114 ], [ -74.012292, 40.719039 ], [ -74.023065773904804, 40.720413970726497 ] ] ] } },
{ "type": "Feature", "properties": { "GEOID": "36047050803", "gi_z": -0.45, "borough": "Brooklyn", "pop": 2282.0, "incidents": 120, "lisa": "Not significant" }, "geometry": { "type": "Polygon", "coordinates": [ [ [ -73.9619, 40.654871 ], [ -73.961407, 40.65217 ], [ -73.959329, 40.652928 ], [ -73.959696, 40.654839 ], [ -73.959861, 40.655635 ], [ -73.9619, 40.654871 ] ] ] } },
{ "type": "Feature", "properties": { "GEOID": "36047010601", "gi_z": -0.64, "borough": "Brooklyn", "pop": 2138.0, "incidents": 132, "lisa": "Not significant" }, "geometry": { "type": "Polygon", "coordinates": [ [ [ -74.007079, 40.641325 ], [ -74.009409, 40.639085 ], [ -74.007206, 40.637755 ], [ -74.004877, 40.639995 ], [ -74.007079, 40.641325 ] ] ] } },
{ "type": "Feature", "properties": { "GEOID": "36081004500", "gi_z": -1.2, "borough": "Queens", "pop": 2758.0, "incidents": 86, "lisa": "Not significant" }, "geometry": { "type": "Polygon", "coordinates": [ [ [ -73.93859, 40.766817 ], [ -73.937635, 40.766475 ], [ -73.937005, 40.76424 ], [ -73.933981, 40.762826 ], [ -73.930548, 40.761223 ], [ -73.930365, 40.764491 ], [ -73.934935, 40.767013 ], [ -73.936184, 40.767692 ], [ -73.93859, 40.766817 ] ] ] } },
{ "type": "Feature", "properties": { "GEOID": "36081004700", "gi_z": -0.31, "borough": "Queens", "pop": 3963.0, "incidents": 78, "lisa": "Not significant" }, "geometry": { "type": "Polygon", "coordinates": [ [ [ -73.936791, 40.759883 ], [ -73.932152, 40.75771 ], [ -73.930548, 40.761223 ], [ -73.933981, 40.762826 ], [ -73.936791, 40.759883 ] ] ] } },
{ "type": "Feature", "properties": { "GEOID": "36081005300", "gi_z": -0.64, "borough": "Queens", "pop": 5188.0, "incidents": 131, "lisa": "Not significant" }, "geometry": { "type": "Polygon", "coordinates": [ [ [ -73.930548, 40.761223 ], [ -73.932152, 40.75771 ], [ -73.928956, 40.756213 ], [ -73.928051, 40.760048 ], [ -73.926188, 40.762351 ], [ -73.930365, 40.764491 ], [ -73.930548, 40.761223 ] ] ] } },
{ "type": "Feature", "properties": { "GEOID": "36081005700", "gi_z": -0.35, "borough": "Queens", "pop": 3800.0, "incidents": 127, "lisa": "Not significant" }, "geometry": { "type": "Polygon", "coordinates": [ [ [ -73.928051, 40.760048 ], [ -73.928956, 40.756213 ], [ -73.924157, 40.753961 ], [ -73.921659, 40.757051 ], [ -73.928051, 40.760048 ] ] ] } },
{ "type": "Feature", "properties": { "GEOID": "36081005800", "gi_z": 0.39, "borough": "Queens", "pop": 6242.0, "incidents": 197, "lisa": "Not significant" }, "geometry": { "type": "Polygon", "coordinates": [ [ [ -73.856871, 40.676455 ], [ -73.856487, 40.673377 ], [ -73.842572, 40.669284 ], [ -73.843329, 40.67374 ], [ -73.843837, 40.676744 ], [ -73.852466, 40.675584 ], [ -73.856871, 40.676455 ] ] ] } },
{ "type": "Feature", "properties": { "GEOID": "36081006900", "gi_z": -0.43, "borough": "Queens", "pop": 4767.0, "incidents": 134, "lisa": "Not significant" }, "geometry": { "type": "Polygon", "coordinates": [ [ [ -73.924928, 40.773489 ], [ -73.9259, 40.772262 ], [ -73.921242, 40.768378 ], [ -73.918116, 40.770029 ], [ -73.920076, 40.772067 ], [ -73.923981, 40.774615 ], [ -73.924928, 40.773489 ] ] ] } },
{ "type": "Feature", "properties": { "GEOID": "36081007700", "gi_z": -1.2, "borough": "Queens", "pop": 1913.0, "incidents": 93, "lisa": "Not significant" }, "geometry": { "type": "Polygon", "coordinates": [ [ [ -73.933445, 40.768818 ], [ -73.934935, 40.767013 ], [ -73.930365, 40.764491 ], [ -73.928556, 40.766714 ], [ -73.933445, 40.768818 ] ] ] } },
{ "type": "Feature", "properties": { "GEOID": "36081008100", "gi_z": -1.09, "borough": "Queens", "pop": 1530.0, "incidents": 70, "lisa": "Not significant" }, "geometry": { "type": "Polygon", "coordinates": [ [ [ -73.934246, 40.771029 ], [ -73.936184, 40.767692 ], [ -73.934935, 40.767013 ], [ -73.933445, 40.768818 ], [ -73.931278, 40.771516 ], [ -73.932685, 40.7727 ], [ -73.934246, 40.771029 ] ] ] } },
{ "type": "Feature", "properties": { "GEOID": "36081016900", "gi_z": -0.34, "borough": "Queens", "pop": 5859.0, "incidents": 101, "lisa": "Not significant" }, "geometry": { "type": "Polygon", "coordinates": [ [ [ -73.918676, 40.749488 ], [ -73.918014, 40.746568 ], [ -73.914303, 40.746138 ], [ -73.912449, 40.74592 ], [ -73.910159, 40.748502 ], [ -73.909711, 40.749755 ], [ -73.918676, 40.749488 ] ] ] } },
{ "type": "Feature", "properties": { "GEOID": "36081008600", "gi_z": 0.05, "borough": "Queens", "pop": 3341.0, "incidents": 127, "lisa": "Not significant" }, "geometry": { "type": "Polygon", "coordinates": [ [ [ -73.844724, 40.680707 ], [ -73.843837, 40.676744 ], [ -73.843329, 40.67374 ], [ -73.836981, 40.674678 ], [ -73.839521, 40.679962 ], [ -73.844724, 40.680707 ] ] ] } },
{ "type": "Feature", "properties": { "GEOID": "36081009500", "gi_z": -0.95, "borough": "Queens", "pop": 1959.0, "incidents": 76, "lisa": "Not significant" }, "geometry": { "type": "Polygon", "coordinates": [ [ [ -73.922649, 40.777423 ], [ -73.923981, 40.774615 ], [ -73.920076, 40.772067 ], [ -73.917077, 40.773475 ], [ -73.922649, 40.777423 ] ] ] } },
{ "type": "Feature", "properties": { "GEOID": "36081010100", "gi_z": -0.73, "borough": "Queens", "pop": 2686.0, "incidents": 61, "lisa": "Not significant" }, "geometry": { "type": "Polygon", "coordinates": [ [ [ -73.917966, 40.781256 ], [ -73.920127, 40.779489 ], [ -73.914548, 40.775548 ], [ -73.912383, 40.77731 ], [ -73.917966, 40.781256 ] ] ] } },
{ "type": "Feature", "properties": { "GEOID": "36081011400", "gi_z": -1.28, "borough": "Queens", "pop": 1908.0, "incidents": 42, "lisa": "Not significant" }, "geometry": { "type": "Polygon", "coordinates": [ [ [ -73.844155, 40.689404 ], [ -73.843003, 40.687038 ], [ -73.842175, 40.685354 ], [ -73.839923, 40.685995 ], [ -73.841046, 40.690284 ], [ -73.844155, 40.689404 ] ] ] } },
{ "type": "Feature", "properties": { "GEOID": "36081011700", "gi_z": -0.98, "borough": "Queens", "pop": 4015.0, "incidents": 117, "lisa": "Not significant" }, "geometry": { "type": "Polygon", "coordinates": [ [ [ -73.91431, 40.771523 ], [ -73.910241, 40.769427 ], [ -73.908217, 40.771085 ], [ -73.906788, 40.773367 ], [ -73.909617, 40.775366 ], [ -73.91431, 40.771523 ] ] ] } },
{ "type": "Feature", "properties": { "GEOID": "36081012602", "gi_z": -1.4, "borough": "Queens", "pop": 2215.0, "incidents": 109, "lisa": "Low-Low" }, "geometry": { "type": "Polygon", "coordinates": [ [ [ -73.843442, 40.695187 ], [ -73.841046, 40.690284 ], [ -73.838679, 40.690961 ], [ -73.839634, 40.695535 ], [ -73.840351, 40.695383 ], [ -73.843442, 40.695187 ] ] ] } },
{ "type": "Feature", "properties": { "GEOID": "36081012800", "gi_z": -1.1, "borough": "Queens", "pop": 2129.0, "incidents": 68, "lisa": "Not significant" }, "geometry": { "type": "Polygon", "coordinates": [ [ [ -73.841564, 40.701101 ], [ -73.842938, 40.700554 ], [ -73.840351, 40.695383 ], [ -73.839634, 40.695535 ], [ -73.837167, 40.696866 ], [ -73.841564, 40.701101 ] ] ] } },
{ "type": "Feature", "properties": { "GEOID": "36081014900", "gi_z": -0.48, "borough": "Queens", "pop": 2163.0, "incidents": 76, "lisa": "Not significant" }, "geometry": { "type": "Polygon", "coordinates": [ [ [ -73.914992, 40.763892 ], [ -73.914696, 40.760188 ], [ -73.913897, 40.759818 ], [ -73.911799, 40.76239 ], [ -73.914992, 40.763892 ] ] ] } },
{ "type": "Feature", "properties": { "GEOID": "36081015200", "gi_z": -0.3, "borough": "Queens", "pop": 2599.0, "incidents": 106, "lisa": "Not significant" }, "geometry": { "type": "Polygon", "coordinates": [ [ [ -73.81621, 40.692732 ], [ -73.815228, 40.690733 ], [ -73.810749, 40.691917 ], [ -73.811897, 40.693962 ], [ -73.813719, 40.697153 ], [ -73.816174, 40.696583 ], [ -73.815709, 40.695638 ], [ -73.815121, 40.69444 ], [ -73.81621, 40.692732 ] ] ] } },
{ "type": "Feature", "properties": { "GEOID": "36081000600", "gi_z": -0.66, "borough": "Queens", "pop": 3549.0, "incidents": 90, "lisa": "Not significant" }, "geometry": { "type": "Polygon", "coordinates": [ [ [ -73.867018, 40.68683 ], [ -73.866295, 40.683189 ], [ -73.860477, 40.684843 ], [ -73.861349, 40.688695 ], [ -73.867018, 40.68683 ] ] ] } },
{ "type": "Feature", "properties": { "GEOID": "36081003000", "gi_z": -1.49, "borough": "Queens", "pop": 1410.0, "incidents": 28, "lisa": "Low-Low" }, "geometry": { "type": "Polygon", "coordinates": [ [ [ -73.847733, 40.694775 ], [ -73.849562, 40.694422 ], [ -73.847051, 40.688586 ], [ -73.844995, 40.689162 ], [ -73.847733, 40.694775 ] ] ] } },
{ "type": "Feature", "properties": { "GEOID": "36081003100", "gi_z": 0.73, "borough": "Queens", "pop": 1715.0, "incidents": 203, "lisa": "Not significant" }, "geometry": { "type": "Polygon", "coordinates": [ [ [ -73.935798, 40.755796 ], [ -73.93717, 40.753079 ], [ -73.934743, 40.750979 ], [ -73.928742, 40.752042 ], [ -73.931252, 40.753375 ], [ -73.935798, 40.755796 ] ] ] } },
{ "type": "Feature", "properties": { "GEOID": "36081004002", "gi_z": -0.21, "borough": "Queens", "pop": 1766.0, "incidents": 202, "lisa": "Not significant" }, "geometry": { "type": "Polygon", "coordinates": [ [ [ -73.841196, 40.683351 ], [ -73.847868, 40.681487 ], [ -73.844724, 40.680707 ], [ -73.839521, 40.679962 ], [ -73.839922, 40.681187 ], [ -73.841196, 40.683351 ] ] ] } },
{ "type": "Feature", "properties": { "GEOID": "36081031700", "gi_z": -0.3, "borough": "Queens", "pop": 5965.0, "incidents": 215, "lisa": "Not significant" }, "geometry": { "type": "Polygon", "coordinates": [ [ [ -73.899616, 40.768304 ], [ -73.900659, 40.767211 ], [ -73.894324, 40.766146 ], [ -73.887731, 40.766915 ], [ -73.890459, 40.77755 ], [ -73.894232, 40.778154 ], [ -73.896565, 40.776247 ], [ -73.89522, 40.771904 ], [ -73.899616, 40.768304 ] ] ] } },
{ "type": "Feature", "properties": { "GEOID": "36081035300", "gi_z": 1.26, "borough": "Queens", "pop": 2143.0, "incidents": 68, "lisa": "Not significant" }, "geometry": { "type": "Polygon", "coordinates": [ [ [ -73.876014, 40.761444 ], [ -73.875139, 40.756634 ], [ -73.873657, 40.756804 ], [ -73.872219, 40.756943 ], [ -73.873252, 40.762657 ], [ -73.875313, 40.763008 ], [ -73.876014, 40.761444 ] ] ] } },
{ "type": "Feature", "properties": { "GEOID": "36081018600", "gi_z": -1.49, "borough": "Queens", "pop": 1886.0, "incidents": 86, "lisa": "Low-Low" }, "geometry": { "type": "Polygon", "coordinates": [ [ [ -73.804235, 40.679416 ], [ -73.803356, 40.677644 ], [ -73.798215, 40.679097 ], [ -73.794635, 40.68211 ], [ -73.804235, 40.679416 ] ] ] } },
{ "type": "Feature", "properties": { "GEOID": "36081021200", "gi_z": 3.66, "borough": "Queens", "pop": 2517.0, "incidents": 685, "lisa": "High-High" }, "geometry": { "type": "Polygon", "coordinates": [ [ [ -73.816477, 40.70245 ], [ -73.814429, 40.698335 ], [ -73.804129, 40.70146 ], [ -73.811529, 40.702273 ], [ -73.816477, 40.70245 ] ] ] } },
{ "type": "Feature", "properties": { "GEOID": "36081021400", "gi_z": 2.46, "borough": "Queens", "pop": 5874.0, "incidents": 277, "lisa": "High-High" }, "geometry": { "type": "Polygon", "coordinates": [ [ [ -73.81915, 40.708428 ], [ -73.819459, 40.708396 ], [ -73.818313, 40.706164 ], [ -73.816477, 40.70245 ], [ -73.811529, 40.702273 ], [ -73.811632, 40.703052 ], [ -73.812012, 40.705945 ], [ -73.816416, 40.709865 ], [ -73.81915, 40.708428 ] ] ] } },
{ "type": "Feature", "properties": { "GEOID": "36081024500", "gi_z": -0.65, "borough": "Queens", "pop": 5102.0, "incidents": 69, "lisa": "Not significant" }, "geometry": { "type": "Polygon", "coordinates": [ [ [ -73.907556, 40.741659 ], [ -73.909285, 40.736334 ], [ -73.899146, 40.740668 ], [ -73.901679, 40.74097 ], [ -73.907556, 40.741659 ] ] ] } },
{ "type": "Feature", "properties": { "GEOID": "36081024900", "gi_z": -0.52, "borough": "Queens", "pop": 5228.0, "incidents": 134, "lisa": "Not significant" }, "geometry": { "type": "Polygon", "coordinates": [ [ [ -73.906419, 40.745635 ], [ -73.907556, 40.741659 ], [ -73.901679, 40.74097 ], [ -73.901409, 40.744251 ], [ -73.903687, 40.744914 ], [ -73.906419, 40.745635 ] ] ] } },
{ "type": "Feature", "properties": { "GEOID": "36081026700", "gi_z": 3.99, "borough": "Queens", "pop": 5219.0, "incidents": 907, "lisa": "High-High" }, "geometry": { "type": "Polygon", "coordinates": [ [ [ -73.891431, 40.746845 ], [ -73.890716, 40.743128 ], [ -73.887986, 40.743548 ], [ -73.885095, 40.743974 ], [ -73.883843, 40.745797 ], [ -73.885787, 40.74744 ], [ -73.887647, 40.747245 ], [ -73.890501, 40.746942 ], [ -73.891431, 40.746845 ] ] ] } },
{ "type": "Feature", "properties": { "GEOID": "36081027600", "gi_z": -1.78, "borough": "Queens", "pop": 1551.0, "incidents": 52, "lisa": "Low-Low" }, "geometry": { "type": "Polygon", "coordinates": [ [ [ -73.790385, 40.687754 ], [ -73.786529, 40.685111 ], [ -73.782345, 40.688407 ], [ -73.783266, 40.689994 ], [ -73.786439, 40.688782 ], [ -73.790385, 40.687754 ] ] ] } },
{ "type": "Feature", "properties": { "GEOID": "36081027800", "gi_z": -1.55, "borough": "Queens", "pop": 2497.0, "incidents": 57, "lisa": "Low-Low" }, "geometry": { "type": "Polygon", "coordinates": [ [ [ -73.786529, 40.685111 ], [ -73.784676, 40.68372 ], [ -73.783016, 40.684277 ], [ -73.779668, 40.685377 ], [ -73.782345, 40.688407 ], [ -73.786529, 40.685111 ] ] ] } },
{ "type": "Feature", "properties": { "GEOID": "36081028100", "gi_z": 2.35, "borough": "Queens", "pop": 6090.0, "incidents": 356, "lisa": "High-High" }, "geometry": { "type": "Polygon", "coordinates": [ [ [ -73.884439, 40.755657 ], [ -73.882999, 40.747734 ], [ -73.881137, 40.747927 ], [ -73.881648, 40.755952 ], [ -73.883507, 40.755755 ], [ -73.884439, 40.755657 ] ] ] } },
{ "type": "Feature", "properties": { "GEOID": "36081028400", "gi_z": -0.63, "borough": "Queens", "pop": 3343.0, "incidents": 107, "lisa": "Not significant" }, "geometry": { "type": "Polygon", "coordinates": [ [ [ -73.783016, 40.684277 ], [ -73.779478, 40.678365 ], [ -73.7747, 40.680487 ], [ -73.772203, 40.68161 ], [ -73.776998, 40.686283 ], [ -73.779668, 40.685377 ], [ -73.783016, 40.684277 ] ] ] } },
{ "type": "Feature", "properties": { "GEOID": "36081050700", "gi_z": -1.62, "borough": "Queens", "pop": 3305.0, "incidents": 66, "lisa": "Low-Low" }, "geometry": { "type": "Polygon", "coordinates": [ [ [ -73.887205, 40.727869 ], [ -73.887077, 40.724638 ], [ -73.882588, 40.725083 ], [ -73.874708, 40.72709 ], [ -73.877965, 40.72977 ], [ -73.887205, 40.727869 ] ] ] } },
{ "type": "Feature", "properties": { "GEOID": "36081050800", "gi_z": -1.96, "borough": "Queens", "pop": 2035.0, "incidents": 82, "lisa": "Low-Low" }, "geometry": { "type": "Polygon", "coordinates": [ [ [ -73.758718, 40.708811 ], [ -73.756519, 40.704064 ], [ -73.754711, 40.704538 ], [ -73.752051, 40.705228 ], [ -73.756037, 40.709456 ], [ -73.758718, 40.708811 ] ] ] } },
{ "type": "Feature", "properties": { "GEOID": "36081051500", "gi_z": -0.97, "borough": "Queens", "pop": 3062.0, "incidents": 66, "lisa": "Not significant" }, "geometry": { "type": "Polygon", "coordinates": [ [ [ -73.90108, 40.733908 ], [ -73.905684, 40.72855 ], [ -73.899246, 40.72905 ], [ -73.899022, 40.735149 ], [ -73.90108, 40.733908 ] ] ] } },
{ "type": "Feature", "properties": { "GEOID": "36081052500", "gi_z": -1.45, "borough": "Queens", "pop": 2152.0, "incidents": 68, "lisa": "Low-Low" }, "geometry": { "type": "Polygon", "coordinates": [ [ [ -73.911321, 40.719624 ], [ -73.90966, 40.717793 ], [ -73.90639, 40.717364 ], [ -73.902101, 40.717996 ], [ -73.904096, 40.721031 ], [ -73.911321, 40.719624 ] ] ] } },
{ "type": "Feature", "properties": { "GEOID": "36081053000", "gi_z": -1.9, "borough": "Queens", "pop": 2510.0, "incidents": 57, "lisa": "Low-Low" }, "geometry": { "type": "Polygon", "coordinates": [ [ [ -73.756442, 40.697286 ], [ -73.75484, 40.693728 ], [ -73.751703, 40.694597 ], [ -73.748633, 40.695445 ], [ -73.750193, 40.698912 ], [ -73.751968, 40.698449 ], [ -73.754669, 40.697747 ], [ -73.756442, 40.697286 ] ] ] } },
{ "type": "Feature", "properties": { "GEOID": "36081035800", "gi_z": -1.28, "borough": "Queens", "pop": 4547.0, "incidents": 114, "lisa": "Not significant" }, "geometry": { "type": "Polygon", "coordinates": [ [ [ -73.753238, 40.680117 ], [ -73.755657, 40.676157 ], [ -73.750772, 40.669796 ], [ -73.74876, 40.673026 ], [ -73.746473, 40.676298 ], [ -73.745608, 40.677886 ], [ -73.753238, 40.680117 ] ] ] } },
{ "type": "Feature", "properties": { "GEOID": "36081037600", "gi_z": -1.37, "borough": "Queens", "pop": 6883.0, "incidents": 133, "lisa": "Low-Low" }, "geometry": { "type": "Polygon", "coordinates": [ [ [ -73.76073, 40.685098 ], [ -73.760459, 40.683263 ], [ -73.758881, 40.681243 ], [ -73.753308, 40.685021 ], [ -73.75097, 40.684202 ], [ -73.750017, 40.685891 ], [ -73.74745, 40.689351 ], [ -73.74722, 40.689715 ], [ -73.751703, 40.694597 ], [ -73.75484, 40.693728 ], [ -73.755082, 40.69366 ], [ -73.756106, 40.686762 ], [ -73.76073, 40.685098 ] ] ] } },
{ "type": "Feature", "properties": { "GEOID": "36081038100", "gi_z": 1.07, "borough": "Queens", "pop": 6999.0, "incidents": 293, "lisa": "Not significant" }, "geometry": { "type": "Polygon", "coordinates": [ [ [ -73.861906, 40.757795 ], [ -73.861211, 40.753934 ], [ -73.860409, 40.753937 ], [ -73.855799, 40.75441 ], [ -73.853126, 40.755109 ], [ -73.85464, 40.758466 ], [ -73.861906, 40.757795 ] ] ] } },
{ "type": "Feature", "properties": { "GEOID": "36081041400", "gi_z": -0.1, "borough": "Queens", "pop": 4561.0, "incidents": 168, "lisa": "Not significant" }, "geometry": { "type": "Polygon", "coordinates": [ [ [ -73.788387, 40.69972 ], [ -73.786901, 40.698386 ], [ -73.782771, 40.695995 ], [ -73.773957, 40.699806 ], [ -73.777842, 40.703217 ], [ -73.788387, 40.69972 ] ] ] } },
{ "type": "Feature", "properties": { "GEOID": "36081045200", "gi_z": -1.03, "borough": "Queens", "pop": 911.0, "incidents": 89, "lisa": "Not significant" }, "geometry": { "type": "Polygon", "coordinates": [ [ [ -73.803178, 40.716351 ], [ -73.802111, 40.713926 ], [ -73.798701, 40.710663 ], [ -73.7965, 40.713554 ], [ -73.797963, 40.717162 ], [ -73.798055, 40.717431 ], [ -73.803178, 40.716351 ] ] ] } },
{ "type": "Feature", "properties": { "GEOID": "36081045800", "gi_z": 0.68, "borough": "Queens", "pop": 2347.0, "incidents": 78, "lisa": "Not significant" }, "geometry": { "type": "Polygon", "coordinates": [ [ [ -73.790896, 40.718876 ], [ -73.793214, 40.712608 ], [ -73.793038, 40.710711 ], [ -73.792029, 40.711069 ], [ -73.789012, 40.712073 ], [ -73.791402, 40.713021 ], [ -73.787892, 40.717705 ], [ -73.790896, 40.718876 ] ] ] } },
{ "type": "Feature", "properties": { "GEOID": "36081046400", "gi_z": -1.09, "borough": "Queens", "pop": 1998.0, "incidents": 47, "lisa": "Not significant" }, "geometry": { "type": "Polygon", "coordinates": [ [ [ -73.790896, 40.718876 ], [ -73.787892, 40.717705 ], [ -73.791402, 40.713021 ], [ -73.783141, 40.716434 ], [ -73.78499, 40.719972 ], [ -73.790708, 40.719269 ], [ -73.790896, 40.718876 ] ] ] } },
{ "type": "Feature", "properties": { "GEOID": "36081047000", "gi_z": 0.46, "borough": "Queens", "pop": 3187.0, "incidents": 85, "lisa": "Not significant" }, "geometry": { "type": "Polygon", "coordinates": [ [ [ -73.780589, 40.713428 ], [ -73.779048, 40.70871 ], [ -73.773139, 40.709923 ], [ -73.777123, 40.714262 ], [ -73.780589, 40.713428 ] ] ] } },
{ "type": "Feature", "properties": { "GEOID": "36081049500", "gi_z": -1.6, "borough": "Queens", "pop": 1272.0, "incidents": 29, "lisa": "Low-Low" }, "geometry": { "type": "Polygon", "coordinates": [ [ [ -73.894974, 40.725407 ], [ -73.894113, 40.723214 ], [ -73.890175, 40.724947 ], [ -73.887077, 40.724638 ], [ -73.887205, 40.727869 ], [ -73.894974, 40.725407 ] ] ] } },
{ "type": "Feature", "properties": { "GEOID": "36081049600", "gi_z": -0.99, "borough": "Queens", "pop": 3040.0, "incidents": 73, "lisa": "Not significant" }, "geometry": { "type": "Polygon", "coordinates": [ [ [ -73.757257, 40.718139 ], [ -73.754037, 40.71388 ], [ -73.749345, 40.715145 ], [ -73.752334, 40.720262 ], [ -73.757257, 40.718139 ] ] ] } },
{ "type": "Feature", "properties": { "GEOID": "36081049900", "gi_z": -1.34, "borough": "Queens", "pop": 5121.0, "incidents": 152, "lisa": "Low-Low" }, "geometry": { "type": "Polygon", "coordinates": [ [ [ -73.888566, 40.734592 ], [ -73.88806, 40.730087 ], [ -73.887205, 40.727869 ], [ -73.877965, 40.72977 ], [ -73.875237, 40.730724 ], [ -73.877506, 40.731607 ], [ -73.888566, 40.734592 ] ] ] } },
{ "type": "Feature", "properties": { "GEOID": "36081059300", "gi_z": -1.08, "borough": "Queens", "pop": 4040.0, "incidents": 58, "lisa": "Not significant" }, "geometry": { "type": "Polygon", "coordinates": [ [ [ -73.907, 40.709306 ], [ -73.906257, 40.708867 ], [ -73.903652, 40.707853 ], [ -73.898453, 40.70904 ], [ -73.900596, 40.712697 ], [ -73.904772, 40.712866 ], [ -73.904895, 40.712857 ], [ -73.907, 40.709306 ] ] ] } },
{ "type": "Feature", "properties": { "GEOID": "36081103202", "gi_z": 0.26, "borough": "Queens", "pop": 7864.0, "incidents": 172, "lisa": "Not significant" }, "geometry": { "type": "Polygon", "coordinates": [ [ [ -73.754419, 40.604978 ], [ -73.75285, 40.60426 ], [ -73.74574, 40.603403 ], [ -73.740571, 40.60488 ], [ -73.746942, 40.611775 ], [ -73.751061, 40.60942 ], [ -73.754419, 40.604978 ] ] ] } },
{ "type": "Feature", "properties": { "GEOID": "36081063000", "gi_z": -1.51, "borough": "Queens", "pop": 1614.0, "incidents": 42, "lisa": "Low-Low" }, "geometry": { "type": "Polygon", "coordinates": [ [ [ -73.745608, 40.677886 ], [ -73.746473, 40.676298 ], [ -73.744884, 40.675756 ], [ -73.741991, 40.680751 ], [ -73.739737, 40.683531 ], [ -73.743268, 40.68392 ], [ -73.745608, 40.677886 ] ] ] } },
{ "type": "Feature", "properties": { "GEOID": "36081065900", "gi_z": -2.03, "borough": "Queens", "pop": 1974.0, "incidents": 45, "lisa": "Low-Low" }, "geometry": { "type": "Polygon", "coordinates": [ [ [ -73.887916, 40.715806 ], [ -73.88722, 40.713982 ], [ -73.880207, 40.715244 ], [ -73.87722, 40.717226 ], [ -73.877941, 40.717898 ], [ -73.881642, 40.716183 ], [ -73.886662, 40.716396 ], [ -73.887916, 40.715806 ] ] ] } },
{ "type": "Feature", "properties": { "GEOID": "36081055700", "gi_z": -0.73, "borough": "Queens", "pop": 3386.0, "incidents": 158, "lisa": "Not significant" }, "geometry": { "type": "Polygon", "coordinates": [ [ [ -73.90249, 40.700484 ], [ -73.902953, 40.700005 ], [ -73.901219, 40.697171 ], [ -73.898886, 40.69539 ], [ -73.896772, 40.696799 ], [ -73.89384, 40.70086 ], [ -73.894388, 40.700784 ], [ -73.9002, 40.700501 ], [ -73.90249, 40.700484 ] ] ] } },
{ "type": "Feature", "properties": { "GEOID": "36081056000", "gi_z": -1.82, "borough": "Queens", "pop": 1695.0, "incidents": 161, "lisa": "Low-Low" }, "geometry": { "type": "Polygon", "coordinates": [ [ [ -73.741047, 40.725257 ], [ -73.737763, 40.722166 ], [ -73.736917, 40.722467 ], [ -73.735829, 40.722709 ], [ -73.736545, 40.725517 ], [ -73.731219, 40.726698 ], [ -73.735455, 40.728346 ], [ -73.741047, 40.725257 ] ] ] } },
{ "type": "Feature", "properties": { "GEOID": "36081056100", "gi_z": -1.89, "borough": "Queens", "pop": 12.0, "incidents": 59, "lisa": "Low-Low" }, "geometry": { "type": "Polygon", "coordinates": [ [ [ -73.901241, 40.691438 ], [ -73.901805, 40.690766 ], [ -73.901162, 40.687878 ], [ -73.896518, 40.682397 ], [ -73.892523, 40.683424 ], [ -73.889607, 40.684214 ], [ -73.884517, 40.686691 ], [ -73.879456, 40.691231 ], [ -73.874021, 40.694191 ], [ -73.870802, 40.697877 ], [ -73.869156, 40.702893 ], [ -73.869819, 40.702838 ], [ -73.871648, 40.702687 ], [ -73.875431, 40.702374 ], [ -73.876398, 40.702294 ], [ -73.888189, 40.69886 ], [ -73.888286, 40.695237 ], [ -73.893981, 40.693076 ], [ -73.90003, 40.693437 ], [ -73.901241, 40.691438 ] ] ] } },
{ "type": "Feature", "properties": { "GEOID": "36081056500", "gi_z": -0.96, "borough": "Queens", "pop": 1850.0, "incidents": 49, "lisa": "Not significant" }, "geometry": { "type": "Polygon", "coordinates": [ [ [ -73.898886, 40.69539 ], [ -73.90003, 40.693437 ], [ -73.893981, 40.693076 ], [ -73.896772, 40.696799 ], [ -73.898886, 40.69539 ] ] ] } },
{ "type": "Feature", "properties": { "GEOID": "36081057900", "gi_z": -0.45, "borough": "Queens", "pop": 1671.0, "incidents": 47, "lisa": "Not significant" }, "geometry": { "type": "Polygon", "coordinates": [ [ [ -73.889119, 40.705599 ], [ -73.892744, 40.701851 ], [ -73.888043, 40.702972 ], [ -73.889119, 40.705599 ] ] ] } },
{ "type": "Feature", "properties": { "GEOID": "36081058100", "gi_z": -0.65, "borough": "Queens", "pop": 2779.0, "incidents": 234, "lisa": "Not significant" }, "geometry": { "type": "Polygon", "coordinates": [ [ [ -73.896331, 40.705274 ], [ -73.895692, 40.70396 ], [ -73.894388, 40.700784 ], [ -73.89384, 40.70086 ], [ -73.892744, 40.701851 ], [ -73.896331, 40.705274 ] ] ] } },
{ "type": "Feature", "properties": { "GEOID": "36081058500", "gi_z": -0.46, "borough": "Queens", "pop": 4010.0, "incidents": 72, "lisa": "Not significant" }, "geometry": { "type": "Polygon", "coordinates": [ [ [ -73.902119, 40.705149 ], [ -73.903381, 40.703538 ], [ -73.900986, 40.702449 ], [ -73.895692, 40.70396 ], [ -73.896331, 40.705274 ], [ -73.89694, 40.706499 ], [ -73.902119, 40.705149 ] ] ] } },
{ "type": "Feature", "properties": { "GEOID": "36081086300", "gi_z": -0.91, "borough": "Queens", "pop": 7479.0, "incidents": 60, "lisa": "Not significant" }, "geometry": { "type": "Polygon", "coordinates": [ [ [ -73.822601, 40.76276 ], [ -73.822072, 40.761625 ], [ -73.820758, 40.758842 ], [ -73.820636, 40.758872 ], [ -73.817288, 40.759776 ], [ -73.819099, 40.763696 ], [ -73.822601, 40.76276 ] ] ] } },
{ "type": "Feature", "properties": { "GEOID": "36081092200", "gi_z": -1.57, "borough": "Queens", "pop": 2338.0, "incidents": 17, "lisa": "Low-Low" }, "geometry": { "type": "Polygon", "coordinates": [ [ [ -73.866005, 40.581001 ], [ -73.86283, 40.576088 ], [ -73.86653, 40.572701 ], [ -73.863071276520699, 40.567546911410403 ], [ -73.857179571298303, 40.569582413735517 ], [ -73.859815, 40.574212 ], [ -73.854849, 40.575878 ], [ -73.859492, 40.583938 ], [ -73.866005, 40.581001 ] ] ] } },
{ "type": "Feature", "properties": { "GEOID": "36081092900", "gi_z": -0.42, "borough": "Queens", "pop": 7003.0, "incidents": 181, "lisa": "Not significant" }, "geometry": { "type": "Polygon", "coordinates": [ [ [ -73.867118, 40.793742 ], [ -73.870207, 40.790909 ], [ -73.871631, 40.786798 ], [ -73.86542, 40.78497 ], [ -73.860505, 40.778984 ], [ -73.853252, 40.778259 ], [ -73.848754, 40.780146 ], [ -73.848535, 40.784105 ], [ -73.84481, 40.785369 ], [ -73.846068, 40.78805 ], [ -73.853072, 40.800113 ], [ -73.854632, 40.799724 ], [ -73.862965, 40.79767 ], [ -73.863147, 40.797497 ], [ -73.867118, 40.793742 ] ] ] } },
{ "type": "Feature", "properties": { "GEOID": "36081067900", "gi_z": -2.03, "borough": "Queens", "pop": 4303.0, "incidents": 99, "lisa": "Low-Low" }, "geometry": { "type": "Polygon", "coordinates": [ [ [ -73.871429, 40.729248 ], [ -73.874708, 40.72709 ], [ -73.872802, 40.725304 ], [ -73.869869, 40.721638 ], [ -73.867969, 40.719268 ], [ -73.865476, 40.720281 ], [ -73.867285, 40.722257 ], [ -73.870632, 40.727059 ], [ -73.871429, 40.729248 ] ] ] } },
{ "type": "Feature", "properties": { "GEOID": "36081071900", "gi_z": -1.05, "borough": "Queens", "pop": 3299.0, "incidents": 88, "lisa": "Not significant" }, "geometry": { "type": "Polygon", "coordinates": [ [ [ -73.858771, 40.735785 ], [ -73.857652, 40.733668 ], [ -73.857049, 40.732512 ], [ -73.852522, 40.733619 ], [ -73.854181, 40.736954 ], [ -73.858771, 40.735785 ] ] ] } },
{ "type": "Feature", "properties": { "GEOID": "36081073900", "gi_z": -0.64, "borough": "Queens", "pop": 5420.0, "incidents": 62, "lisa": "Not significant" }, "geometry": { "type": "Polygon", "coordinates": [ [ [ -73.848082, 40.72573 ], [ -73.84733, 40.722933 ], [ -73.843978, 40.721455 ], [ -73.840852, 40.720065 ], [ -73.843934, 40.726965 ], [ -73.848082, 40.72573 ] ] ] } },
{ "type": "Feature", "properties": { "GEOID": "36081077905", "gi_z": -1.2, "borough": "Queens", "pop": 3284.0, "incidents": 69, "lisa": "Not significant" }, "geometry": { "type": "Polygon", "coordinates": [ [ [ -73.819305, 40.717136 ], [ -73.820323, 40.71666 ], [ -73.816442, 40.715785 ], [ -73.807822, 40.715911 ], [ -73.807844, 40.716 ], [ -73.808605, 40.718415 ], [ -73.80904, 40.719912 ], [ -73.817186, 40.717662 ], [ -73.819305, 40.717136 ] ] ] } },
{ "type": "Feature", "properties": { "GEOID": "36081083700", "gi_z": -0.82, "borough": "Queens", "pop": 5254.0, "incidents": 246, "lisa": "Not significant" }, "geometry": { "type": "Polygon", "coordinates": [ [ [ -73.825844, 40.749348 ], [ -73.824262, 40.744421 ], [ -73.825383, 40.742295 ], [ -73.815057, 40.738987 ], [ -73.814309, 40.742974 ], [ -73.814162, 40.746139 ], [ -73.815373, 40.747218 ], [ -73.821319, 40.748758 ], [ -73.824233, 40.751855 ], [ -73.825697, 40.750998 ], [ -73.825844, 40.749348 ] ] ] } },
{ "type": "Feature", "properties": { "GEOID": "36081084602", "gi_z": -0.05, "borough": "Queens", "pop": 1600.0, "incidents": 119, "lisa": "Not significant" }, "geometry": { "type": "Polygon", "coordinates": [ [ [ -73.833312, 40.666759 ], [ -73.832705, 40.665406 ], [ -73.826832, 40.663709 ], [ -73.813337, 40.662806 ], [ -73.802162, 40.66525 ], [ -73.80166, 40.666756 ], [ -73.805452, 40.666896 ], [ -73.813198, 40.667253 ], [ -73.818577, 40.66548 ], [ -73.828079, 40.66609 ], [ -73.833312, 40.666759 ] ] ] } },
{ "type": "Feature", "properties": { "GEOID": "36081136700", "gi_z": -1.52, "borough": "Queens", "pop": 5903.0, "incidents": 76, "lisa": "Low-Low" }, "geometry": { "type": "Polygon", "coordinates": [ [ [ -73.767756, 40.74583 ], [ -73.763609, 40.739175 ], [ -73.757353, 40.741116 ], [ -73.753473, 40.742405 ], [ -73.756866, 40.749361 ], [ -73.765034, 40.746567 ], [ -73.767756, 40.74583 ] ] ] } },
{ "type": "Feature", "properties": { "GEOID": "36081143500", "gi_z": -1.87, "borough": "Queens", "pop": 2343.0, "incidents": 37, "lisa": "Low-Low" }, "geometry": { "type": "Polygon", "coordinates": [ [ [ -73.767148, 40.75565 ], [ -73.775878, 40.753261 ], [ -73.774336, 40.74983 ], [ -73.77417, 40.749878 ], [ -73.76738, 40.751744 ], [ -73.764598, 40.752596 ], [ -73.767148, 40.75565 ] ] ] } },
{ "type": "Feature", "properties": { "GEOID": "36081096400", "gi_z": -0.93, "borough": "Queens", "pop": 6865.0, "incidents": 189, "lisa": "Not significant" }, "geometry": { "type": "Polygon", "coordinates": [ [ [ -73.793652, 40.602623 ], [ -73.796768, 40.599384 ], [ -73.795594402719402, 40.58678195139791 ], [ -73.788440118385296, 40.588158723974018 ], [ -73.788996, 40.592411 ], [ -73.789133, 40.594044 ], [ -73.789163, 40.596077 ], [ -73.790339, 40.599145 ], [ -73.786639, 40.603256 ], [ -73.789058, 40.605621 ], [ -73.793652, 40.602623 ] ] ] } },
{ "type": "Feature", "properties": { "GEOID": "36081101700", "gi_z": -1.49, "borough": "Queens", "pop": 6826.0, "incidents": 134, "lisa": "Low-Low" }, "geometry": { "type": "Polygon", "coordinates": [ [ [ -73.803226, 40.779703 ], [ -73.80379, 40.77561 ], [ -73.797243, 40.773894 ], [ -73.795657, 40.773031 ], [ -73.792713, 40.773788 ], [ -73.79494, 40.786275 ], [ -73.802422, 40.786019 ], [ -73.803226, 40.779703 ] ] ] } },
{ "type": "Feature", "properties": { "GEOID": "36081104700", "gi_z": -1.35, "borough": "Queens", "pop": 6679.0, "incidents": 172, "lisa": "High-Low" }, "geometry": { "type": "Polygon", "coordinates": [ [ [ -73.823313, 40.779579 ], [ -73.825831, 40.775915 ], [ -73.826566, 40.770642 ], [ -73.826558, 40.770137 ], [ -73.824669, 40.770407 ], [ -73.817293, 40.771478 ], [ -73.813227, 40.771573 ], [ -73.814859, 40.776486 ], [ -73.81453, 40.778888 ], [ -73.823313, 40.779579 ] ] ] } },
{ "type": "Feature", "properties": { "GEOID": "36081113300", "gi_z": -1.53, "borough": "Queens", "pop": 1428.0, "incidents": 48, "lisa": "Low-Low" }, "geometry": { "type": "Polygon", "coordinates": [ [ [ -73.788075, 40.764199 ], [ -73.785274, 40.761842 ], [ -73.779031, 40.76238 ], [ -73.78146, 40.767066 ], [ -73.788075, 40.764199 ] ] ] } },
{ "type": "Feature", "properties": { "GEOID": "36081118100", "gi_z": -1.67, "borough": "Queens", "pop": 1952.0, "incidents": 37, "lisa": "Low-Low" }, "geometry": { "type": "Polygon", "coordinates": [ [ [ -73.79076, 40.760986 ], [ -73.790315, 40.757823 ], [ -73.789428, 40.757848 ], [ -73.787575, 40.757898 ], [ -73.783392, 40.757758 ], [ -73.785168, 40.761433 ], [ -73.79076, 40.760986 ] ] ] } },
{ "type": "Feature", "properties": { "GEOID": "36081119500", "gi_z": -1.44, "borough": "Queens", "pop": 1363.0, "incidents": 23, "lisa": "Low-Low" }, "geometry": { "type": "Polygon", "coordinates": [ [ [ -73.803595, 40.756324 ], [ -73.803946, 40.753699 ], [ -73.794577, 40.753563 ], [ -73.794747, 40.755628 ], [ -73.803595, 40.756324 ] ] ] } },
{ "type": "Feature", "properties": { "GEOID": "36081120300", "gi_z": -1.42, "borough": "Queens", "pop": 1551.0, "incidents": 26, "lisa": "Not significant" }, "geometry": { "type": "Polygon", "coordinates": [ [ [ -73.816543, 40.74826 ], [ -73.815373, 40.747218 ], [ -73.814162, 40.746139 ], [ -73.807506, 40.750137 ], [ -73.809135, 40.750269 ], [ -73.811924, 40.751288 ], [ -73.813334, 40.750372 ], [ -73.816543, 40.74826 ] ] ] } },
{ "type": "Feature", "properties": { "GEOID": "36081124700", "gi_z": -1.28, "borough": "Queens", "pop": 3911.0, "incidents": 71, "lisa": "Not significant" }, "geometry": { "type": "Polygon", "coordinates": [ [ [ -73.798658, 40.731428 ], [ -73.799332, 40.723235 ], [ -73.791745, 40.725776 ], [ -73.793525, 40.730054 ], [ -73.794278, 40.732696 ], [ -73.798658, 40.731428 ] ] ] } },
{ "type": "Feature", "properties": { "GEOID": "36081148300", "gi_z": -1.37, "borough": "Queens", "pop": 2974.0, "incidents": 41, "lisa": "Low-Low" }, "geometry": { "type": "Polygon", "coordinates": [ [ [ -73.739376, 40.776014 ], [ -73.750295, 40.782478 ], [ -73.752998, 40.781289 ], [ -73.755107, 40.776588 ], [ -73.755438002372898, 40.7668952125114 ], [ -73.753469, 40.765445 ], [ -73.739376, 40.776014 ] ] ] } },
{ "type": "Feature", "properties": { "GEOID": "36081157101", "gi_z": -1.6, "borough": "Queens", "pop": 8073.0, "incidents": 129, "lisa": "Low-Low" }, "geometry": { "type": "Polygon", "coordinates": [ [ [ -73.726569, 40.740823 ], [ -73.724188, 40.7387 ], [ -73.723072, 40.731493 ], [ -73.711478, 40.732501 ], [ -73.71371, 40.736175 ], [ -73.717625, 40.744028 ], [ -73.718944, 40.746944 ], [ -73.726469, 40.744206 ], [ -73.726569, 40.740823 ] ] ] } },
{ "type": "Feature", "properties": { "GEOID": "36081157903", "gi_z": -1.15, "borough": "Queens", "pop": 3671.0, "incidents": 74, "lisa": "Not significant" }, "geometry": { "type": "Polygon", "coordinates": [ [ [ -73.71371, 40.736175 ], [ -73.711478, 40.732501 ], [ -73.710485, 40.72723 ], [ -73.707939, 40.727771 ], [ -73.700506, 40.739061 ], [ -73.706514, 40.737722 ], [ -73.71371, 40.736175 ] ] ] } },
{ "type": "Feature", "properties": { "GEOID": "36085000600", "gi_z": -0.52, "borough": "Staten Island", "pop": 2568.0, "incidents": 143, "lisa": "Not significant" }, "geometry": { "type": "Polygon", "coordinates": [ [ [ -74.075647, 40.626664 ], [ -74.072535, 40.622464 ], [ -74.070954, 40.620431 ], [ -74.06043, 40.606354 ], [ -74.056887905417, 40.608014722434199 ], [ -74.064082, 40.616882 ], [ -74.071862, 40.624038 ], [ -74.072509256325503, 40.6270873565229 ], [ -74.075647, 40.626664 ] ] ] } },
{ "type": "Feature", "properties": { "GEOID": "36085000800", "gi_z": -1.77, "borough": "Staten Island", "pop": 5178.0, "incidents": 87, "lisa": "Low-Low" }, "geometry": { "type": "Polygon", "coordinates": [ [ [ -74.074547, 40.616943 ], [ -74.07119, 40.611517 ], [ -74.065163, 40.604201 ], [ -74.06043, 40.606354 ], [ -74.070954, 40.620431 ], [ -74.074547, 40.616943 ] ] ] } },
{ "type": "Feature", "properties": { "GEOID": "36085006400", "gi_z": -1.62, "borough": "Staten Island", "pop": 3425.0, "incidents": 73, "lisa": "Low-Low" }, "geometry": { "type": "Polygon", "coordinates": [ [ [ -74.082188, 40.601941 ], [ -74.082288, 40.598402 ], [ -74.085875, 40.59589 ], [ -74.081649, 40.59221 ], [ -74.07044, 40.596735 ], [ -74.076448, 40.601005 ], [ -74.082188, 40.601941 ] ] ] } },
{ "type": "Feature", "properties": { "GEOID": "36085011401", "gi_z": -1.77, "borough": "Staten Island", "pop": 2918.0, "incidents": 38, "lisa": "Low-Low" }, "geometry": { "type": "Polygon", "coordinates": [ [ [ -74.105259, 40.585923 ], [ -74.09844, 40.581242 ], [ -74.092616, 40.58594 ], [ -74.100883, 40.590179 ], [ -74.105259, 40.585923 ] ] ] } },
{ "type": "Feature", "properties": { "GEOID": "36085012200", "gi_z": -1.19, "borough": "Staten Island", "pop": 4783.0, "incidents": 65, "lisa": "Not significant" }, "geometry": { "type": "Polygon", "coordinates": [ [ [ -74.11221, 40.581267 ], [ -74.119786, 40.575815 ], [ -74.109762, 40.570468 ], [ -74.10369, 40.576505 ], [ -74.11221, 40.581267 ] ] ] } },
{ "type": "Feature", "properties": { "GEOID": "36085020804", "gi_z": -2.02, "borough": "Staten Island", "pop": 5124.0, "incidents": 55, "lisa": "Low-Low" }, "geometry": { "type": "Polygon", "coordinates": [ [ [ -74.20699, 40.541747 ], [ -74.201171, 40.526754 ], [ -74.191744, 40.531917 ], [ -74.193274, 40.534885 ], [ -74.197308, 40.543262 ], [ -74.20699, 40.541747 ] ] ] } },
{ "type": "Feature", "properties": { "GEOID": "36085015603", "gi_z": -1.71, "borough": "Staten Island", "pop": 5417.0, "incidents": 47, "lisa": "Low-Low" }, "geometry": { "type": "Polygon", "coordinates": [ [ [ -74.161349, 40.529374 ], [ -74.1600366563286, 40.527598919031703 ], [ -74.148697, 40.534489 ], [ -74.142169, 40.537293 ], [ -74.141916, 40.541833 ], [ -74.135683, 40.546373 ], [ -74.138641, 40.548475 ], [ -74.145912, 40.542424 ], [ -74.153975, 40.534268 ], [ -74.161349, 40.529374 ] ] ] } },
{ "type": "Feature", "properties": { "GEOID": "36085019700", "gi_z": -1.36, "borough": "Staten Island", "pop": 1975.0, "incidents": 21, "lisa": "Not significant" }, "geometry": { "type": "Polygon", "coordinates": [ [ [ -74.139822, 40.6163 ], [ -74.134185, 40.615363 ], [ -74.130736, 40.612797 ], [ -74.131224, 40.617265 ], [ -74.138737, 40.620374 ], [ -74.139822, 40.6163 ] ] ] } },
{ "type": "Feature", "properties": { "GEOID": "36085020100", "gi_z": -1.26, "borough": "Staten Island", "pop": 3356.0, "incidents": 66, "lisa": "Not significant" }, "geometry": { "type": "Polygon", "coordinates": [ [ [ -74.138266, 40.624248 ], [ -74.138737, 40.620374 ], [ -74.131224, 40.617265 ], [ -74.13131, 40.626328 ], [ -74.130461, 40.630897 ], [ -74.136742, 40.628662 ], [ -74.138266, 40.624248 ] ] ] } },
{ "type": "Feature", "properties": { "GEOID": "36085027301", "gi_z": -2.27, "borough": "Staten Island", "pop": 4494.0, "incidents": 50, "lisa": "Low-Low" }, "geometry": { "type": "Polygon", "coordinates": [ [ [ -74.163287, 40.601681 ], [ -74.1619, 40.595299 ], [ -74.156366, 40.593197 ], [ -74.15097, 40.590176 ], [ -74.145834, 40.588564 ], [ -74.145321, 40.591643 ], [ -74.140041, 40.598596 ], [ -74.140462, 40.60307 ], [ -74.146508, 40.605189 ], [ -74.147209, 40.608259 ], [ -74.149969, 40.60954 ], [ -74.162382, 40.60719 ], [ -74.163287, 40.601681 ] ] ] } },
{ "type": "Feature", "properties": { "GEOID": "36085029104", "gi_z": -1.23, "borough": "Staten Island", "pop": 6879.0, "incidents": 104, "lisa": "Not significant" }, "geometry": { "type": "Polygon", "coordinates": [ [ [ -74.168725, 40.621209 ], [ -74.175625, 40.612218 ], [ -74.160402, 40.609807 ], [ -74.162382, 40.60719 ], [ -74.149969, 40.60954 ], [ -74.153689, 40.612322 ], [ -74.160501, 40.617416 ], [ -74.168725, 40.621209 ] ] ] } },
{ "type": "Feature", "properties": { "GEOID": "36085014604", "gi_z": -2.3, "borough": "Staten Island", "pop": 7039.0, "incidents": 52, "lisa": "Low-Low" }, "geometry": { "type": "Polygon", "coordinates": [ [ [ -74.168052, 40.552718 ], [ -74.167572, 40.550575 ], [ -74.164231, 40.543301 ], [ -74.150839, 40.549963 ], [ -74.150106, 40.550818 ], [ -74.152072, 40.555217 ], [ -74.157672, 40.554058 ], [ -74.168052, 40.552718 ] ] ] } },
{ "type": "Feature", "properties": { "GEOID": "36047087000", "gi_z": -0.01, "borough": "Brooklyn", "pop": 3006.0, "incidents": 112, "lisa": "Not significant" }, "geometry": { "type": "Polygon", "coordinates": [ [ [ -73.935718, 40.656303 ], [ -73.934268, 40.651563 ], [ -73.931392, 40.65169 ], [ -73.931907, 40.656537 ], [ -73.935718, 40.656303 ] ] ] } },
{ "type": "Feature", "properties": { "GEOID": "36047072200", "gi_z": -1.81, "borough": "Brooklyn", "pop": 2242.0, "incidents": 84, "lisa": "Low-Low" }, "geometry": { "type": "Polygon", "coordinates": [ [ [ -73.930312, 40.632726 ], [ -73.930054, 40.630389 ], [ -73.920418, 40.630904 ], [ -73.918604, 40.632096 ], [ -73.918852, 40.634483 ], [ -73.922587, 40.633209 ], [ -73.930312, 40.632726 ] ] ] } },
{ "type": "Feature", "properties": { "GEOID": "36047073200", "gi_z": -1.82, "borough": "Brooklyn", "pop": 1877.0, "incidents": 33, "lisa": "Low-Low" }, "geometry": { "type": "Polygon", "coordinates": [ [ [ -73.9358, 40.630032 ], [ -73.935349, 40.625835 ], [ -73.933449, 40.625704 ], [ -73.931743, 40.62793 ], [ -73.931983, 40.630269 ], [ -73.9358, 40.630032 ] ] ] } },
{ "type": "Feature", "properties": { "GEOID": "36047074800", "gi_z": -1.88, "borough": "Brooklyn", "pop": 1504.0, "incidents": 50, "lisa": "Low-Low" }, "geometry": { "type": "Polygon", "coordinates": [ [ [ -73.949274, 40.624072 ], [ -73.948369, 40.619291 ], [ -73.946514, 40.619494 ], [ -73.944518, 40.619714 ], [ -73.945425, 40.624496 ], [ -73.946422, 40.624385 ], [ -73.949274, 40.624072 ] ] ] } },
{ "type": "Feature", "properties": { "GEOID": "36047091200", "gi_z": 1.17, "borough": "Brooklyn", "pop": 6301.0, "incidents": 143, "lisa": "Not significant" }, "geometry": { "type": "Polygon", "coordinates": [ [ [ -73.91009, 40.667154 ], [ -73.90892, 40.662554 ], [ -73.905173, 40.663106 ], [ -73.906355, 40.667708 ], [ -73.91009, 40.667154 ] ] ] } },
{ "type": "Feature", "properties": { "GEOID": "36047091600", "gi_z": 0.77, "borough": "Brooklyn", "pop": 5619.0, "incidents": 225, "lisa": "Not significant" }, "geometry": { "type": "Polygon", "coordinates": [ [ [ -73.911727, 40.662135 ], [ -73.911335, 40.660597 ], [ -73.910123, 40.655852 ], [ -73.906369, 40.656412 ], [ -73.907191, 40.659619 ], [ -73.90892, 40.662554 ], [ -73.911727, 40.662135 ] ] ] } },
{ "type": "Feature", "properties": { "GEOID": "36047095400", "gi_z": -0.69, "borough": "Brooklyn", "pop": 3875.0, "incidents": 117, "lisa": "Not significant" }, "geometry": { "type": "Polygon", "coordinates": [ [ [ -73.91893, 40.640585 ], [ -73.913278, 40.635508 ], [ -73.910367, 40.637391 ], [ -73.915925, 40.642384 ], [ -73.91893, 40.640585 ] ] ] } },
{ "type": "Feature", "properties": { "GEOID": "36047097400", "gi_z": -0.97, "borough": "Brooklyn", "pop": 2415.0, "incidents": 149, "lisa": "Not significant" }, "geometry": { "type": "Polygon", "coordinates": [ [ [ -73.903982, 40.646629 ], [ -73.90067, 40.64366 ], [ -73.897619, 40.64563 ], [ -73.896162, 40.646571 ], [ -73.897943, 40.650515 ], [ -73.903982, 40.646629 ] ] ] } },
{ "type": "Feature", "properties": { "GEOID": "36047099400", "gi_z": -1.83, "borough": "Brooklyn", "pop": 1525.0, "incidents": 61, "lisa": "Low-Low" }, "geometry": { "type": "Polygon", "coordinates": [ [ [ -73.907784, 40.63622 ], [ -73.904149, 40.632952 ], [ -73.901264, 40.634818 ], [ -73.90413, 40.638578 ], [ -73.905612, 40.637622 ], [ -73.907784, 40.63622 ] ] ] } },
{ "type": "Feature", "properties": { "GEOID": "36047102000", "gi_z": -2.12, "borough": "Brooklyn", "pop": 2151.0, "incidents": 36, "lisa": "Low-Low" }, "geometry": { "type": "Polygon", "coordinates": [ [ [ -73.887386, 40.640981 ], [ -73.890328, 40.63908 ], [ -73.886646, 40.635775 ], [ -73.885944, 40.636227 ], [ -73.883718, 40.63768 ], [ -73.887386, 40.640981 ] ] ] } },
{ "type": "Feature", "properties": { "GEOID": "36047102600", "gi_z": -1.76, "borough": "Brooklyn", "pop": 2935.0, "incidents": 43, "lisa": "Low-Low" }, "geometry": { "type": "Polygon", "coordinates": [ [ [ -73.900513, 40.629688 ], [ -73.902388, 40.628599 ], [ -73.899682, 40.627369 ], [ -73.895, 40.630386 ], [ -73.89686, 40.63205 ], [ -73.897629, 40.631553 ], [ -73.900513, 40.629688 ] ] ] } },
{ "type": "Feature", "properties": { "GEOID": "36047112600", "gi_z": 1.19, "borough": "Brooklyn", "pop": 4406.0, "incidents": 286, "lisa": "Not significant" }, "geometry": { "type": "Polygon", "coordinates": [ [ [ -73.896316, 40.666019 ], [ -73.895531, 40.662945 ], [ -73.889907, 40.663778 ], [ -73.890694, 40.666852 ], [ -73.893446, 40.666446 ], [ -73.896316, 40.666019 ] ] ] } },
{ "type": "Feature", "properties": { "GEOID": "36047113000", "gi_z": 1.94, "borough": "Brooklyn", "pop": 4490.0, "incidents": 227, "lisa": "High-High" }, "geometry": { "type": "Polygon", "coordinates": [ [ [ -73.899076, 40.665608 ], [ -73.896167, 40.657974 ], [ -73.893279, 40.65923 ], [ -73.895531, 40.662945 ], [ -73.896316, 40.666019 ], [ -73.897233, 40.665878 ], [ -73.899076, 40.665608 ] ] ] } },
{ "type": "Feature", "properties": { "GEOID": "36047087800", "gi_z": -0.69, "borough": "Brooklyn", "pop": 2592.0, "incidents": 155, "lisa": "Not significant" }, "geometry": { "type": "Polygon", "coordinates": [ [ [ -73.934231, 40.660415 ], [ -73.933996, 40.658119 ], [ -73.930903, 40.65661 ], [ -73.927995, 40.656802 ], [ -73.928172, 40.658478 ], [ -73.931325, 40.660594 ], [ -73.934231, 40.660415 ] ] ] } },
{ "type": "Feature", "properties": { "GEOID": "36047088400", "gi_z": 0.79, "borough": "Brooklyn", "pop": 5208.0, "incidents": 186, "lisa": "Not significant" }, "geometry": { "type": "Polygon", "coordinates": [ [ [ -73.92638, 40.665515 ], [ -73.928228, 40.66471 ], [ -73.923216, 40.659107 ], [ -73.920909, 40.660599 ], [ -73.92638, 40.665515 ] ] ] } },
{ "type": "Feature", "properties": { "GEOID": "36047089200", "gi_z": 1.3, "borough": "Brooklyn", "pop": 2876.0, "incidents": 348, "lisa": "Not significant" }, "geometry": { "type": "Polygon", "coordinates": [ [ [ -73.924389, 40.666385 ], [ -73.92638, 40.665515 ], [ -73.920909, 40.660599 ], [ -73.920082, 40.659858 ], [ -73.918299, 40.661162 ], [ -73.919097, 40.66423 ], [ -73.924389, 40.666385 ] ] ] } },
{ "type": "Feature", "properties": { "GEOID": "36047089600", "gi_z": 0.31, "borough": "Brooklyn", "pop": 3956.0, "incidents": 158, "lisa": "Not significant" }, "geometry": { "type": "Polygon", "coordinates": [ [ [ -73.915567, 40.658393 ], [ -73.910123, 40.655852 ], [ -73.911335, 40.660597 ], [ -73.914131, 40.660181 ], [ -73.915567, 40.658393 ] ] ] } },
{ "type": "Feature", "properties": { "GEOID": "36047113200", "gi_z": 1.44, "borough": "Brooklyn", "pop": 2637.0, "incidents": 198, "lisa": "Not significant" }, "geometry": { "type": "Polygon", "coordinates": [ [ [ -73.901451, 40.663659 ], [ -73.900661, 40.660587 ], [ -73.898807, 40.657407 ], [ -73.89611, 40.657754 ], [ -73.896167, 40.657974 ], [ -73.899076, 40.665608 ], [ -73.900851, 40.665346 ], [ -73.901451, 40.663659 ] ] ] } },
{ "type": "Feature", "properties": { "GEOID": "36047115600", "gi_z": 1.78, "borough": "Brooklyn", "pop": 4108.0, "incidents": 256, "lisa": "Not significant" }, "geometry": { "type": "Polygon", "coordinates": [ [ [ -73.898341, 40.670212 ], [ -73.897233, 40.665878 ], [ -73.896316, 40.666019 ], [ -73.893446, 40.666446 ], [ -73.894556, 40.67077 ], [ -73.898341, 40.670212 ] ] ] } },
{ "type": "Feature", "properties": { "GEOID": "36047116200", "gi_z": 1.0, "borough": "Brooklyn", "pop": 2571.0, "incidents": 87, "lisa": "Not significant" }, "geometry": { "type": "Polygon", "coordinates": [ [ [ -73.887289, 40.671848 ], [ -73.886183, 40.667521 ], [ -73.883597, 40.667905 ], [ -73.882782, 40.668026 ], [ -73.883889, 40.672355 ], [ -73.887289, 40.671848 ] ] ] } },
{ "type": "Feature", "properties": { "GEOID": "36047117602", "gi_z": -0.39, "borough": "Brooklyn", "pop": 3393.0, "incidents": 96, "lisa": "Not significant" }, "geometry": { "type": "Polygon", "coordinates": [ [ [ -73.876681, 40.688088 ], [ -73.874105, 40.683104 ], [ -73.872187, 40.683649 ], [ -73.872739, 40.68541 ], [ -73.874054, 40.689299 ], [ -73.876681, 40.688088 ] ] ] } },
{ "type": "Feature", "properties": { "GEOID": "36047118800", "gi_z": -0.22, "borough": "Brooklyn", "pop": 4778.0, "incidents": 242, "lisa": "Not significant" }, "geometry": { "type": "Polygon", "coordinates": [ [ [ -73.869342, 40.680191 ], [ -73.868547, 40.677206 ], [ -73.862028, 40.677886 ], [ -73.863349, 40.679352 ], [ -73.863787, 40.681114 ], [ -73.869342, 40.680191 ] ] ] } },
{ "type": "Feature", "properties": { "GEOID": "36047004600", "gi_z": -1.5, "borough": "Brooklyn", "pop": 1143.0, "incidents": 60, "lisa": "Low-Low" }, "geometry": { "type": "Polygon", "coordinates": [ [ [ -74.040882534219705, 40.628922120970699 ], [ -74.041663965359902, 40.626014492560003 ], [ -74.036426, 40.624734 ], [ -74.033108, 40.625647 ], [ -74.027153, 40.625727 ], [ -74.026856, 40.626459 ], [ -74.032256, 40.627741 ], [ -74.040882534219705, 40.628922120970699 ] ] ] } },
{ "type": "Feature", "properties": { "GEOID": "36047005602", "gi_z": -1.19, "borough": "Brooklyn", "pop": 1791.0, "incidents": 47, "lisa": "Not significant" }, "geometry": { "type": "Polygon", "coordinates": [ [ [ -74.032637, 40.61401 ], [ -74.038739420390101, 40.613248783681101 ], [ -74.036015674018302, 40.610268651963317 ], [ -74.032637, 40.61401 ] ] ] } },
{ "type": "Feature", "properties": { "GEOID": "36047015000", "gi_z": -2.04, "borough": "Brooklyn", "pop": 1437.0, "incidents": 38, "lisa": "Low-Low" }, "geometry": { "type": "Polygon", "coordinates": [ [ [ -74.013926, 40.614064 ], [ -74.011712, 40.612735 ], [ -74.010504, 40.613897 ], [ -74.008177, 40.616133 ], [ -74.007599, 40.616695 ], [ -74.0098, 40.618024 ], [ -74.013926, 40.614064 ] ] ] } },
{ "type": "Feature", "properties": { "GEOID": "36005024800", "gi_z": 0.5, "borough": "Bronx", "pop": 3699.0, "incidents": 242, "lisa": "Not significant" }, "geometry": { "type": "Polygon", "coordinates": [ [ [ -73.861791, 40.857983 ], [ -73.86192, 40.856783 ], [ -73.860121, 40.851627 ], [ -73.854408, 40.8542 ], [ -73.856097, 40.856941 ], [ -73.856638, 40.858119 ], [ -73.861791, 40.857983 ] ] ] } },
{ "type": "Feature", "properties": { "GEOID": "36005002500", "gi_z": 2.81, "borough": "Bronx", "pop": 5117.0, "incidents": 476, "lisa": "High-High" }, "geometry": { "type": "Polygon", "coordinates": [ [ [ -73.922886, 40.809106 ], [ -73.924265, 40.807175 ], [ -73.918819, 40.804905 ], [ -73.917479, 40.806823 ], [ -73.922886, 40.809106 ] ] ] } },
{ "type": "Feature", "properties": { "GEOID": "36005037900", "gi_z": 3.05, "borough": "Bronx", "pop": 6961.0, "incidents": 475, "lisa": "High-High" }, "geometry": { "type": "Polygon", "coordinates": [ [ [ -73.902102, 40.848319 ], [ -73.901955, 40.848059 ], [ -73.899671, 40.847438 ], [ -73.895609, 40.854571 ], [ -73.89644, 40.854908 ], [ -73.898165, 40.855146 ], [ -73.898776, 40.855364 ], [ -73.902102, 40.848319 ] ] ] } },
{ "type": "Feature", "properties": { "GEOID": "36005036300", "gi_z": 3.02, "borough": "Bronx", "pop": 6727.0, "incidents": 520, "lisa": "High-High" }, "geometry": { "type": "Polygon", "coordinates": [ [ [ -73.883109, 40.848273 ], [ -73.88566, 40.84271 ], [ -73.882787, 40.841295 ], [ -73.879194, 40.845321 ], [ -73.883109, 40.848273 ] ] ] } },
{ "type": "Feature", "properties": { "GEOID": "36005012300", "gi_z": 4.45, "borough": "Bronx", "pop": 4712.0, "incidents": 384, "lisa": "High-High" }, "geometry": { "type": "Polygon", "coordinates": [ [ [ -73.89336, 40.830152 ], [ -73.890873, 40.830136 ], [ -73.886092, 40.827695 ], [ -73.886613, 40.825329 ], [ -73.88797, 40.82226 ], [ -73.884411, 40.82297 ], [ -73.883832, 40.828271 ], [ -73.883887, 40.829809 ], [ -73.890714, 40.832409 ], [ -73.891737, 40.832664 ], [ -73.89336, 40.830152 ] ] ] } },
{ "type": "Feature", "properties": { "GEOID": "36047016200", "gi_z": -1.39, "borough": "Brooklyn", "pop": 2267.0, "incidents": 51, "lisa": "Not significant" }, "geometry": { "type": "Polygon", "coordinates": [ [ [ -74.036015674018302, 40.610268651963317 ], [ -74.0353019178837, 40.609487710199609 ], [ -74.031451, 40.611117 ], [ -74.026302, 40.616335 ], [ -74.030485, 40.616518 ], [ -74.031515, 40.61533 ], [ -74.032637, 40.61401 ], [ -74.036015674018302, 40.610268651963317 ] ] ] } },
{ "type": "Feature", "properties": { "GEOID": "36047016500", "gi_z": -1.09, "borough": "Brooklyn", "pop": 5742.0, "incidents": 79, "lisa": "Not significant" }, "geometry": { "type": "Polygon", "coordinates": [ [ [ -73.977208, 40.668169 ], [ -73.977717, 40.66757 ], [ -73.975337, 40.666419 ], [ -73.970409, 40.672617 ], [ -73.972955, 40.673488 ], [ -73.975196, 40.670576 ], [ -73.977208, 40.668169 ] ] ] } },
{ "type": "Feature", "properties": { "GEOID": "36047020100", "gi_z": 0.24, "borough": "Brooklyn", "pop": 3993.0, "incidents": 154, "lisa": "Not significant" }, "geometry": { "type": "Polygon", "coordinates": [ [ [ -73.965525, 40.686744 ], [ -73.964454, 40.681125 ], [ -73.961312, 40.680456 ], [ -73.961671, 40.682691 ], [ -73.962547, 40.687089 ], [ -73.965525, 40.686744 ] ] ] } },
{ "type": "Feature", "properties": { "GEOID": "36047021300", "gi_z": 0.32, "borough": "Brooklyn", "pop": 4523.0, "incidents": 135, "lisa": "Not significant" }, "geometry": { "type": "Polygon", "coordinates": [ [ [ -73.962622, 40.671629 ], [ -73.960956, 40.663285 ], [ -73.960337, 40.664108 ], [ -73.957974, 40.670657 ], [ -73.961338, 40.671352 ], [ -73.962622, 40.671629 ] ] ] } },
{ "type": "Feature", "properties": { "GEOID": "36047021800", "gi_z": -1.8, "borough": "Brooklyn", "pop": 2760.0, "incidents": 59, "lisa": "Low-Low" }, "geometry": { "type": "Polygon", "coordinates": [ [ [ -74.001957, 40.635497 ], [ -73.995617, 40.631667 ], [ -73.993866, 40.633347 ], [ -73.999807, 40.636936 ], [ -74.001957, 40.635497 ] ] ] } },
{ "type": "Feature", "properties": { "GEOID": "36047022900", "gi_z": 0.15, "borough": "Brooklyn", "pop": 3650.0, "incidents": 103, "lisa": "Not significant" }, "geometry": { "type": "Polygon", "coordinates": [ [ [ -73.959568, 40.686683 ], [ -73.958841, 40.683018 ], [ -73.953954, 40.683581 ], [ -73.954246, 40.685047 ], [ -73.954684, 40.687245 ], [ -73.959568, 40.686683 ] ] ] } },
{ "type": "Feature", "properties": { "GEOID": "36047023000", "gi_z": -1.52, "borough": "Brooklyn", "pop": 4202.0, "incidents": 49, "lisa": "Low-Low" }, "geometry": { "type": "Polygon", "coordinates": [ [ [ -73.988494, 40.641956 ], [ -73.987455, 40.639505 ], [ -73.982015, 40.634395 ], [ -73.980266, 40.636076 ], [ -73.984088, 40.639297 ], [ -73.988494, 40.641956 ] ] ] } },
{ "type": "Feature", "properties": { "GEOID": "36047023800", "gi_z": -2.01, "borough": "Brooklyn", "pop": 5584.0, "incidents": 36, "lisa": "Low-Low" }, "geometry": { "type": "Polygon", "coordinates": [ [ [ -73.995617, 40.631667 ], [ -73.989009, 40.627676 ], [ -73.988428, 40.628231 ], [ -73.987259, 40.629355 ], [ -73.993866, 40.633347 ], [ -73.995617, 40.631667 ] ] ] } },
{ "type": "Feature", "properties": { "GEOID": "36047024000", "gi_z": -1.48, "borough": "Brooklyn", "pop": 5598.0, "incidents": 47, "lisa": "Low-Low" }, "geometry": { "type": "Polygon", "coordinates": [ [ [ -73.997359, 40.629986 ], [ -73.996115, 40.629232 ], [ -73.990756, 40.625998 ], [ -73.989009, 40.627676 ], [ -73.995617, 40.631667 ], [ -73.997359, 40.629986 ] ] ] } },
{ "type": "Feature", "properties": { "GEOID": "36047018000", "gi_z": -1.82, "borough": "Brooklyn", "pop": 2948.0, "incidents": 53, "lisa": "Low-Low" }, "geometry": { "type": "Polygon", "coordinates": [ [ [ -74.006014, 40.611325 ], [ -74.010823, 40.606701 ], [ -74.008369, 40.605217 ], [ -74.003425, 40.609969 ], [ -74.006014, 40.611325 ] ] ] } },
{ "type": "Feature", "properties": { "GEOID": "36047018300", "gi_z": -0.87, "borough": "Brooklyn", "pop": 2821.0, "incidents": 97, "lisa": "Not significant" }, "geometry": { "type": "Polygon", "coordinates": [ [ [ -73.973855, 40.693287 ], [ -73.973126, 40.689622 ], [ -73.970131, 40.689506 ], [ -73.969103, 40.689468 ], [ -73.969831, 40.693135 ], [ -73.971872, 40.69321 ], [ -73.973855, 40.693287 ] ] ] } },
{ "type": "Feature", "properties": { "GEOID": "36047018400", "gi_z": -1.89, "borough": "Brooklyn", "pop": 2108.0, "incidents": 28, "lisa": "Low-Low" }, "geometry": { "type": "Polygon", "coordinates": [ [ [ -74.008177, 40.616133 ], [ -74.010504, 40.613897 ], [ -74.008304, 40.612568 ], [ -74.006014, 40.611325 ], [ -74.003778, 40.613475 ], [ -74.008177, 40.616133 ] ] ] } },
{ "type": "Feature", "properties": { "GEOID": "36047018700", "gi_z": -0.69, "borough": "Brooklyn", "pop": 1356.0, "incidents": 69, "lisa": "Not significant" }, "geometry": { "type": "Polygon", "coordinates": [ [ [ -73.97247, 40.696207 ], [ -73.971872, 40.69321 ], [ -73.969831, 40.693135 ], [ -73.96881, 40.693121 ], [ -73.969399, 40.696093 ], [ -73.97247, 40.696207 ] ] ] } },
{ "type": "Feature", "properties": { "GEOID": "36047019500", "gi_z": -0.56, "borough": "Brooklyn", "pop": 4104.0, "incidents": 76, "lisa": "Not significant" }, "geometry": { "type": "Polygon", "coordinates": [ [ [ -73.969831, 40.693135 ], [ -73.969103, 40.689468 ], [ -73.965188, 40.689782 ], [ -73.965906, 40.693433 ], [ -73.96881, 40.693121 ], [ -73.969831, 40.693135 ] ] ] } },
{ "type": "Feature", "properties": { "GEOID": "36047007000", "gi_z": -0.61, "borough": "Brooklyn", "pop": 2591.0, "incidents": 178, "lisa": "Not significant" }, "geometry": { "type": "Polygon", "coordinates": [ [ [ -74.026861, 40.639536 ], [ -74.028279, 40.637468 ], [ -74.02291, 40.636108 ], [ -74.021087, 40.638262 ], [ -74.021165, 40.641417 ], [ -74.026861, 40.639536 ] ] ] } },
{ "type": "Feature", "properties": { "GEOID": "36047007500", "gi_z": -0.84, "borough": "Brooklyn", "pop": 4766.0, "incidents": 137, "lisa": "Not significant" }, "geometry": { "type": "Polygon", "coordinates": [ [ [ -73.996209, 40.681724 ], [ -73.996527, 40.68106 ], [ -73.989388, 40.678285 ], [ -73.987668, 40.680818 ], [ -73.990424, 40.682694 ], [ -73.994901, 40.68443 ], [ -73.996209, 40.681724 ] ] ] } },
{ "type": "Feature", "properties": { "GEOID": "36005038600", "gi_z": 0.85, "borough": "Bronx", "pop": 8012.0, "incidents": 378, "lisa": "Not significant" }, "geometry": { "type": "Polygon", "coordinates": [ [ [ -73.852483, 40.879463 ], [ -73.850689, 40.875487 ], [ -73.848166, 40.876452 ], [ -73.843241, 40.879109 ], [ -73.846067, 40.882901 ], [ -73.849278, 40.884242 ], [ -73.849735, 40.883555 ], [ -73.852033, 40.88014 ], [ -73.852483, 40.879463 ] ] ] } },
{ "type": "Feature", "properties": { "GEOID": "36005034500", "gi_z": -0.74, "borough": "Bronx", "pop": 4037.0, "incidents": 124, "lisa": "Not significant" }, "geometry": { "type": "Polygon", "coordinates": [ [ [ -73.900007, 40.908129 ], [ -73.901958, 40.901294 ], [ -73.897035, 40.900288 ], [ -73.896546, 40.907507 ], [ -73.900007, 40.908129 ] ] ] } },
{ "type": "Feature", "properties": { "GEOID": "36005016700", "gi_z": 1.87, "borough": "Bronx", "pop": 3015.0, "incidents": 339, "lisa": "Not significant" }, "geometry": { "type": "Polygon", "coordinates": [ [ [ -73.905607, 40.839844 ], [ -73.905383, 40.839769 ], [ -73.899968, 40.837655 ], [ -73.89827, 40.84068 ], [ -73.904937, 40.843375 ], [ -73.905, 40.842535 ], [ -73.905607, 40.839844 ] ] ] } },
{ "type": "Feature", "properties": { "GEOID": "36005017500", "gi_z": 1.64, "borough": "Bronx", "pop": 6264.0, "incidents": 389, "lisa": "Not significant" }, "geometry": { "type": "Polygon", "coordinates": [ [ [ -73.914079, 40.833286 ], [ -73.91641, 40.82929 ], [ -73.912962, 40.82816 ], [ -73.911384, 40.830988 ], [ -73.913844, 40.833694 ], [ -73.914079, 40.833286 ] ] ] } },
{ "type": "Feature", "properties": { "GEOID": "36005018900", "gi_z": 5.1, "borough": "Bronx", "pop": 8244.0, "incidents": 528, "lisa": "High-High" }, "geometry": { "type": "Polygon", "coordinates": [ [ [ -73.933144, 40.834815 ], [ -73.933059, 40.828156 ], [ -73.930956, 40.828335 ], [ -73.925364, 40.832625 ], [ -73.933144, 40.834815 ] ] ] } },
{ "type": "Feature", "properties": { "GEOID": "36005013200", "gi_z": -0.84, "borough": "Bronx", "pop": 7083.0, "incidents": 229, "lisa": "Not significant" }, "geometry": { "type": "Polygon", "coordinates": [ [ [ -73.82319, 40.816673 ], [ -73.828298, 40.814811 ], [ -73.823438, 40.80481 ], [ -73.817418, 40.80579 ], [ -73.811299, 40.805397 ], [ -73.814075, 40.816402 ], [ -73.81545, 40.817703 ], [ -73.818085, 40.820482 ], [ -73.82319, 40.816673 ] ] ] } },
{ "type": "Feature", "properties": { "GEOID": "36005020200", "gi_z": 0.88, "borough": "Bronx", "pop": 2602.0, "incidents": 136, "lisa": "Not significant" }, "geometry": { "type": "Polygon", "coordinates": [ [ [ -73.850678, 40.838575 ], [ -73.847316, 40.836264 ], [ -73.844581, 40.838536 ], [ -73.847798, 40.840697 ], [ -73.850678, 40.838575 ] ] ] } },
{ "type": "Feature", "properties": { "GEOID": "36005006900", "gi_z": 3.8, "borough": "Bronx", "pop": 6077.0, "incidents": 219, "lisa": "High-High" }, "geometry": { "type": "Polygon", "coordinates": [ [ [ -73.916773, 40.824387 ], [ -73.92034, 40.822095 ], [ -73.91352, 40.819542 ], [ -73.911745, 40.822107 ], [ -73.916773, 40.824387 ] ] ] } },
{ "type": "Feature", "properties": { "GEOID": "36005004100", "gi_z": 4.14, "borough": "Bronx", "pop": 6162.0, "incidents": 300, "lisa": "High-High" }, "geometry": { "type": "Polygon", "coordinates": [ [ [ -73.924683, 40.812384 ], [ -73.916184, 40.80879 ], [ -73.915178, 40.810427 ], [ -73.914847, 40.810994 ], [ -73.922088, 40.813731 ], [ -73.924683, 40.812384 ] ] ] } },
{ "type": "Feature", "properties": { "GEOID": "36005014300", "gi_z": 3.82, "borough": "Bronx", "pop": 1647.0, "incidents": 217, "lisa": "High-High" }, "geometry": { "type": "Polygon", "coordinates": [ [ [ -73.912962, 40.82816 ], [ -73.915451, 40.825748 ], [ -73.91131, 40.824849 ], [ -73.90896, 40.830226 ], [ -73.91049, 40.830737 ], [ -73.911384, 40.830988 ], [ -73.912962, 40.82816 ] ] ] } },
{ "type": "Feature", "properties": { "GEOID": "36005013300", "gi_z": 1.93, "borough": "Bronx", "pop": 6087.0, "incidents": 148, "lisa": "Low-High" }, "geometry": { "type": "Polygon", "coordinates": [ [ [ -73.904922, 40.825287 ], [ -73.906457, 40.821715 ], [ -73.905659, 40.821557 ], [ -73.901292, 40.820475 ], [ -73.901176, 40.824389 ], [ -73.904922, 40.825287 ] ] ] } },
{ "type": "Feature", "properties": { "GEOID": "36005022000", "gi_z": 1.91, "borough": "Bronx", "pop": 1872.0, "incidents": 212, "lisa": "High-High" }, "geometry": { "type": "Polygon", "coordinates": [ [ [ -73.878364, 40.839997 ], [ -73.873561, 40.839794 ], [ -73.868892, 40.84441 ], [ -73.868355, 40.84708 ], [ -73.869209, 40.849239 ], [ -73.874591, 40.841521 ], [ -73.876856, 40.84223 ], [ -73.878364, 40.839997 ] ] ] } },
{ "type": "Feature", "properties": { "GEOID": "36005042800", "gi_z": -0.36, "borough": "Bronx", "pop": 2381.0, "incidents": 85, "lisa": "Not significant" }, "geometry": { "type": "Polygon", "coordinates": [ [ [ -73.848629, 40.895914 ], [ -73.847181, 40.892128 ], [ -73.842788, 40.893094 ], [ -73.844165, 40.896896 ], [ -73.846875, 40.8963 ], [ -73.848629, 40.895914 ] ] ] } },
{ "type": "Feature", "properties": { "GEOID": "36005042901", "gi_z": 2.41, "borough": "Bronx", "pop": 3397.0, "incidents": 178, "lisa": "High-High" }, "geometry": { "type": "Polygon", "coordinates": [ [ [ -73.877514, 40.874139 ], [ -73.874367, 40.872701 ], [ -73.870944, 40.878511 ], [ -73.871596, 40.878646 ], [ -73.876491, 40.875499 ], [ -73.877514, 40.874139 ] ] ] } },
{ "type": "Feature", "properties": { "GEOID": "36005029600", "gi_z": 0.16, "borough": "Bronx", "pop": 2367.0, "incidents": 373, "lisa": "Not significant" }, "geometry": { "type": "Polygon", "coordinates": [ [ [ -73.856638, 40.858119 ], [ -73.856097, 40.856941 ], [ -73.850096, 40.856347 ], [ -73.848214, 40.851091 ], [ -73.844929, 40.850144 ], [ -73.84494, 40.84821 ], [ -73.836819, 40.857277 ], [ -73.840972, 40.857949 ], [ -73.843295, 40.85829 ], [ -73.847397, 40.858683 ], [ -73.850282, 40.858657 ], [ -73.853109, 40.85841 ], [ -73.856638, 40.858119 ] ] ] } },
{ "type": "Feature", "properties": { "GEOID": "36005031600", "gi_z": -0.32, "borough": "Bronx", "pop": 1697.0, "incidents": 82, "lisa": "Not significant" }, "geometry": { "type": "Polygon", "coordinates": [ [ [ -73.849525, 40.865322 ], [ -73.850282, 40.858657 ], [ -73.847397, 40.858683 ], [ -73.847185, 40.865283 ], [ -73.849525, 40.865322 ] ] ] } },
{ "type": "Feature", "properties": { "GEOID": "36047010200", "gi_z": 0.1, "borough": "Brooklyn", "pop": 5201.0, "incidents": 139, "lisa": "Not significant" }, "geometry": { "type": "Polygon", "coordinates": [ [ [ -74.013814, 40.641745 ], [ -74.016167, 40.639483 ], [ -74.013961, 40.638153 ], [ -74.01176, 40.636823 ], [ -74.009409, 40.639085 ], [ -74.013814, 40.641745 ] ] ] } },
{ "type": "Feature", "properties": { "GEOID": "36047012200", "gi_z": -0.41, "borough": "Brooklyn", "pop": 4655.0, "incidents": 128, "lisa": "Not significant" }, "geometry": { "type": "Polygon", "coordinates": [ [ [ -74.018422, 40.640846 ], [ -74.021087, 40.638262 ], [ -74.016752, 40.63544 ], [ -74.016306, 40.635896 ], [ -74.013961, 40.638153 ], [ -74.016167, 40.639483 ], [ -74.018422, 40.640846 ] ] ] } },
{ "type": "Feature", "properties": { "GEOID": "36047012700", "gi_z": 0.62, "borough": "Brooklyn", "pop": 4286.0, "incidents": 105, "lisa": "Not significant" }, "geometry": { "type": "Polygon", "coordinates": [ [ [ -73.983953, 40.684182 ], [ -73.986104, 40.681009 ], [ -73.981755, 40.679317 ], [ -73.981324, 40.679952 ], [ -73.979605, 40.682489 ], [ -73.983953, 40.684182 ] ] ] } },
{ "type": "Feature", "properties": { "GEOID": "36047013700", "gi_z": -1.01, "borough": "Brooklyn", "pop": 3101.0, "incidents": 97, "lisa": "Not significant" }, "geometry": { "type": "Polygon", "coordinates": [ [ [ -73.987715, 40.671557 ], [ -73.988726, 40.670342 ], [ -73.983943, 40.66803 ], [ -73.981927, 40.670448 ], [ -73.986709, 40.672767 ], [ -73.987715, 40.671557 ] ] ] } },
{ "type": "Feature", "properties": { "GEOID": "36047024500", "gi_z": 0.82, "borough": "Brooklyn", "pop": 4383.0, "incidents": 120, "lisa": "Not significant" }, "geometry": { "type": "Polygon", "coordinates": [ [ [ -73.954246, 40.685047 ], [ -73.953954, 40.683581 ], [ -73.953371, 40.680641 ], [ -73.949557, 40.68039 ], [ -73.95059, 40.685467 ], [ -73.954246, 40.685047 ] ] ] } },
{ "type": "Feature", "properties": { "GEOID": "36047025100", "gi_z": 0.26, "borough": "Brooklyn", "pop": 3990.0, "incidents": 163, "lisa": "Not significant" }, "geometry": { "type": "Polygon", "coordinates": [ [ [ -73.951464, 40.689864 ], [ -73.95059, 40.685467 ], [ -73.94731, 40.685846 ], [ -73.947748, 40.688044 ], [ -73.948185, 40.690242 ], [ -73.951464, 40.689864 ] ] ] } },
{ "type": "Feature", "properties": { "GEOID": "36005029700", "gi_z": -0.49, "borough": "Bronx", "pop": 4157.0, "incidents": 172, "lisa": "Not significant" }, "geometry": { "type": "Polygon", "coordinates": [ [ [ -73.914892, 40.884625 ], [ -73.911725, 40.880739 ], [ -73.908418, 40.889122 ], [ -73.909064, 40.889508 ], [ -73.914892, 40.884625 ] ] ] } },
{ "type": "Feature", "properties": { "GEOID": "36005037800", "gi_z": 1.68, "borough": "Bronx", "pop": 3505.0, "incidents": 417, "lisa": "Not significant" }, "geometry": { "type": "Polygon", "coordinates": [ [ [ -73.867053, 40.882255 ], [ -73.869435, 40.878129 ], [ -73.86805, 40.877799 ], [ -73.866271, 40.877327 ], [ -73.864466, 40.880545 ], [ -73.86395, 40.881434 ], [ -73.867053, 40.882255 ] ] ] } },
{ "type": "Feature", "properties": { "GEOID": "36005037100", "gi_z": 2.28, "borough": "Bronx", "pop": 4218.0, "incidents": 352, "lisa": "High-High" }, "geometry": { "type": "Polygon", "coordinates": [ [ [ -73.886436, 40.850309 ], [ -73.891125, 40.84541 ], [ -73.889017, 40.84437 ], [ -73.883778, 40.848682 ], [ -73.886436, 40.850309 ] ] ] } },
{ "type": "Feature", "properties": { "GEOID": "36005005600", "gi_z": 2.18, "borough": "Bronx", "pop": 2501.0, "incidents": 186, "lisa": "High-High" }, "geometry": { "type": "Polygon", "coordinates": [ [ [ -73.882354, 40.831505 ], [ -73.876067, 40.831638 ], [ -73.879252, 40.834424 ], [ -73.879983, 40.83468 ], [ -73.882354, 40.831505 ] ] ] } },
{ "type": "Feature", "properties": { "GEOID": "36005002702", "gi_z": 3.14, "borough": "Bronx", "pop": 4798.0, "incidents": 211, "lisa": "High-High" }, "geometry": { "type": "Polygon", "coordinates": [ [ [ -73.916184, 40.80879 ], [ -73.917479, 40.806823 ], [ -73.913478, 40.804263 ], [ -73.909127, 40.806166 ], [ -73.916184, 40.80879 ] ] ] } },
{ "type": "Feature", "properties": { "GEOID": "36005038500", "gi_z": 4.67, "borough": "Bronx", "pop": 5218.0, "incidents": 460, "lisa": "High-High" }, "geometry": { "type": "Polygon", "coordinates": [ [ [ -73.890887, 40.861345 ], [ -73.895609, 40.854571 ], [ -73.893071, 40.85325 ], [ -73.890389, 40.854689 ], [ -73.890438, 40.861119 ], [ -73.890887, 40.861345 ] ] ] } },
{ "type": "Feature", "properties": { "GEOID": "36005024100", "gi_z": 3.81, "borough": "Bronx", "pop": 6078.0, "incidents": 536, "lisa": "High-High" }, "geometry": { "type": "Polygon", "coordinates": [ [ [ -73.907333, 40.853816 ], [ -73.909215, 40.851801 ], [ -73.906993, 40.850371 ], [ -73.902988, 40.854773 ], [ -73.903951, 40.854974 ], [ -73.90557, 40.855787 ], [ -73.907333, 40.853816 ] ] ] } },
{ "type": "Feature", "properties": { "GEOID": "36005023301", "gi_z": 2.47, "borough": "Bronx", "pop": 3841.0, "incidents": 316, "lisa": "High-High" }, "geometry": { "type": "Polygon", "coordinates": [ [ [ -73.909215, 40.851801 ], [ -73.91168, 40.848639 ], [ -73.907487, 40.847804 ], [ -73.906059, 40.849321 ], [ -73.905999, 40.849392 ], [ -73.906993, 40.850371 ], [ -73.909215, 40.851801 ] ] ] } },
{ "type": "Feature", "properties": { "GEOID": "36005041100", "gi_z": 2.5, "borough": "Bronx", "pop": 3418.0, "incidents": 200, "lisa": "High-High" }, "geometry": { "type": "Polygon", "coordinates": [ [ [ -73.885656, 40.87889 ], [ -73.889372, 40.873382 ], [ -73.887851, 40.872121 ], [ -73.884782, 40.878419 ], [ -73.885265, 40.879228 ], [ -73.885656, 40.87889 ] ] ] } },
{ "type": "Feature", "properties": { "GEOID": "36005023900", "gi_z": 4.97, "borough": "Bronx", "pop": 8591.0, "incidents": 600, "lisa": "High-High" }, "geometry": { "type": "Polygon", "coordinates": [ [ [ -73.904868, 40.858693 ], [ -73.90557, 40.855787 ], [ -73.903951, 40.854974 ], [ -73.901913, 40.858094 ], [ -73.899618, 40.862159 ], [ -73.90108, 40.862756 ], [ -73.904868, 40.858693 ] ] ] } },
{ "type": "Feature", "properties": { "GEOID": "36005044901", "gi_z": -0.72, "borough": "Bronx", "pop": 2045.0, "incidents": 75, "lisa": "Not significant" }, "geometry": { "type": "Polygon", "coordinates": [ [ [ -73.871364, 40.900039 ], [ -73.87482, 40.898445 ], [ -73.87712, 40.895469 ], [ -73.870487, 40.89664 ], [ -73.871364, 40.900039 ] ] ] } },
{ "type": "Feature", "properties": { "GEOID": "36005019700", "gi_z": 3.45, "borough": "Bronx", "pop": 7628.0, "incidents": 573, "lisa": "High-High" }, "geometry": { "type": "Polygon", "coordinates": [ [ [ -73.922372, 40.836109 ], [ -73.922217, 40.834163 ], [ -73.919029, 40.83309 ], [ -73.917706, 40.83451 ], [ -73.916467, 40.835778 ], [ -73.918412, 40.83644 ], [ -73.920125, 40.837588 ], [ -73.922372, 40.836109 ] ] ] } },
{ "type": "Feature", "properties": { "GEOID": "36005027900", "gi_z": 1.74, "borough": "Bronx", "pop": 8359.0, "incidents": 295, "lisa": "Not significant" }, "geometry": { "type": "Polygon", "coordinates": [ [ [ -73.901576, 40.880995 ], [ -73.898065, 40.878501 ], [ -73.896434, 40.881857 ], [ -73.892719, 40.882664 ], [ -73.894529, 40.885504 ], [ -73.896839, 40.885986 ], [ -73.901576, 40.880995 ] ] ] } },
{ "type": "Feature", "properties": { "GEOID": "36005046000", "gi_z": 1.71, "borough": "Bronx", "pop": 2800.0, "incidents": 186, "lisa": "High-High" }, "geometry": { "type": "Polygon", "coordinates": [ [ [ -73.846067, 40.882901 ], [ -73.843241, 40.879109 ], [ -73.838743, 40.881266 ], [ -73.84044, 40.884734 ], [ -73.84118, 40.886408 ], [ -73.846067, 40.882901 ] ] ] } },
{ "type": "Feature", "properties": { "GEOID": "36005007200", "gi_z": 2.82, "borough": "Bronx", "pop": 4845.0, "incidents": 376, "lisa": "High-High" }, "geometry": { "type": "Polygon", "coordinates": [ [ [ -73.863657, 40.832652 ], [ -73.862642, 40.82817 ], [ -73.860674, 40.828419 ], [ -73.85699, 40.830385 ], [ -73.855977, 40.831831 ], [ -73.860344, 40.833294 ], [ -73.860851, 40.833614 ], [ -73.862721, 40.833021 ], [ -73.863657, 40.832652 ] ] ] } },
{ "type": "Feature", "properties": { "GEOID": "36005007000", "gi_z": 1.83, "borough": "Bronx", "pop": 4408.0, "incidents": 222, "lisa": "High-High" }, "geometry": { "type": "Polygon", "coordinates": [ [ [ -73.86815, 40.83136 ], [ -73.868223, 40.827426 ], [ -73.862642, 40.82817 ], [ -73.863657, 40.832652 ], [ -73.86815, 40.83136 ] ] ] } },
{ "type": "Feature", "properties": { "GEOID": "36005014900", "gi_z": 1.84, "borough": "Bronx", "pop": 4714.0, "incidents": 278, "lisa": "Not significant" }, "geometry": { "type": "Polygon", "coordinates": [ [ [ -73.904506, 40.830625 ], [ -73.902275, 40.829637 ], [ -73.898453, 40.834721 ], [ -73.901212, 40.835498 ], [ -73.901856, 40.834622 ], [ -73.903435, 40.832216 ], [ -73.904506, 40.830625 ] ] ] } },
{ "type": "Feature", "properties": { "GEOID": "36047026400", "gi_z": -1.31, "borough": "Brooklyn", "pop": 4554.0, "incidents": 180, "lisa": "High-Low" }, "geometry": { "type": "Polygon", "coordinates": [ [ [ -74.000911, 40.612388 ], [ -73.997171, 40.612215 ], [ -73.99537, 40.613996 ], [ -73.993651, 40.615694 ], [ -73.996002, 40.617112 ], [ -73.999488, 40.617405 ], [ -74.000192, 40.614951 ], [ -74.000911, 40.612388 ] ] ] } },
{ "type": "Feature", "properties": { "GEOID": "36047029500", "gi_z": -0.56, "borough": "Brooklyn", "pop": 4043.0, "incidents": 93, "lisa": "Not significant" }, "geometry": { "type": "Polygon", "coordinates": [ [ [ -73.93559, 40.685695 ], [ -73.935008, 40.682764 ], [ -73.929161, 40.683437 ], [ -73.929591, 40.685635 ], [ -73.92975, 40.686366 ], [ -73.93559, 40.685695 ] ] ] } },
{ "type": "Feature", "properties": { "GEOID": "36047029800", "gi_z": -1.15, "borough": "Brooklyn", "pop": 3877.0, "incidents": 126, "lisa": "Not significant" }, "geometry": { "type": "Polygon", "coordinates": [ [ [ -73.988643, 40.603421 ], [ -73.991599, 40.600581 ], [ -73.985266, 40.596744 ], [ -73.985491, 40.59793 ], [ -73.986847, 40.605097 ], [ -73.988643, 40.603421 ] ] ] } },
{ "type": "Feature", "properties": { "GEOID": "36047030800", "gi_z": 0.42, "borough": "Brooklyn", "pop": 1792.0, "incidents": 136, "lisa": "Not significant" }, "geometry": { "type": "Polygon", "coordinates": [ [ [ -73.984505, 40.58789 ], [ -73.987084, 40.584619 ], [ -73.974638, 40.583114 ], [ -73.974217, 40.590111 ], [ -73.978764, 40.592825 ], [ -73.97848, 40.589654 ], [ -73.983803, 40.589042 ], [ -73.984505, 40.58789 ] ] ] } },
{ "type": "Feature", "properties": { "GEOID": "36047031300", "gi_z": 0.41, "borough": "Brooklyn", "pop": 4415.0, "incidents": 217, "lisa": "Not significant" }, "geometry": { "type": "Polygon", "coordinates": [ [ [ -73.946911, 40.678392 ], [ -73.94723, 40.675053 ], [ -73.941694, 40.674748 ], [ -73.941369, 40.678093 ], [ -73.944141, 40.678237 ], [ -73.946911, 40.678392 ] ] ] } },
{ "type": "Feature", "properties": { "GEOID": "36047032800", "gi_z": 0.09, "borough": "Brooklyn", "pop": 2921.0, "incidents": 178, "lisa": "Not significant" }, "geometry": { "type": "Polygon", "coordinates": [ [ [ -74.003223, 40.576887 ], [ -74.002796, 40.574637 ], [ -73.992195, 40.575808 ], [ -73.992638, 40.578118 ], [ -74.003223, 40.576887 ] ] ] } },
{ "type": "Feature", "properties": { "GEOID": "36047027400", "gi_z": -1.17, "borough": "Brooklyn", "pop": 2943.0, "incidents": 63, "lisa": "Not significant" }, "geometry": { "type": "Polygon", "coordinates": [ [ [ -73.997171, 40.612215 ], [ -73.996922, 40.609335 ], [ -73.992394, 40.610241 ], [ -73.993343, 40.612772 ], [ -73.99537, 40.613996 ], [ -73.997171, 40.612215 ] ] ] } },
{ "type": "Feature", "properties": { "GEOID": "36047027600", "gi_z": -1.2, "borough": "Brooklyn", "pop": 3680.0, "incidents": 106, "lisa": "Not significant" }, "geometry": { "type": "Polygon", "coordinates": [ [ [ -74.000911, 40.612388 ], [ -74.002665, 40.60957 ], [ -74.000935, 40.608637 ], [ -73.997503, 40.608775 ], [ -73.996922, 40.609335 ], [ -73.997171, 40.612215 ], [ -74.000911, 40.612388 ] ] ] } },
{ "type": "Feature", "properties": { "GEOID": "36047027800", "gi_z": -1.1, "borough": "Brooklyn", "pop": 3134.0, "incidents": 89, "lisa": "Not significant" }, "geometry": { "type": "Polygon", "coordinates": [ [ [ -74.000935, 40.608637 ], [ -74.004934, 40.605075 ], [ -74.00263, 40.603847 ], [ -73.997503, 40.608775 ], [ -74.000935, 40.608637 ] ] ] } },
{ "type": "Feature", "properties": { "GEOID": "36047028000", "gi_z": -1.03, "borough": "Brooklyn", "pop": 1708.0, "incidents": 49, "lisa": "Not significant" }, "geometry": { "type": "Polygon", "coordinates": [ [ [ -74.009089558718998, 40.59971489305142 ], [ -74.007563777781797, 40.598822486676312 ], [ -74.00263, 40.603847 ], [ -74.004934, 40.605075 ], [ -74.006172, 40.603887 ], [ -74.009089558718998, 40.59971489305142 ] ] ] } },
{ "type": "Feature", "properties": { "GEOID": "36047028501", "gi_z": -0.22, "borough": "Brooklyn", "pop": 589.0, "incidents": 134, "lisa": "Not significant" }, "geometry": { "type": "Polygon", "coordinates": [ [ [ -73.944388, 40.700425 ], [ -73.943949, 40.698222 ], [ -73.938568, 40.698848 ], [ -73.941931, 40.700725 ], [ -73.944388, 40.700425 ] ] ] } },
{ "type": "Feature", "properties": { "GEOID": "36047035900", "gi_z": 1.3, "borough": "Brooklyn", "pop": 6794.0, "incidents": 242, "lisa": "Not significant" }, "geometry": { "type": "Polygon", "coordinates": [ [ [ -73.925598, 40.668496 ], [ -73.924389, 40.666385 ], [ -73.922753, 40.667098 ], [ -73.922384, 40.671009 ], [ -73.922132, 40.673684 ], [ -73.925082, 40.673844 ], [ -73.925328, 40.671169 ], [ -73.925598, 40.668496 ] ] ] } },
{ "type": "Feature", "properties": { "GEOID": "36047036100", "gi_z": 0.42, "borough": "Brooklyn", "pop": 3358.0, "incidents": 160, "lisa": "Not significant" }, "geometry": { "type": "Polygon", "coordinates": [ [ [ -73.922384, 40.671009 ], [ -73.922753, 40.667098 ], [ -73.917482, 40.669393 ], [ -73.914873, 40.670533 ], [ -73.922384, 40.671009 ] ] ] } },
{ "type": "Feature", "properties": { "GEOID": "36047037900", "gi_z": 0.18, "borough": "Brooklyn", "pop": 4012.0, "incidents": 190, "lisa": "Not significant" }, "geometry": { "type": "Polygon", "coordinates": [ [ [ -73.922545, 40.681936 ], [ -73.921646, 40.67887 ], [ -73.916301, 40.678577 ], [ -73.916977, 40.681834 ], [ -73.917122, 40.682568 ], [ -73.922545, 40.681936 ] ] ] } },
{ "type": "Feature", "properties": { "GEOID": "36047038700", "gi_z": 0.37, "borough": "Brooklyn", "pop": 5312.0, "incidents": 311, "lisa": "Not significant" }, "geometry": { "type": "Polygon", "coordinates": [ [ [ -73.930907, 40.692228 ], [ -73.930325, 40.689298 ], [ -73.93018, 40.688565 ], [ -73.923979, 40.689275 ], [ -73.924392, 40.690831 ], [ -73.927507, 40.692604 ], [ -73.930907, 40.692228 ] ] ] } },
{ "type": "Feature", "properties": { "GEOID": "36047039000", "gi_z": -1.78, "borough": "Brooklyn", "pop": 2681.0, "incidents": 41, "lisa": "Low-Low" }, "geometry": { "type": "Polygon", "coordinates": [ [ [ -73.967376, 40.595461 ], [ -73.966519, 40.590953 ], [ -73.965129, 40.591108 ], [ -73.96068, 40.591598 ], [ -73.960845, 40.593743 ], [ -73.965076, 40.595716 ], [ -73.967376, 40.595461 ] ] ] } },
{ "type": "Feature", "properties": { "GEOID": "36047039600", "gi_z": -1.81, "borough": "Brooklyn", "pop": 1708.0, "incidents": 31, "lisa": "Low-Low" }, "geometry": { "type": "Polygon", "coordinates": [ [ [ -73.971911, 40.599423 ], [ -73.971484, 40.597172 ], [ -73.971765, 40.595112 ], [ -73.967376, 40.595461 ], [ -73.968201, 40.599835 ], [ -73.96913, 40.599733 ], [ -73.971911, 40.599423 ] ] ] } },
{ "type": "Feature", "properties": { "GEOID": "36005002800", "gi_z": 2.62, "borough": "Bronx", "pop": 5462.0, "incidents": 387, "lisa": "High-High" }, "geometry": { "type": "Polygon", "coordinates": [ [ [ -73.884411, 40.82297 ], [ -73.880981, 40.818238 ], [ -73.872468, 40.820151 ], [ -73.873554, 40.82441 ], [ -73.875285, 40.824208 ], [ -73.87993, 40.823641 ], [ -73.884411, 40.82297 ] ] ] } },
{ "type": "Feature", "properties": { "GEOID": "36005015500", "gi_z": 3.4, "borough": "Bronx", "pop": 3016.0, "incidents": 390, "lisa": "High-High" }, "geometry": { "type": "Polygon", "coordinates": [ [ [ -73.891481, 40.836687 ], [ -73.891737, 40.832664 ], [ -73.890714, 40.832409 ], [ -73.888742, 40.835707 ], [ -73.887289, 40.838135 ], [ -73.891481, 40.836687 ] ] ] } },
{ "type": "Feature", "properties": { "GEOID": "36005015300", "gi_z": 2.95, "borough": "Bronx", "pop": 3603.0, "incidents": 340, "lisa": "High-High" }, "geometry": { "type": "Polygon", "coordinates": [ [ [ -73.896966, 40.834343 ], [ -73.896696, 40.830414 ], [ -73.89336, 40.830152 ], [ -73.891737, 40.832664 ], [ -73.891481, 40.836687 ], [ -73.896966, 40.834343 ] ] ] } },
{ "type": "Feature", "properties": { "GEOID": "36005025700", "gi_z": 1.68, "borough": "Bronx", "pop": 1685.0, "incidents": 164, "lisa": "Low-High" }, "geometry": { "type": "Polygon", "coordinates": [ [ [ -73.91929, 40.857475 ], [ -73.915158, 40.858911 ], [ -73.913284, 40.859619 ], [ -73.90904, 40.862679 ], [ -73.91434, 40.862521 ], [ -73.91929, 40.857475 ] ] ] } },
{ "type": "Feature", "properties": { "GEOID": "36047034300", "gi_z": -0.17, "borough": "Brooklyn", "pop": 4548.0, "incidents": 133, "lisa": "Not significant" }, "geometry": { "type": "Polygon", "coordinates": [ [ [ -73.941694, 40.674748 ], [ -73.941945, 40.672078 ], [ -73.936406, 40.671774 ], [ -73.936078, 40.675335 ], [ -73.941694, 40.674748 ] ] ] } },
{ "type": "Feature", "properties": { "GEOID": "36047034700", "gi_z": 0.36, "borough": "Brooklyn", "pop": 3728.0, "incidents": 158, "lisa": "Not significant" }, "geometry": { "type": "Polygon", "coordinates": [ [ [ -73.930615, 40.674147 ], [ -73.930868, 40.671474 ], [ -73.928098, 40.671321 ], [ -73.925328, 40.671169 ], [ -73.925082, 40.673844 ], [ -73.930615, 40.674147 ] ] ] } },
{ "type": "Feature", "properties": { "GEOID": "36047040400", "gi_z": -1.42, "borough": "Brooklyn", "pop": 2604.0, "incidents": 53, "lisa": "Low-Low" }, "geometry": { "type": "Polygon", "coordinates": [ [ [ -73.989132, 40.606456 ], [ -73.986847, 40.605097 ], [ -73.985491, 40.59793 ], [ -73.983567, 40.59814 ], [ -73.984457, 40.602854 ], [ -73.984925, 40.605313 ], [ -73.989132, 40.606456 ] ] ] } },
{ "type": "Feature", "properties": { "GEOID": "36047041300", "gi_z": -0.37, "borough": "Brooklyn", "pop": 3851.0, "incidents": 179, "lisa": "Not significant" }, "geometry": { "type": "Polygon", "coordinates": [ [ [ -73.913946, 40.689409 ], [ -73.913194, 40.68898 ], [ -73.910189, 40.687271 ], [ -73.907292, 40.690219 ], [ -73.908042, 40.690647 ], [ -73.911053, 40.692358 ], [ -73.913946, 40.689409 ] ] ] } },
{ "type": "Feature", "properties": { "GEOID": "36047042100", "gi_z": 1.32, "borough": "Brooklyn", "pop": 4712.0, "incidents": 145, "lisa": "Not significant" }, "geometry": { "type": "Polygon", "coordinates": [ [ [ -73.92725, 40.696142 ], [ -73.926499, 40.695712 ], [ -73.924249, 40.694429 ], [ -73.920824, 40.697918 ], [ -73.923082, 40.6992 ], [ -73.923833, 40.699628 ], [ -73.92725, 40.696142 ] ] ] } },
{ "type": "Feature", "properties": { "GEOID": "36047042400", "gi_z": -1.49, "borough": "Brooklyn", "pop": 3723.0, "incidents": 94, "lisa": "Low-Low" }, "geometry": { "type": "Polygon", "coordinates": [ [ [ -73.978699, 40.608188 ], [ -73.977828, 40.603586 ], [ -73.975971, 40.603804 ], [ -73.97259, 40.606671 ], [ -73.972994, 40.608814 ], [ -73.974031, 40.608702 ], [ -73.978699, 40.608188 ] ] ] } },
{ "type": "Feature", "properties": { "GEOID": "36047045600", "gi_z": -1.96, "borough": "Brooklyn", "pop": 2362.0, "incidents": 42, "lisa": "Low-Low" }, "geometry": { "type": "Polygon", "coordinates": [ [ [ -73.968929, 40.629231 ], [ -73.966645, 40.622163 ], [ -73.96472, 40.622373 ], [ -73.965173, 40.624766 ], [ -73.966074, 40.629545 ], [ -73.968929, 40.629231 ] ] ] } },
{ "type": "Feature", "properties": { "GEOID": "36047047800", "gi_z": -1.32, "borough": "Brooklyn", "pop": 5251.0, "incidents": 103, "lisa": "Not significant" }, "geometry": { "type": "Polygon", "coordinates": [ [ [ -73.982015, 40.634395 ], [ -73.982598, 40.633837 ], [ -73.977165, 40.630747 ], [ -73.976049, 40.631276 ], [ -73.976888, 40.635675 ], [ -73.979386, 40.636932 ], [ -73.980266, 40.636076 ], [ -73.982015, 40.634395 ] ] ] } },
{ "type": "Feature", "properties": { "GEOID": "36047048200", "gi_z": -1.1, "borough": "Brooklyn", "pop": 5580.0, "incidents": 134, "lisa": "Not significant" }, "geometry": { "type": "Polygon", "coordinates": [ [ [ -73.972419, 40.632992 ], [ -73.971806, 40.629874 ], [ -73.971568, 40.629988 ], [ -73.966777, 40.632295 ], [ -73.968039, 40.636651 ], [ -73.970291, 40.636407 ], [ -73.972419, 40.632992 ] ] ] } },
{ "type": "Feature", "properties": { "GEOID": "36047049500", "gi_z": -0.3, "borough": "Brooklyn", "pop": 3284.0, "incidents": 166, "lisa": "Not significant" }, "geometry": { "type": "Polygon", "coordinates": [ [ [ -73.945949, 40.713638 ], [ -73.945475, 40.71074 ], [ -73.943788, 40.710901 ], [ -73.940423, 40.711218 ], [ -73.940688, 40.711962 ], [ -73.941713, 40.714007 ], [ -73.945949, 40.713638 ] ] ] } },
{ "type": "Feature", "properties": { "GEOID": "36047042600", "gi_z": -1.44, "borough": "Brooklyn", "pop": 4528.0, "incidents": 121, "lisa": "Low-Low" }, "geometry": { "type": "Polygon", "coordinates": [ [ [ -73.982548, 40.607764 ], [ -73.981679, 40.60316 ], [ -73.977828, 40.603586 ], [ -73.978699, 40.608188 ], [ -73.981624, 40.607866 ], [ -73.982548, 40.607764 ] ] ] } },
{ "type": "Feature", "properties": { "GEOID": "36047043800", "gi_z": -1.66, "borough": "Brooklyn", "pop": 2530.0, "incidents": 106, "lisa": "Low-Low" }, "geometry": { "type": "Polygon", "coordinates": [ [ [ -73.974515, 40.611257 ], [ -73.974391, 40.61058 ], [ -73.974031, 40.608702 ], [ -73.972994, 40.608814 ], [ -73.967668, 40.609404 ], [ -73.968153, 40.61196 ], [ -73.974515, 40.611257 ] ] ] } },
{ "type": "Feature", "properties": { "GEOID": "36047044100", "gi_z": 2.4, "borough": "Brooklyn", "pop": 4638.0, "incidents": 332, "lisa": "High-High" }, "geometry": { "type": "Polygon", "coordinates": [ [ [ -73.917068, 40.700548 ], [ -73.916316, 40.700122 ], [ -73.914061, 40.698838 ], [ -73.911422, 40.701487 ], [ -73.911807, 40.703435 ], [ -73.913292, 40.704313 ], [ -73.917068, 40.700548 ] ] ] } },
{ "type": "Feature", "properties": { "GEOID": "36047050900", "gi_z": -0.01, "borough": "Brooklyn", "pop": 5206.0, "incidents": 136, "lisa": "Not significant" }, "geometry": { "type": "Polygon", "coordinates": [ [ [ -73.953812, 40.703181 ], [ -73.952551, 40.702051 ], [ -73.951288, 40.700922 ], [ -73.947052, 40.703664 ], [ -73.949836, 40.705229 ], [ -73.950237, 40.705473 ], [ -73.953812, 40.703181 ] ] ] } },
{ "type": "Feature", "properties": { "GEOID": "36047051300", "gi_z": 0.85, "borough": "Brooklyn", "pop": 5970.0, "incidents": 323, "lisa": "Not significant" }, "geometry": { "type": "Polygon", "coordinates": [ [ [ -73.956624, 40.710384 ], [ -73.95083, 40.709143 ], [ -73.948655, 40.709725 ], [ -73.949372, 40.714067 ], [ -73.953485, 40.714069 ], [ -73.955476, 40.712266 ], [ -73.956624, 40.710384 ] ] ] } },
{ "type": "Feature", "properties": { "GEOID": "36047055200", "gi_z": -1.48, "borough": "Brooklyn", "pop": 3359.0, "incidents": 248, "lisa": "High-Low" }, "geometry": { "type": "Polygon", "coordinates": [ [ [ -73.958593, 40.610403 ], [ -73.957724, 40.6058 ], [ -73.953922, 40.606217 ], [ -73.954796, 40.61082 ], [ -73.958593, 40.610403 ] ] ] } },
{ "type": "Feature", "properties": { "GEOID": "36047056400", "gi_z": -2.36, "borough": "Brooklyn", "pop": 2631.0, "incidents": 40, "lisa": "Low-Low" }, "geometry": { "type": "Polygon", "coordinates": [ [ [ -73.946059, 40.607082 ], [ -73.94562, 40.604759 ], [ -73.943766, 40.604961 ], [ -73.939916, 40.605386 ], [ -73.93921, 40.605479 ], [ -73.942312, 40.608269 ], [ -73.943641, 40.609859 ], [ -73.945598, 40.609643 ], [ -73.946059, 40.607082 ] ] ] } },
{ "type": "Feature", "properties": { "GEOID": "36047056500", "gi_z": -0.05, "borough": "Brooklyn", "pop": 3332.0, "incidents": 208, "lisa": "Not significant" }, "geometry": { "type": "Polygon", "coordinates": [ [ [ -73.961843, 40.731625 ], [ -73.961214, 40.729508 ], [ -73.961215, 40.728151 ], [ -73.953658, 40.728823 ], [ -73.954609, 40.732324 ], [ -73.959592, 40.731852 ], [ -73.961843, 40.731625 ] ] ] } },
{ "type": "Feature", "properties": { "GEOID": "36047057800", "gi_z": -1.65, "borough": "Brooklyn", "pop": 2923.0, "incidents": 90, "lisa": "Low-Low" }, "geometry": { "type": "Polygon", "coordinates": [ [ [ -73.953978, 40.601401 ], [ -73.95315, 40.597028 ], [ -73.951006, 40.597262 ], [ -73.949047, 40.597479 ], [ -73.949874, 40.601853 ], [ -73.953037, 40.601506 ], [ -73.953978, 40.601401 ] ] ] } },
{ "type": "Feature", "properties": { "GEOID": "36047058600", "gi_z": -1.24, "borough": "Brooklyn", "pop": 2264.0, "incidents": 74, "lisa": "Not significant" }, "geometry": { "type": "Polygon", "coordinates": [ [ [ -73.956928, 40.596612 ], [ -73.956077, 40.592101 ], [ -73.95326, 40.592413 ], [ -73.95315, 40.597028 ], [ -73.956928, 40.596612 ] ] ] } },
{ "type": "Feature", "properties": { "GEOID": "36047058800", "gi_z": -1.21, "borough": "Brooklyn", "pop": 3539.0, "incidents": 49, "lisa": "Not significant" }, "geometry": { "type": "Polygon", "coordinates": [ [ [ -73.96068, 40.591598 ], [ -73.96035, 40.587307 ], [ -73.956193, 40.587762 ], [ -73.957003, 40.592002 ], [ -73.96068, 40.591598 ] ] ] } },
{ "type": "Feature", "properties": { "GEOID": "36047059200", "gi_z": -1.39, "borough": "Brooklyn", "pop": 3747.0, "incidents": 78, "lisa": "Not significant" }, "geometry": { "type": "Polygon", "coordinates": [ [ [ -73.95326, 40.592413 ], [ -73.952454, 40.588173 ], [ -73.949345, 40.588514 ], [ -73.950152, 40.592754 ], [ -73.951006, 40.597262 ], [ -73.95315, 40.597028 ], [ -73.95326, 40.592413 ] ] ] } },
{ "type": "Feature", "properties": { "GEOID": "36047059800", "gi_z": -0.69, "borough": "Brooklyn", "pop": 3212.0, "incidents": 74, "lisa": "Not significant" }, "geometry": { "type": "Polygon", "coordinates": [ [ [ -73.939796, 40.589565 ], [ -73.939139, 40.585983 ], [ -73.931369, 40.586071 ], [ -73.931784, 40.588141 ], [ -73.936985, 40.589871 ], [ -73.939796, 40.589565 ] ] ] } },
{ "type": "Feature", "properties": { "GEOID": "36047060000", "gi_z": -0.94, "borough": "Brooklyn", "pop": 6451.0, "incidents": 163, "lisa": "Not significant" }, "geometry": { "type": "Polygon", "coordinates": [ [ [ -73.952454, 40.588173 ], [ -73.951238, 40.584925 ], [ -73.939139, 40.585983 ], [ -73.939796, 40.589565 ], [ -73.943609, 40.589147 ], [ -73.949345, 40.588514 ], [ -73.952454, 40.588173 ] ] ] } },
{ "type": "Feature", "properties": { "GEOID": "36047052900", "gi_z": -0.25, "borough": "Brooklyn", "pop": 3723.0, "incidents": 243, "lisa": "Not significant" }, "geometry": { "type": "Polygon", "coordinates": [ [ [ -73.957904, 40.708427 ], [ -73.958456, 40.707252 ], [ -73.953812, 40.703181 ], [ -73.950237, 40.705473 ], [ -73.957904, 40.708427 ] ] ] } },
{ "type": "Feature", "properties": { "GEOID": "36047054800", "gi_z": -2.15, "borough": "Brooklyn", "pop": 2304.0, "incidents": 66, "lisa": "Low-Low" }, "geometry": { "type": "Polygon", "coordinates": [ [ [ -73.950706, 40.61125 ], [ -73.949837, 40.606667 ], [ -73.946059, 40.607082 ], [ -73.945598, 40.609643 ], [ -73.949306, 40.614031 ], [ -73.950265, 40.613924 ], [ -73.950706, 40.61125 ] ] ] } },
{ "type": "Feature", "properties": { "GEOID": "36047062200", "gi_z": -0.9, "borough": "Brooklyn", "pop": 2822.0, "incidents": 94, "lisa": "Not significant" }, "geometry": { "type": "Polygon", "coordinates": [ [ [ -73.939139, 40.585983 ], [ -73.940947, 40.581913 ], [ -73.940439, 40.581879 ], [ -73.9330370027116, 40.5820036303558 ], [ -73.931369, 40.586071 ], [ -73.939139, 40.585983 ] ] ] } },
{ "type": "Feature", "properties": { "GEOID": "36047063600", "gi_z": -1.89, "borough": "Brooklyn", "pop": 1093.0, "incidents": 17, "lisa": "Low-Low" }, "geometry": { "type": "Polygon", "coordinates": [ [ [ -73.939347, 40.610187 ], [ -73.937537, 40.608557 ], [ -73.933513, 40.608343 ], [ -73.934622, 40.610442 ], [ -73.936438, 40.612069 ], [ -73.939347, 40.610187 ] ] ] } },
{ "type": "Feature", "properties": { "GEOID": "36047064800", "gi_z": -2.05, "borough": "Brooklyn", "pop": 1828.0, "incidents": 30, "lisa": "Low-Low" }, "geometry": { "type": "Polygon", "coordinates": [ [ [ -73.939716, 40.618406 ], [ -73.936057, 40.615123 ], [ -73.935348, 40.615584 ], [ -73.933917, 40.616508 ], [ -73.933205, 40.61697 ], [ -73.936867, 40.620253 ], [ -73.939716, 40.618406 ] ] ] } },
{ "type": "Feature", "properties": { "GEOID": "36047068000", "gi_z": -1.9, "borough": "Brooklyn", "pop": 1759.0, "incidents": 41, "lisa": "Low-Low" }, "geometry": { "type": "Polygon", "coordinates": [ [ [ -73.927369, 40.623562 ], [ -73.926879, 40.61895 ], [ -73.923008, 40.619193 ], [ -73.923262, 40.6216 ], [ -73.923497, 40.623802 ], [ -73.924469, 40.623743 ], [ -73.927369, 40.623562 ] ] ] } },
{ "type": "Feature", "properties": { "GEOID": "36047077600", "gi_z": -1.42, "borough": "Brooklyn", "pop": 3448.0, "incidents": 65, "lisa": "Not significant" }, "geometry": { "type": "Polygon", "coordinates": [ [ [ -73.945617, 40.631778 ], [ -73.946479, 40.631708 ], [ -73.944155, 40.629508 ], [ -73.943409, 40.62956 ], [ -73.939605, 40.629795 ], [ -73.936767, 40.629973 ], [ -73.937013, 40.632304 ], [ -73.940788, 40.632076 ], [ -73.944629, 40.631838 ], [ -73.945617, 40.631778 ] ] ] } },
{ "type": "Feature", "properties": { "GEOID": "36047078400", "gi_z": -1.53, "borough": "Brooklyn", "pop": 2463.0, "incidents": 89, "lisa": "Low-Low" }, "geometry": { "type": "Polygon", "coordinates": [ [ [ -73.945123, 40.636448 ], [ -73.944629, 40.631838 ], [ -73.940788, 40.632076 ], [ -73.941283, 40.636687 ], [ -73.945123, 40.636448 ] ] ] } },
{ "type": "Feature", "properties": { "GEOID": "36047082400", "gi_z": 0.47, "borough": "Brooklyn", "pop": 5125.0, "incidents": 320, "lisa": "Not significant" }, "geometry": { "type": "Polygon", "coordinates": [ [ [ -73.952469, 40.65067 ], [ -73.95205, 40.646771 ], [ -73.94626, 40.647006 ], [ -73.946674, 40.650948 ], [ -73.949571, 40.650807 ], [ -73.952469, 40.65067 ] ] ] } },
{ "type": "Feature", "properties": { "GEOID": "36047083600", "gi_z": -1.65, "borough": "Brooklyn", "pop": 1984.0, "incidents": 48, "lisa": "Low-Low" }, "geometry": { "type": "Polygon", "coordinates": [ [ [ -73.937762, 40.639259 ], [ -73.937512, 40.636921 ], [ -73.937267, 40.634651 ], [ -73.9325, 40.634947 ], [ -73.932984, 40.639555 ], [ -73.936792, 40.639319 ], [ -73.937762, 40.639259 ] ] ] } },
{ "type": "Feature", "properties": { "GEOID": "36061019701", "gi_z": 0.6, "borough": "Manhattan", "pop": 962.0, "incidents": 174, "lisa": "Not significant" }, "geometry": { "type": "Polygon", "coordinates": [ [ [ -73.962008, 40.805509 ], [ -73.963861, 40.802972 ], [ -73.959647, 40.801156 ], [ -73.958204, 40.803894 ], [ -73.957266, 40.806916 ], [ -73.954966, 40.810064 ], [ -73.957808, 40.811264 ], [ -73.958272, 40.810629 ], [ -73.958407, 40.807419 ], [ -73.962008, 40.805509 ] ] ] } },
{ "type": "Feature", "properties": { "GEOID": "36061028500", "gi_z": 2.03, "borough": "Manhattan", "pop": 7094.0, "incidents": 258, "lisa": "High-High" }, "geometry": { "type": "Polygon", "coordinates": [ [ [ -73.926011, 40.863575 ], [ -73.931313, 40.859328 ], [ -73.924877, 40.861541 ], [ -73.924742, 40.861594 ], [ -73.926011, 40.863575 ] ] ] } },
{ "type": "Feature", "properties": { "GEOID": "36061003601", "gi_z": 5.23, "borough": "Manhattan", "pop": 3050.0, "incidents": 303, "lisa": "High-High" }, "geometry": { "type": "Polygon", "coordinates": [ [ [ -73.992604, 40.724136 ], [ -73.993523, 40.721632 ], [ -73.989857, 40.720533 ], [ -73.988643, 40.722933 ], [ -73.992604, 40.724136 ] ] ] } },
{ "type": "Feature", "properties": { "GEOID": "36061004800", "gi_z": 1.9, "borough": "Manhattan", "pop": 6972.0, "incidents": 210, "lisa": "High-High" }, "geometry": { "type": "Polygon", "coordinates": [ [ [ -73.984934, 40.736376 ], [ -73.98718, 40.733292 ], [ -73.984941, 40.732347 ], [ -73.982564, 40.731361 ], [ -73.980275, 40.73441 ], [ -73.984934, 40.736376 ] ] ] } },
{ "type": "Feature", "properties": { "GEOID": "36061008100", "gi_z": 3.73, "borough": "Manhattan", "pop": 6191.0, "incidents": 523, "lisa": "High-High" }, "geometry": { "type": "Polygon", "coordinates": [ [ [ -74.000703, 40.742254 ], [ -74.002523, 40.739753 ], [ -73.999684, 40.738552 ], [ -73.99684, 40.737361 ], [ -73.995018, 40.73986 ], [ -74.000703, 40.742254 ] ] ] } },
{ "type": "Feature", "properties": { "GEOID": "36061006500", "gi_z": 5.15, "borough": "Manhattan", "pop": 5585.0, "incidents": 1139, "lisa": "High-High" }, "geometry": { "type": "Polygon", "coordinates": [ [ [ -74.002808, 40.728365 ], [ -74.002149, 40.728036 ], [ -73.999916, 40.726935 ], [ -73.996572, 40.729552 ], [ -73.996974, 40.731409 ], [ -74.000066, 40.732929 ], [ -74.000954, 40.731706 ], [ -74.002808, 40.728365 ] ] ] } },
{ "type": "Feature", "properties": { "GEOID": "36061007600", "gi_z": 10.08, "borough": "Manhattan", "pop": 2362.0, "incidents": 1084, "lisa": "High-High" }, "geometry": { "type": "Polygon", "coordinates": [ [ [ -73.989617, 40.747277 ], [ -73.990518, 40.746038 ], [ -73.987298, 40.744682 ], [ -73.984076, 40.749102 ], [ -73.987294, 40.750451 ], [ -73.98778, 40.749772 ], [ -73.989617, 40.747277 ] ] ] } },
{ "type": "Feature", "properties": { "GEOID": "36061007200", "gi_z": 2.74, "borough": "Manhattan", "pop": 7113.0, "incidents": 544, "lisa": "High-High" }, "geometry": { "type": "Polygon", "coordinates": [ [ [ -73.980853, 40.747751 ], [ -73.984078, 40.743326 ], [ -73.980859, 40.74197 ], [ -73.98041, 40.742587 ], [ -73.978121, 40.745726 ], [ -73.977636, 40.746392 ], [ -73.980853, 40.747751 ] ] ] } },
{ "type": "Feature", "properties": { "GEOID": "36061001600", "gi_z": 5.16, "borough": "Manhattan", "pop": 7221.0, "incidents": 802, "lisa": "High-High" }, "geometry": { "type": "Polygon", "coordinates": [ [ [ -73.996059, 40.716232 ], [ -73.997504, 40.714069 ], [ -73.992562, 40.714388 ], [ -73.99022, 40.714405 ], [ -73.989155, 40.716708 ], [ -73.994808, 40.718457 ], [ -73.996059, 40.716232 ] ] ] } },
{ "type": "Feature", "properties": { "GEOID": "36061003800", "gi_z": 2.76, "borough": "Manhattan", "pop": 7282.0, "incidents": 552, "lisa": "High-High" }, "geometry": { "type": "Polygon", "coordinates": [ [ [ -73.991548, 40.727089 ], [ -73.991794, 40.726391 ], [ -73.987502, 40.724584 ], [ -73.984875, 40.728194 ], [ -73.987239, 40.729192 ], [ -73.989482, 40.730133 ], [ -73.991285, 40.727762 ], [ -73.991548, 40.727089 ] ] ] } },
{ "type": "Feature", "properties": { "GEOID": "36061020000", "gi_z": 2.74, "borough": "Manhattan", "pop": 2763.0, "incidents": 510, "lisa": "High-High" }, "geometry": { "type": "Polygon", "coordinates": [ [ [ -73.9469, 40.805839 ], [ -73.948273, 40.803957 ], [ -73.945052, 40.802599 ], [ -73.941771, 40.807089 ], [ -73.944994, 40.808446 ], [ -73.9469, 40.805839 ] ] ] } },
{ "type": "Feature", "properties": { "GEOID": "36061022600", "gi_z": 2.48, "borough": "Manhattan", "pop": 5673.0, "incidents": 361, "lisa": "High-High" }, "geometry": { "type": "Polygon", "coordinates": [ [ [ -73.947034, 40.81583 ], [ -73.948419, 40.813938 ], [ -73.943172, 40.810942 ], [ -73.942249, 40.812201 ], [ -73.941347, 40.813438 ], [ -73.947034, 40.81583 ] ] ] } },
{ "type": "Feature", "properties": { "GEOID": "36061014700", "gi_z": 0.49, "borough": "Manhattan", "pop": 2840.0, "incidents": 98, "lisa": "Not significant" }, "geometry": { "type": "Polygon", "coordinates": [ [ [ -73.98954, 40.772866 ], [ -73.990913, 40.770988 ], [ -73.988063, 40.769791 ], [ -73.986695, 40.771668 ], [ -73.98954, 40.772866 ] ] ] } },
{ "type": "Feature", "properties": { "GEOID": "36061023300", "gi_z": 2.73, "borough": "Manhattan", "pop": 7367.0, "incidents": 356, "lisa": "High-High" }, "geometry": { "type": "Polygon", "coordinates": [ [ [ -73.959971121733801, 40.834407246142398 ], [ -73.961479276070904, 40.830881081370393 ], [ -73.947117, 40.825904 ], [ -73.945292, 40.828401 ], [ -73.959971121733801, 40.834407246142398 ] ] ] } },
{ "type": "Feature", "properties": { "GEOID": "36061029700", "gi_z": 0.91, "borough": "Manhattan", "pop": 13.0, "incidents": 118, "lisa": "Not significant" }, "geometry": { "type": "Polygon", "coordinates": [ [ [ -73.933786895522204, 40.882206616177008 ], [ -73.938354266404104, 40.874749163161106 ], [ -73.928722, 40.866743 ], [ -73.922145, 40.86915 ], [ -73.919458, 40.872249 ], [ -73.914009, 40.87116 ], [ -73.910485, 40.874015 ], [ -73.9152, 40.875581 ], [ -73.92163, 40.878321 ], [ -73.933786895522204, 40.882206616177008 ] ] ] } },
{ "type": "Feature", "properties": { "GEOID": "36061014000", "gi_z": -0.54, "borough": "Manhattan", "pop": 8051.0, "incidents": 152, "lisa": "Not significant" }, "geometry": { "type": "Polygon", "coordinates": [ [ [ -73.958165, 40.778861 ], [ -73.961475, 40.774324 ], [ -73.958255, 40.772965 ], [ -73.957294, 40.774283 ], [ -73.954945, 40.777504 ], [ -73.958165, 40.778861 ] ] ] } },
{ "type": "Feature", "properties": { "GEOID": "36061014802", "gi_z": -0.67, "borough": "Manhattan", "pop": 7150.0, "incidents": 418, "lisa": "Not significant" }, "geometry": { "type": "Polygon", "coordinates": [ [ [ -73.954877, 40.783363 ], [ -73.957202, 40.780179 ], [ -73.953984, 40.778822 ], [ -73.952575, 40.780753 ], [ -73.951659, 40.782008 ], [ -73.954877, 40.783363 ] ] ] } },
{ "type": "Feature", "properties": { "GEOID": "36061014602", "gi_z": -0.45, "borough": "Manhattan", "pop": 8144.0, "incidents": 118, "lisa": "Not significant" }, "geometry": { "type": "Polygon", "coordinates": [ [ [ -73.952575, 40.780753 ], [ -73.953984, 40.778822 ], [ -73.949374, 40.776876 ], [ -73.947968, 40.778807 ], [ -73.952575, 40.780753 ] ] ] } },
{ "type": "Feature", "properties": { "GEOID": "36061013800", "gi_z": -1.16, "borough": "Manhattan", "pop": 11607.0, "incidents": 197, "lisa": "Not significant" }, "geometry": { "type": "Polygon", "coordinates": [ [ [ -73.954945, 40.777504 ], [ -73.957294, 40.774283 ], [ -73.952686, 40.77234 ], [ -73.951261, 40.774292 ], [ -73.950339, 40.775564 ], [ -73.954945, 40.777504 ] ] ] } },
{ "type": "Feature", "properties": { "GEOID": "36061010900", "gi_z": 16.55, "borough": "Manhattan", "pop": 208.0, "incidents": 1927, "lisa": "High-High" }, "geometry": { "type": "Polygon", "coordinates": [ [ [ -73.991633, 40.754707 ], [ -73.993464, 40.75219 ], [ -73.98778, 40.749772 ], [ -73.987294, 40.750451 ], [ -73.985947, 40.752317 ], [ -73.991633, 40.754707 ] ] ] } },
{ "type": "Feature", "properties": { "GEOID": "36061011600", "gi_z": -0.93, "borough": "Manhattan", "pop": 2721.0, "incidents": 134, "lisa": "Not significant" }, "geometry": { "type": "Polygon", "coordinates": [ [ [ -73.957412, 40.765868 ], [ -73.959695, 40.76274 ], [ -73.953843, 40.759355 ], [ -73.952541, 40.76049 ], [ -73.949972, 40.763646 ], [ -73.957412, 40.765868 ] ] ] } },
{ "type": "Feature", "properties": { "GEOID": "36061027100", "gi_z": 3.03, "borough": "Manhattan", "pop": 7742.0, "incidents": 671, "lisa": "High-High" }, "geometry": { "type": "Polygon", "coordinates": [ [ [ -73.936661, 40.850448 ], [ -73.936397, 40.849541 ], [ -73.934239, 40.848626 ], [ -73.930996, 40.853062 ], [ -73.934627, 40.854501 ], [ -73.936038, 40.854915 ], [ -73.936661, 40.850448 ] ] ] } },
{ "type": "Feature", "properties": { "GEOID": "36061026900", "gi_z": 2.88, "borough": "Manhattan", "pop": 7601.0, "incidents": 370, "lisa": "High-High" }, "geometry": { "type": "Polygon", "coordinates": [ [ [ -73.930996, 40.853062 ], [ -73.934239, 40.848626 ], [ -73.931393, 40.847428 ], [ -73.930621, 40.848481 ], [ -73.927695, 40.852488 ], [ -73.930539, 40.853685 ], [ -73.930996, 40.853062 ] ] ] } },
{ "type": "Feature", "properties": { "GEOID": "36061016600", "gi_z": 1.83, "borough": "Manhattan", "pop": 6888.0, "incidents": 512, "lisa": "Not significant" }, "geometry": { "type": "Polygon", "coordinates": [ [ [ -73.948386, 40.792256 ], [ -73.951609, 40.787858 ], [ -73.948378, 40.786497 ], [ -73.947924, 40.787121 ], [ -73.945636, 40.790254 ], [ -73.945168, 40.790894 ], [ -73.948386, 40.792256 ] ] ] } },
{ "type": "Feature", "properties": { "GEOID": "36061024700", "gi_z": 2.63, "borough": "Manhattan", "pop": 6102.0, "incidents": 186, "lisa": "High-High" }, "geometry": { "type": "Polygon", "coordinates": [ [ [ -73.955660940789798, 40.844484734786199 ], [ -73.957715721336299, 40.839680521716808 ], [ -73.944426, 40.834681 ], [ -73.943066, 40.840193 ], [ -73.955660940789798, 40.844484734786199 ] ] ] } },
{ "type": "Feature", "properties": { "GEOID": "36061018900", "gi_z": 1.49, "borough": "Manhattan", "pop": 10267.0, "incidents": 410, "lisa": "Not significant" }, "geometry": { "type": "Polygon", "coordinates": [ [ [ -73.967575, 40.79787 ], [ -73.968476, 40.796643 ], [ -73.962834, 40.794203 ], [ -73.960037, 40.798038 ], [ -73.965711, 40.800437 ], [ -73.967575, 40.79787 ] ] ] } },
{ "type": "Feature", "properties": { "GEOID": "36061021000", "gi_z": 5.46, "borough": "Manhattan", "pop": 6552.0, "incidents": 217, "lisa": "High-High" }, "geometry": { "type": "Polygon", "coordinates": [ [ [ -73.935756, 40.815326 ], [ -73.939018, 40.810856 ], [ -73.935819, 40.809503 ], [ -73.932605, 40.811517 ], [ -73.932401, 40.814151 ], [ -73.932327, 40.819503 ], [ -73.934475, 40.819697 ], [ -73.935756, 40.815326 ] ] ] } },
{ "type": "Feature", "properties": { "GEOID": "36061004300", "gi_z": 4.69, "borough": "Manhattan", "pop": 3524.0, "incidents": 382, "lisa": "High-High" }, "geometry": { "type": "Polygon", "coordinates": [ [ [ -73.998812, 40.723021 ], [ -73.997123, 40.722301 ], [ -73.993795, 40.720937 ], [ -73.993523, 40.721632 ], [ -73.992604, 40.724136 ], [ -73.996772, 40.725432 ], [ -73.998812, 40.723021 ] ] ] } },
{ "type": "Feature", "properties": { "GEOID": "36061023700", "gi_z": 1.73, "borough": "Manhattan", "pop": 6677.0, "incidents": 313, "lisa": "Not significant" }, "geometry": { "type": "Polygon", "coordinates": [ [ [ -73.9586862157485, 40.837411441475176 ], [ -73.959971121733801, 40.834407246142398 ], [ -73.945292, 40.828401 ], [ -73.94298, 40.831568 ], [ -73.9586862157485, 40.837411441475176 ] ] ] } },
{ "type": "Feature", "properties": { "GEOID": "36061003400", "gi_z": 2.82, "borough": "Manhattan", "pop": 6990.0, "incidents": 461, "lisa": "High-High" }, "geometry": { "type": "Polygon", "coordinates": [ [ [ -73.982564, 40.731361 ], [ -73.984875, 40.728194 ], [ -73.979906, 40.726866 ], [ -73.978001, 40.729429 ], [ -73.982564, 40.731361 ] ] ] } },
{ "type": "Feature", "properties": { "GEOID": "36061030300", "gi_z": 1.55, "borough": "Manhattan", "pop": 3309.0, "incidents": 231, "lisa": "Not significant" }, "geometry": { "type": "Polygon", "coordinates": [ [ [ -73.919458, 40.872249 ], [ -73.922145, 40.86915 ], [ -73.921214, 40.867693 ], [ -73.917044, 40.867026 ], [ -73.915183, 40.869551 ], [ -73.919458, 40.872249 ] ] ] } },
{ "type": "Feature", "properties": { "GEOID": "36061022302", "gi_z": 1.75, "borough": "Manhattan", "pop": 2870.0, "incidents": 97, "lisa": "Low-High" }, "geometry": { "type": "Polygon", "coordinates": [ [ [ -73.965091811046506, 40.824483504390209 ], [ -73.965985090312202, 40.823353232666207 ], [ -73.955451, 40.819377 ], [ -73.965091811046506, 40.824483504390209 ] ] ] } },
{ "type": "Feature", "properties": { "GEOID": "36061021900", "gi_z": 1.72, "borough": "Manhattan", "pop": 5390.0, "incidents": 533, "lisa": "Not significant" }, "geometry": { "type": "Polygon", "coordinates": [ [ [ -73.965985090312202, 40.823353232666207 ], [ -73.967964031224994, 40.820849266613287 ], [ -73.959493, 40.817007 ], [ -73.956269, 40.813375 ], [ -73.955707, 40.814144 ], [ -73.952721, 40.818236 ], [ -73.955451, 40.819377 ], [ -73.965985090312202, 40.823353232666207 ] ] ] } },
{ "type": "Feature", "properties": { "GEOID": "36061016900", "gi_z": 0.95, "borough": "Manhattan", "pop": 8103.0, "incidents": 222, "lisa": "Not significant" }, "geometry": { "type": "Polygon", "coordinates": [ [ [ -73.975016, 40.787687 ], [ -73.976902, 40.785098 ], [ -73.971223, 40.782706 ], [ -73.969335, 40.785294 ], [ -73.975016, 40.787687 ] ] ] } },
{ "type": "Feature", "properties": { "GEOID": "36061017500", "gi_z": 0.65, "borough": "Manhattan", "pop": 10499.0, "incidents": 252, "lisa": "Not significant" }, "geometry": { "type": "Polygon", "coordinates": [ [ [ -73.986305491752304, 40.795620962805621 ], [ -73.988193543085799, 40.793022640252403 ], [ -73.975016, 40.787687 ], [ -73.973147, 40.790244 ], [ -73.986305491752304, 40.795620962805621 ] ] ] } },
{ "type": "Feature", "properties": { "GEOID": "36061017100", "gi_z": 0.95, "borough": "Manhattan", "pop": 8464.0, "incidents": 223, "lisa": "Not significant" }, "geometry": { "type": "Polygon", "coordinates": [ [ [ -73.988193543085799, 40.793022640252403 ], [ -73.990046673715298, 40.790472375318807 ], [ -73.976902, 40.785098 ], [ -73.975016, 40.787687 ], [ -73.988193543085799, 40.793022640252403 ] ] ] } },
{ "type": "Feature", "properties": { "GEOID": "36061017402", "gi_z": 2.45, "borough": "Manhattan", "pop": 2887.0, "incidents": 84, "lisa": "Low-High" }, "geometry": { "type": "Polygon", "coordinates": [ [ [ -73.948311, 40.798129 ], [ -73.94922, 40.79691 ], [ -73.946042, 40.795467 ], [ -73.945096, 40.796764 ], [ -73.948311, 40.798129 ] ] ] } },
{ "type": "Feature", "properties": { "GEOID": "36061008603", "gi_z": -0.96, "borough": "Manhattan", "pop": 4970.0, "incidents": 61, "lisa": "Not significant" }, "geometry": { "type": "Polygon", "coordinates": [ [ [ -73.966616, 40.753244 ], [ -73.967227, 40.752688 ], [ -73.96156, 40.749458 ], [ -73.958614, 40.753848 ], [ -73.964325, 40.756381 ], [ -73.966616, 40.753244 ] ] ] } },
{ "type": "Feature", "properties": { "GEOID": "36061023100", "gi_z": 2.79, "borough": "Manhattan", "pop": 7132.0, "incidents": 250, "lisa": "High-High" }, "geometry": { "type": "Polygon", "coordinates": [ [ [ -73.947117, 40.825904 ], [ -73.947604, 40.825233 ], [ -73.942924, 40.82326 ], [ -73.940595, 40.826414 ], [ -73.945292, 40.828401 ], [ -73.947117, 40.825904 ] ] ] } },
{ "type": "Feature", "properties": { "GEOID": "36005043400", "gi_z": 1.2, "borough": "Bronx", "pop": 3921.0, "incidents": 386, "lisa": "Not significant" }, "geometry": { "type": "Polygon", "coordinates": [ [ [ -73.856956, 40.894168 ], [ -73.857368, 40.893394 ], [ -73.854492, 40.892479 ], [ -73.853136, 40.894922 ], [ -73.848219, 40.899828 ], [ -73.846936, 40.90152 ], [ -73.850375, 40.903428 ], [ -73.854299, 40.89845 ], [ -73.856956, 40.894168 ] ] ] } },
{ "type": "Feature", "properties": { "GEOID": "36005044400", "gi_z": 0.01, "borough": "Bronx", "pop": 4293.0, "incidents": 158, "lisa": "Not significant" }, "geometry": { "type": "Polygon", "coordinates": [ [ [ -73.848219, 40.899828 ], [ -73.846875, 40.8963 ], [ -73.844165, 40.896896 ], [ -73.839649, 40.897891 ], [ -73.840999, 40.902812 ], [ -73.846936, 40.90152 ], [ -73.848219, 40.899828 ] ] ] } },
{ "type": "Feature", "properties": { "GEOID": "36005045600", "gi_z": 1.35, "borough": "Bronx", "pop": 3552.0, "incidents": 163, "lisa": "Not significant" }, "geometry": { "type": "Polygon", "coordinates": [ [ [ -73.837337, 40.893814 ], [ -73.835549, 40.889133 ], [ -73.829473, 40.889083 ], [ -73.824492, 40.887378 ], [ -73.819814, 40.885574 ], [ -73.813129, 40.886722 ], [ -73.823244, 40.891199 ], [ -73.824047, 40.889866 ], [ -73.837337, 40.893814 ] ] ] } },
{ "type": "Feature", "properties": { "GEOID": "36005005100", "gi_z": 7.96, "borough": "Bronx", "pop": 7261.0, "incidents": 654, "lisa": "High-High" }, "geometry": { "type": "Polygon", "coordinates": [ [ [ -73.932605, 40.811517 ], [ -73.931801, 40.807876 ], [ -73.929219, 40.809564 ], [ -73.927121, 40.810949 ], [ -73.924683, 40.812384 ], [ -73.922088, 40.813731 ], [ -73.920482, 40.814564 ], [ -73.925185, 40.818013 ], [ -73.927313, 40.81856 ], [ -73.932401, 40.814151 ], [ -73.932605, 40.811517 ] ] ] } },
{ "type": "Feature", "properties": { "GEOID": "36005018302", "gi_z": 1.11, "borough": "Bronx", "pop": 3295.0, "incidents": 256, "lisa": "Not significant" }, "geometry": { "type": "Polygon", "coordinates": [ [ [ -73.921152, 40.826398 ], [ -73.918459, 40.825574 ], [ -73.91641, 40.82929 ], [ -73.91811, 40.830005 ], [ -73.918944, 40.830335 ], [ -73.921152, 40.826398 ] ] ] } },
{ "type": "Feature", "properties": { "GEOID": "36005020501", "gi_z": 1.1, "borough": "Bronx", "pop": 8397.0, "incidents": 295, "lisa": "Not significant" }, "geometry": { "type": "Polygon", "coordinates": [ [ [ -73.923904, 40.850488 ], [ -73.928159, 40.845492 ], [ -73.92354, 40.844457 ], [ -73.922818, 40.844262 ], [ -73.922633, 40.844727 ], [ -73.921044, 40.84652 ], [ -73.920542, 40.846894 ], [ -73.919371, 40.849621 ], [ -73.922288, 40.850277 ], [ -73.923904, 40.850488 ] ] ] } },
{ "type": "Feature", "properties": { "GEOID": "36005029302", "gi_z": -0.19, "borough": "Bronx", "pop": 5439.0, "incidents": 179, "lisa": "Not significant" }, "geometry": { "type": "Polygon", "coordinates": [ [ [ -73.919221, 40.880768 ], [ -73.92163, 40.878321 ], [ -73.9152, 40.875581 ], [ -73.91031, 40.879047 ], [ -73.910537, 40.880569 ], [ -73.911725, 40.880739 ], [ -73.914892, 40.884625 ], [ -73.919221, 40.880768 ] ] ] } },
{ "type": "Feature", "properties": { "GEOID": "36005032600", "gi_z": 0.12, "borough": "Bronx", "pop": 3542.0, "incidents": 156, "lisa": "Not significant" }, "geometry": { "type": "Polygon", "coordinates": [ [ [ -73.859613, 40.865512 ], [ -73.856638, 40.858119 ], [ -73.853109, 40.85841 ], [ -73.852891, 40.865388 ], [ -73.855781, 40.86544 ], [ -73.858673, 40.865495 ], [ -73.859613, 40.865512 ] ] ] } },
{ "type": "Feature", "properties": { "GEOID": "36005020000", "gi_z": 0.99, "borough": "Bronx", "pop": 4419.0, "incidents": 371, "lisa": "Not significant" }, "geometry": { "type": "Polygon", "coordinates": [ [ [ -73.850523, 40.84279 ], [ -73.847798, 40.840697 ], [ -73.844581, 40.838536 ], [ -73.842041, 40.840646 ], [ -73.84494, 40.84821 ], [ -73.844929, 40.850144 ], [ -73.847885, 40.845989 ], [ -73.850523, 40.84279 ] ] ] } },
{ "type": "Feature", "properties": { "GEOID": "36005030900", "gi_z": -1.36, "borough": "Bronx", "pop": 3812.0, "incidents": 138, "lisa": "Low-Low" }, "geometry": { "type": "Polygon", "coordinates": [ [ [ -73.919432345260603, 40.914892533199705 ], [ -73.929421422075905, 40.889690133459709 ], [ -73.920956, 40.887288 ], [ -73.918761, 40.88557 ], [ -73.916037, 40.884867 ], [ -73.913465, 40.886799 ], [ -73.911116, 40.894905 ], [ -73.910839, 40.900031 ], [ -73.912603, 40.903578 ], [ -73.906559, 40.911327 ], [ -73.919432345260603, 40.914892533199705 ] ] ] } },
{ "type": "Feature", "properties": { "GEOID": "36005033400", "gi_z": 3.52, "borough": "Bronx", "pop": 32.0, "incidents": 527, "lisa": "High-High" }, "geometry": { "type": "Polygon", "coordinates": [ [ [ -73.883079, 40.866593 ], [ -73.880515, 40.860346 ], [ -73.880764, 40.856992 ], [ -73.883109, 40.848273 ], [ -73.879194, 40.845321 ], [ -73.876856, 40.84223 ], [ -73.874591, 40.841521 ], [ -73.869209, 40.849239 ], [ -73.868609, 40.852088 ], [ -73.868383, 40.857812 ], [ -73.870579, 40.861405 ], [ -73.870419, 40.865363 ], [ -73.870537, 40.869674 ], [ -73.870562, 40.871511 ], [ -73.869435, 40.878129 ], [ -73.870944, 40.878511 ], [ -73.874367, 40.872701 ], [ -73.883079, 40.866593 ] ] ] } },
{ "type": "Feature", "properties": { "GEOID": "36047046000", "gi_z": -2.03, "borough": "Brooklyn", "pop": 2997.0, "incidents": 88, "lisa": "Low-Low" }, "geometry": { "type": "Polygon", "coordinates": [ [ [ -73.971568, 40.629988 ], [ -73.971374, 40.628966 ], [ -73.968929, 40.629231 ], [ -73.966074, 40.629545 ], [ -73.966676, 40.631922 ], [ -73.959898, 40.632668 ], [ -73.960409, 40.63536 ], [ -73.962203, 40.6345 ], [ -73.964805, 40.633249 ], [ -73.966777, 40.632295 ], [ -73.971568, 40.629988 ] ] ] } },
{ "type": "Feature", "properties": { "GEOID": "36047051602", "gi_z": -1.03, "borough": "Brooklyn", "pop": 3477.0, "incidents": 112, "lisa": "Not significant" }, "geometry": { "type": "Polygon", "coordinates": [ [ [ -73.957919, 40.644143 ], [ -73.959377, 40.641471 ], [ -73.958966, 40.639305 ], [ -73.955638, 40.640504 ], [ -73.957637, 40.642689 ], [ -73.957919, 40.644143 ] ] ] } },
{ "type": "Feature", "properties": { "GEOID": "36047111600", "gi_z": 1.36, "borough": "Brooklyn", "pop": 3810.0, "incidents": 237, "lisa": "Not significant" }, "geometry": { "type": "Polygon", "coordinates": [ [ [ -73.881856, 40.66415 ], [ -73.880892, 40.662834 ], [ -73.878592, 40.659701 ], [ -73.869485, 40.663546 ], [ -73.871875, 40.666764 ], [ -73.872841, 40.668032 ], [ -73.876953, 40.666259 ], [ -73.881856, 40.66415 ] ] ] } },
{ "type": "Feature", "properties": { "GEOID": "36047152200", "gi_z": -0.88, "borough": "Brooklyn", "pop": 2913.0, "incidents": 148, "lisa": "Not significant" }, "geometry": { "type": "Polygon", "coordinates": [ [ [ -73.970841, 40.646378 ], [ -73.968791, 40.639256 ], [ -73.966174, 40.640431 ], [ -73.963557, 40.64161 ], [ -73.964087, 40.644407 ], [ -73.964903, 40.648721 ], [ -73.970841, 40.646378 ] ] ] } },
{ "type": "Feature", "properties": { "GEOID": "36047048500", "gi_z": -0.17, "borough": "Brooklyn", "pop": 2369.0, "incidents": 341, "lisa": "Not significant" }, "geometry": { "type": "Polygon", "coordinates": [ [ [ -73.940688, 40.711962 ], [ -73.940423, 40.711218 ], [ -73.940076, 40.709102 ], [ -73.939313, 40.704815 ], [ -73.936982, 40.70191 ], [ -73.933951, 40.702674 ], [ -73.932698, 40.703171 ], [ -73.932072, 40.707786 ], [ -73.934802, 40.713373 ], [ -73.940688, 40.711962 ] ] ] } },
{ "type": "Feature", "properties": { "GEOID": "36047080800", "gi_z": -0.61, "borough": "Brooklyn", "pop": 2044.0, "incidents": 219, "lisa": "Not significant" }, "geometry": { "type": "Polygon", "coordinates": [ [ [ -73.947354, 40.65728 ], [ -73.947159, 40.655594 ], [ -73.942401, 40.655885 ], [ -73.938593, 40.656123 ], [ -73.935718, 40.656303 ], [ -73.931907, 40.656537 ], [ -73.930903, 40.65661 ], [ -73.933996, 40.658119 ], [ -73.936864, 40.657942 ], [ -73.939734, 40.660074 ], [ -73.942314, 40.657609 ], [ -73.947354, 40.65728 ] ] ] } },
{ "type": "Feature", "properties": { "GEOID": "36081030600", "gi_z": 0.56, "borough": "Queens", "pop": 5516.0, "incidents": 246, "lisa": "Not significant" }, "geometry": { "type": "Polygon", "coordinates": [ [ [ -73.80166, 40.666756 ], [ -73.802162, 40.66525 ], [ -73.785053, 40.663443 ], [ -73.77383, 40.659651 ], [ -73.771448, 40.660635 ], [ -73.766754, 40.667433 ], [ -73.771545, 40.667963 ], [ -73.78941, 40.666841 ], [ -73.792174, 40.66704 ], [ -73.80166, 40.666756 ] ] ] } },
{ "type": "Feature", "properties": { "GEOID": "36081042400", "gi_z": -1.0, "borough": "Queens", "pop": 2652.0, "incidents": 48, "lisa": "Not significant" }, "geometry": { "type": "Polygon", "coordinates": [ [ [ -73.777836, 40.694321 ], [ -73.777281, 40.692114 ], [ -73.769631, 40.692681 ], [ -73.7662, 40.692183 ], [ -73.765394, 40.692065 ], [ -73.769294, 40.69665 ], [ -73.772308, 40.700572 ], [ -73.773957, 40.699806 ], [ -73.777836, 40.694321 ] ] ] } },
{ "type": "Feature", "properties": { "GEOID": "36081071304", "gi_z": -1.36, "borough": "Queens", "pop": 6352.0, "incidents": 47, "lisa": "Not significant" }, "geometry": { "type": "Polygon", "coordinates": [ [ [ -73.856257, 40.730959 ], [ -73.857622, 40.728603 ], [ -73.853588, 40.727135 ], [ -73.849247, 40.72845 ], [ -73.850253, 40.729655 ], [ -73.856257, 40.730959 ] ] ] } },
{ "type": "Feature", "properties": { "GEOID": "36081071701", "gi_z": -1.4, "borough": "Queens", "pop": 4979.0, "incidents": 84, "lisa": "Not significant" }, "geometry": { "type": "Polygon", "coordinates": [ [ [ -73.857652, 40.733668 ], [ -73.864479, 40.731089 ], [ -73.860115, 40.729522 ], [ -73.857981, 40.728735 ], [ -73.857622, 40.728603 ], [ -73.856257, 40.730959 ], [ -73.857049, 40.732512 ], [ -73.857652, 40.733668 ] ] ] } },
{ "type": "Feature", "properties": { "GEOID": "36081127700", "gi_z": -1.68, "borough": "Queens", "pop": 2980.0, "incidents": 124, "lisa": "Low-Low" }, "geometry": { "type": "Polygon", "coordinates": [ [ [ -73.791745, 40.725776 ], [ -73.790708, 40.719269 ], [ -73.78499, 40.719972 ], [ -73.777385, 40.722442 ], [ -73.775234, 40.725238 ], [ -73.777575, 40.730193 ], [ -73.78655, 40.727445 ], [ -73.791745, 40.725776 ] ] ] } },
{ "type": "Feature", "properties": { "GEOID": "36081020500", "gi_z": -1.05, "borough": "Queens", "pop": 1324.0, "incidents": 65, "lisa": "Not significant" }, "geometry": { "type": "Polygon", "coordinates": [ [ [ -73.927512, 40.729122 ], [ -73.928307, 40.72834 ], [ -73.918364, 40.725931 ], [ -73.917558, 40.735292 ], [ -73.920256, 40.735194 ], [ -73.922573, 40.734286 ], [ -73.927512, 40.729122 ] ] ] } },
{ "type": "Feature", "properties": { "GEOID": "36081043701", "gi_z": -0.29, "borough": "Queens", "pop": 3468.0, "incidents": 144, "lisa": "Not significant" }, "geometry": { "type": "Polygon", "coordinates": [ [ [ -73.853129, 40.739374 ], [ -73.854181, 40.736954 ], [ -73.847558, 40.739064 ], [ -73.850116, 40.740724 ], [ -73.852358, 40.741375 ], [ -73.853129, 40.739374 ] ] ] } },
{ "type": "Feature", "properties": { "GEOID": "36081093401", "gi_z": -1.14, "borough": "Queens", "pop": 4231.0, "incidents": 30, "lisa": "Not significant" }, "geometry": { "type": "Polygon", "coordinates": [ [ [ -73.854937, 40.585974 ], [ -73.847217203511505, 40.573024273439593 ], [ -73.8414991714682, 40.574999774093399 ], [ -73.845086, 40.581402 ], [ -73.838752, 40.582629 ], [ -73.840704, 40.586087 ], [ -73.854937, 40.585974 ] ] ] } },
{ "type": "Feature", "properties": { "GEOID": "36081099801", "gi_z": 0.15, "borough": "Queens", "pop": 9023.0, "incidents": 190, "lisa": "Not significant" }, "geometry": { "type": "Polygon", "coordinates": [ [ [ -73.761658, 40.599973 ], [ -73.762156, 40.596085 ], [ -73.753203, 40.595152 ], [ -73.752478, 40.599245 ], [ -73.753754, 40.600712 ], [ -73.761658, 40.599973 ] ] ] } },
{ "type": "Feature", "properties": { "GEOID": "36081108500", "gi_z": -1.65, "borough": "Queens", "pop": 2795.0, "incidents": 58, "lisa": "Low-Low" }, "geometry": { "type": "Polygon", "coordinates": [ [ [ -73.795657, 40.773031 ], [ -73.793179, 40.770403 ], [ -73.791902, 40.768936 ], [ -73.783727, 40.771361 ], [ -73.784593, 40.776141 ], [ -73.792713, 40.773788 ], [ -73.795657, 40.773031 ] ] ] } },
{ "type": "Feature", "properties": { "GEOID": "36081109300", "gi_z": -1.73, "borough": "Queens", "pop": 2899.0, "incidents": 70, "lisa": "Low-Low" }, "geometry": { "type": "Polygon", "coordinates": [ [ [ -73.784593, 40.776141 ], [ -73.783727, 40.771361 ], [ -73.778444, 40.772895 ], [ -73.772023, 40.771498 ], [ -73.770639, 40.769645 ], [ -73.770169, 40.769738 ], [ -73.763259158607994, 40.772266301040283 ], [ -73.767565219730699, 40.778311659539007 ], [ -73.775839, 40.778613 ], [ -73.784593, 40.776141 ] ] ] } },
{ "type": "Feature", "properties": { "GEOID": "36081077908", "gi_z": -0.88, "borough": "Queens", "pop": 3061.0, "incidents": 59, "lisa": "Not significant" }, "geometry": { "type": "Polygon", "coordinates": [ [ [ -73.817171, 40.72727 ], [ -73.81512, 40.72328 ], [ -73.810399, 40.723724 ], [ -73.810744, 40.726265 ], [ -73.81444, 40.728094 ], [ -73.817171, 40.72727 ] ] ] } },
{ "type": "Feature", "properties": { "GEOID": "36081079702", "gi_z": 1.35, "borough": "Queens", "pop": 3627.0, "incidents": 134, "lisa": "Not significant" }, "geometry": { "type": "Polygon", "coordinates": [ [ [ -73.832295, 40.751942 ], [ -73.833099, 40.747994 ], [ -73.830609, 40.749026 ], [ -73.825844, 40.749348 ], [ -73.825697, 40.750998 ], [ -73.827144, 40.75451 ], [ -73.830138, 40.753915 ], [ -73.832295, 40.751942 ] ] ] } },
{ "type": "Feature", "properties": { "GEOID": "36081099705", "gi_z": -1.42, "borough": "Queens", "pop": 2813.0, "incidents": 34, "lisa": "Low-Low" }, "geometry": { "type": "Polygon", "coordinates": [ [ [ -73.791795560169305, 40.789242736159402 ], [ -73.790583, 40.788129 ], [ -73.785422, 40.782385 ], [ -73.78237, 40.782969 ], [ -73.78227, 40.788661 ], [ -73.781715, 40.79053 ], [ -73.791795560169305, 40.789242736159402 ] ] ] } },
{ "type": "Feature", "properties": { "GEOID": "36085018100", "gi_z": -2.72, "borough": "Staten Island", "pop": 3599.0, "incidents": 47, "lisa": "Low-Low" }, "geometry": { "type": "Polygon", "coordinates": [ [ [ -74.138667, 40.58902 ], [ -74.13394, 40.586299 ], [ -74.127115, 40.579179 ], [ -74.127089, 40.576369 ], [ -74.12177, 40.575054 ], [ -74.119786, 40.575815 ], [ -74.11221, 40.581267 ], [ -74.105259, 40.585923 ], [ -74.100883, 40.590179 ], [ -74.100905, 40.59102 ], [ -74.10688, 40.590376 ], [ -74.110641, 40.593252 ], [ -74.111302, 40.598208 ], [ -74.114871, 40.602137 ], [ -74.120596, 40.60181 ], [ -74.125453, 40.598137 ], [ -74.13092, 40.598856 ], [ -74.133775, 40.596333 ], [ -74.138667, 40.58902 ] ] ] } },
{ "type": "Feature", "properties": { "GEOID": "36085017014", "gi_z": -2.12, "borough": "Staten Island", "pop": 4141.0, "incidents": 34, "lisa": "Low-Low" }, "geometry": { "type": "Polygon", "coordinates": [ [ [ -74.200144, 40.548801 ], [ -74.197308, 40.543262 ], [ -74.187573, 40.550147 ], [ -74.191428, 40.552801 ], [ -74.200144, 40.548801 ] ] ] } },
{ "type": "Feature", "properties": { "GEOID": "36085020702", "gi_z": 0.26, "borough": "Staten Island", "pop": 2928.0, "incidents": 250, "lisa": "Not significant" }, "geometry": { "type": "Polygon", "coordinates": [ [ [ -74.136514476594499, 40.641552157401087 ], [ -74.133651, 40.640304 ], [ -74.136409, 40.634896 ], [ -74.13047, 40.631676 ], [ -74.126975404959893, 40.639962979709189 ], [ -74.129846, 40.641489 ], [ -74.136514476594499, 40.641552157401087 ] ] ] } },
{ "type": "Feature", "properties": { "GEOID": "36085012805", "gi_z": -1.6, "borough": "Staten Island", "pop": 2384.0, "incidents": 19, "lisa": "Low-Low" }, "geometry": { "type": "Polygon", "coordinates": [ [ [ -74.120052, 40.560394 ], [ -74.127301, 40.557295 ], [ -74.11298, 40.547982 ], [ -74.109377950623994, 40.552705122262701 ], [ -74.113264, 40.556396 ], [ -74.120052, 40.560394 ] ] ] } },
{ "type": "Feature", "properties": { "GEOID": "36005001902", "gi_z": 1.26, "borough": "Bronx", "pop": 2079.0, "incidents": 408, "lisa": "Not significant" }, "geometry": { "type": "Polygon", "coordinates": [ [ [ -73.924265, 40.807175 ], [ -73.925765, 40.805223 ], [ -73.913242, 40.799937 ], [ -73.908356, 40.804669 ], [ -73.909127, 40.806166 ], [ -73.913478, 40.804263 ], [ -73.918819, 40.804905 ], [ -73.924265, 40.807175 ] ] ] } },
{ "type": "Feature", "properties": { "GEOID": "36005046207", "gi_z": 0.94, "borough": "Bronx", "pop": 6535.0, "incidents": 97, "lisa": "Not significant" }, "geometry": { "type": "Polygon", "coordinates": [ [ [ -73.834881, 40.875505 ], [ -73.830132, 40.87533 ], [ -73.828367, 40.876687 ], [ -73.832451, 40.880216 ], [ -73.834, 40.878388 ], [ -73.834881, 40.875505 ] ] ] } },
{ "type": "Feature", "properties": { "GEOID": "36005006301", "gi_z": 5.0, "borough": "Bronx", "pop": 7053.0, "incidents": 1514, "lisa": "High-High" }, "geometry": { "type": "Polygon", "coordinates": [ [ [ -73.933059, 40.828156 ], [ -73.932327, 40.819503 ], [ -73.932401, 40.814151 ], [ -73.927313, 40.81856 ], [ -73.925746, 40.821175 ], [ -73.922669, 40.826854 ], [ -73.925927, 40.827812 ], [ -73.930956, 40.828335 ], [ -73.933059, 40.828156 ] ] ] } },
{ "type": "Feature", "properties": { "GEOID": "36005038303", "gi_z": 1.25, "borough": "Bronx", "pop": 3662.0, "incidents": 163, "lisa": "Not significant" }, "geometry": { "type": "Polygon", "coordinates": [ [ [ -73.898165, 40.855146 ], [ -73.89644, 40.854908 ], [ -73.893808, 40.858942 ], [ -73.896363, 40.858376 ], [ -73.898165, 40.855146 ] ] ] } },
{ "type": "Feature", "properties": { "GEOID": "36005002001", "gi_z": 0.0, "borough": "Bronx", "pop": 4199.0, "incidents": 52, "lisa": "Not significant" }, "geometry": { "type": "Polygon", "coordinates": [ [ [ -73.870501, 40.820364 ], [ -73.868936, 40.815142 ], [ -73.865218, 40.814529 ], [ -73.867656, 40.820751 ], [ -73.870501, 40.820364 ] ] ] } },
{ "type": "Feature", "properties": { "GEOID": "36005046204", "gi_z": 0.32, "borough": "Bronx", "pop": 5259.0, "incidents": 51, "lisa": "Not significant" }, "geometry": { "type": "Polygon", "coordinates": [ [ [ -73.827259, 40.874264 ], [ -73.825886, 40.870396 ], [ -73.824844, 40.875702 ], [ -73.827259, 40.874264 ] ] ] } },
{ "type": "Feature", "properties": { "GEOID": "36005038304", "gi_z": 4.03, "borough": "Bronx", "pop": 2231.0, "incidents": 73, "lisa": "Low-High" }, "geometry": { "type": "Polygon", "coordinates": [ [ [ -73.89644, 40.854908 ], [ -73.895609, 40.854571 ], [ -73.890887, 40.861345 ], [ -73.891447, 40.861634 ], [ -73.893808, 40.858942 ], [ -73.89644, 40.854908 ] ] ] } },
{ "type": "Feature", "properties": { "GEOID": "36047059403", "gi_z": -1.38, "borough": "Brooklyn", "pop": 3062.0, "incidents": 49, "lisa": "Not significant" }, "geometry": { "type": "Polygon", "coordinates": [ [ [ -73.951006, 40.597262 ], [ -73.950152, 40.592754 ], [ -73.945374, 40.59328 ], [ -73.94623, 40.597789 ], [ -73.949047, 40.597479 ], [ -73.951006, 40.597262 ] ] ] } },
{ "type": "Feature", "properties": { "GEOID": "36047009002", "gi_z": -1.42, "borough": "Brooklyn", "pop": 1549.0, "incidents": 18, "lisa": "Not significant" }, "geometry": { "type": "Polygon", "coordinates": [ [ [ -73.998466, 40.646159 ], [ -73.996266, 40.644827 ], [ -73.993985, 40.647101 ], [ -73.996088, 40.648307 ], [ -73.998466, 40.646159 ] ] ] } },
{ "type": "Feature", "properties": { "GEOID": "36047079002", "gi_z": -0.99, "borough": "Brooklyn", "pop": 2768.0, "incidents": 96, "lisa": "Not significant" }, "geometry": { "type": "Polygon", "coordinates": [ [ [ -73.954525, 40.642887 ], [ -73.954043, 40.638878 ], [ -73.953743, 40.638566 ], [ -73.9536, 40.638422 ], [ -73.951158, 40.638428 ], [ -73.951652, 40.643066 ], [ -73.954525, 40.642887 ] ] ] } },
{ "type": "Feature", "properties": { "GEOID": "36047014901", "gi_z": -1.81, "borough": "Brooklyn", "pop": 1540.0, "incidents": 31, "lisa": "Low-Low" }, "geometry": { "type": "Polygon", "coordinates": [ [ [ -73.985948, 40.66563 ], [ -73.986951, 40.664425 ], [ -73.982231, 40.662142 ], [ -73.981225, 40.663347 ], [ -73.985948, 40.66563 ] ] ] } },
{ "type": "Feature", "properties": { "GEOID": "36047014902", "gi_z": -1.91, "borough": "Brooklyn", "pop": 4054.0, "incidents": 64, "lisa": "Low-Low" }, "geometry": { "type": "Polygon", "coordinates": [ [ [ -73.988335, 40.662805 ], [ -73.988769, 40.662432 ], [ -73.987296, 40.660442 ], [ -73.985071, 40.659029 ], [ -73.982231, 40.662142 ], [ -73.986951, 40.664425 ], [ -73.988335, 40.662805 ] ] ] } },
{ "type": "Feature", "properties": { "GEOID": "36047034901", "gi_z": 0.16, "borough": "Brooklyn", "pop": 2324.0, "incidents": 85, "lisa": "Not significant" }, "geometry": { "type": "Polygon", "coordinates": [ [ [ -73.930868, 40.671474 ], [ -73.931119, 40.668798 ], [ -73.92835, 40.668647 ], [ -73.928098, 40.671321 ], [ -73.930868, 40.671474 ] ] ] } },
{ "type": "Feature", "properties": { "GEOID": "36047056302", "gi_z": -0.42, "borough": "Brooklyn", "pop": 2449.0, "incidents": 120, "lisa": "Not significant" }, "geometry": { "type": "Polygon", "coordinates": [ [ [ -73.962478, 40.736802 ], [ -73.961843, 40.731625 ], [ -73.959592, 40.731852 ], [ -73.958635, 40.736213 ], [ -73.955307, 40.736577 ], [ -73.955087, 40.7394 ], [ -73.962478, 40.736802 ] ] ] } },
{ "type": "Feature", "properties": { "GEOID": "36047050001", "gi_z": -1.84, "borough": "Brooklyn", "pop": 2282.0, "incidents": 53, "lisa": "Low-Low" }, "geometry": { "type": "Polygon", "coordinates": [ [ [ -73.980712, 40.649524 ], [ -73.980291, 40.647297 ], [ -73.978191, 40.647526 ], [ -73.975176, 40.647818 ], [ -73.974959, 40.647796 ], [ -73.976347, 40.65122 ], [ -73.980712, 40.649524 ] ] ] } },
{ "type": "Feature", "properties": { "GEOID": "36047010802", "gi_z": -1.33, "borough": "Brooklyn", "pop": 2419.0, "incidents": 103, "lisa": "Not significant" }, "geometry": { "type": "Polygon", "coordinates": [ [ [ -74.002545, 40.642236 ], [ -74.004877, 40.639995 ], [ -74.002672, 40.638667 ], [ -74.000341, 40.640905 ], [ -74.002545, 40.642236 ] ] ] } },
{ "type": "Feature", "properties": { "GEOID": "36047058901", "gi_z": -0.97, "borough": "Brooklyn", "pop": 2103.0, "incidents": 79, "lisa": "Not significant" }, "geometry": { "type": "Polygon", "coordinates": [ [ [ -73.946046, 40.729257 ], [ -73.945879, 40.727354 ], [ -73.94543, 40.725518 ], [ -73.940738, 40.725973 ], [ -73.941043, 40.727841 ], [ -73.946046, 40.729257 ] ] ] } },
{ "type": "Feature", "properties": { "GEOID": "36047011901", "gi_z": -0.87, "borough": "Brooklyn", "pop": 1378.0, "incidents": 173, "lisa": "Not significant" }, "geometry": { "type": "Polygon", "coordinates": [ [ [ -73.990426, 40.676249 ], [ -73.992369, 40.673813 ], [ -73.987715, 40.671557 ], [ -73.986709, 40.672767 ], [ -73.984702, 40.675173 ], [ -73.983041, 40.677417 ], [ -73.981755, 40.679317 ], [ -73.986104, 40.681009 ], [ -73.987668, 40.680818 ], [ -73.989388, 40.678285 ], [ -73.990426, 40.676249 ] ] ] } },
{ "type": "Feature", "properties": { "GEOID": "36047050002", "gi_z": -1.26, "borough": "Brooklyn", "pop": 1548.0, "incidents": 21, "lisa": "Not significant" }, "geometry": { "type": "Polygon", "coordinates": [ [ [ -73.978191, 40.647526 ], [ -73.977774, 40.645342 ], [ -73.974827, 40.645664 ], [ -73.975176, 40.647818 ], [ -73.978191, 40.647526 ] ] ] } },
{ "type": "Feature", "properties": { "GEOID": "36081017102", "gi_z": -0.24, "borough": "Queens", "pop": 344.0, "incidents": 146, "lisa": "Not significant" }, "geometry": { "type": "Polygon", "coordinates": [ [ [ -73.934743, 40.750979 ], [ -73.935387, 40.749412 ], [ -73.931637, 40.751367 ], [ -73.924689, 40.751727 ], [ -73.920621, 40.74974 ], [ -73.909847, 40.751637 ], [ -73.910451, 40.752961 ], [ -73.913542, 40.753469 ], [ -73.917632, 40.753858 ], [ -73.921619, 40.753028 ], [ -73.925627, 40.752137 ], [ -73.928742, 40.752042 ], [ -73.934743, 40.750979 ] ] ] } },
{ "type": "Feature", "properties": { "GEOID": "36081021601", "gi_z": -0.59, "borough": "Queens", "pop": 2512.0, "incidents": 101, "lisa": "Not significant" }, "geometry": { "type": "Polygon", "coordinates": [ [ [ -73.830982, 40.71431 ], [ -73.829314, 40.712423 ], [ -73.827785, 40.71066 ], [ -73.824933, 40.711783 ], [ -73.820662, 40.709869 ], [ -73.825705, 40.716063 ], [ -73.830982, 40.71431 ] ] ] } },
{ "type": "Feature", "properties": { "GEOID": "36081053901", "gi_z": 0.06, "borough": "Queens", "pop": 4129.0, "incidents": 176, "lisa": "Not significant" }, "geometry": { "type": "Polygon", "coordinates": [ [ [ -73.915663, 40.713469 ], [ -73.922233, 40.712854 ], [ -73.921892, 40.709396 ], [ -73.919222, 40.707815 ], [ -73.916253, 40.706066 ], [ -73.915513, 40.705626 ], [ -73.913435, 40.70766 ], [ -73.912291, 40.708782 ], [ -73.916748, 40.711402 ], [ -73.91467, 40.713437 ], [ -73.915663, 40.713469 ] ] ] } },
{ "type": "Feature", "properties": { "GEOID": "36081084901", "gi_z": 3.35, "borough": "Queens", "pop": 3038.0, "incidents": 182, "lisa": "High-High" }, "geometry": { "type": "Polygon", "coordinates": [ [ [ -73.837917, 40.754541 ], [ -73.835602, 40.751395 ], [ -73.832295, 40.751942 ], [ -73.830138, 40.753915 ], [ -73.829961, 40.754768 ], [ -73.833678, 40.756321 ], [ -73.837917, 40.754541 ] ] ] } },
{ "type": "Feature", "properties": { "GEOID": "36081021602", "gi_z": 0.82, "borough": "Queens", "pop": 1479.0, "incidents": 29, "lisa": "Not significant" }, "geometry": { "type": "Polygon", "coordinates": [ [ [ -73.822459, 40.703656 ], [ -73.816477, 40.70245 ], [ -73.818313, 40.706164 ], [ -73.822256, 40.705456 ], [ -73.822459, 40.703656 ] ] ] } },
{ "type": "Feature", "properties": { "GEOID": "36081116301", "gi_z": -0.96, "borough": "Queens", "pop": 4331.0, "incidents": 76, "lisa": "Not significant" }, "geometry": { "type": "Polygon", "coordinates": [ [ [ -73.823727, 40.765826 ], [ -73.823482, 40.764652 ], [ -73.822601, 40.76276 ], [ -73.819099, 40.763696 ], [ -73.817325, 40.765354 ], [ -73.817388, 40.766572 ], [ -73.823727, 40.765826 ] ] ] } },
{ "type": "Feature", "properties": { "GEOID": "36081019901", "gi_z": -0.71, "borough": "Queens", "pop": 459.0, "incidents": 69, "lisa": "Not significant" }, "geometry": { "type": "Polygon", "coordinates": [ [ [ -73.934868, 40.742983 ], [ -73.935079, 40.737494 ], [ -73.93742, 40.733762 ], [ -73.931614, 40.736826 ], [ -73.929946, 40.737536 ], [ -73.930227, 40.742446 ], [ -73.934868, 40.742983 ] ] ] } },
{ "type": "Feature", "properties": { "GEOID": "36081027702", "gi_z": 0.97, "borough": "Queens", "pop": 3397.0, "incidents": 106, "lisa": "Not significant" }, "geometry": { "type": "Polygon", "coordinates": [ [ [ -73.879789, 40.756147 ], [ -73.879104, 40.752373 ], [ -73.877247, 40.752568 ], [ -73.876998, 40.756439 ], [ -73.87793, 40.756339 ], [ -73.879789, 40.756147 ] ] ] } },
{ "type": "Feature", "properties": { "GEOID": "36081066401", "gi_z": -1.16, "borough": "Queens", "pop": 2241.0, "incidents": 51, "lisa": "Not significant" }, "geometry": { "type": "Polygon", "coordinates": [ [ [ -73.746549, 40.652554 ], [ -73.746096, 40.64905 ], [ -73.748897, 40.645165 ], [ -73.746264, 40.640487 ], [ -73.741428, 40.640502 ], [ -73.741437, 40.646889 ], [ -73.736735, 40.6491 ], [ -73.739376, 40.653796 ], [ -73.741532, 40.657359 ], [ -73.74506, 40.657407 ], [ -73.746549, 40.652554 ] ] ] } },
{ "type": "Feature", "properties": { "GEOID": "36081000701", "gi_z": 0.53, "borough": "Queens", "pop": 3691.0, "incidents": 516, "lisa": "Not significant" }, "geometry": { "type": "Polygon", "coordinates": [ [ [ -73.955992, 40.744495 ], [ -73.954584, 40.741345 ], [ -73.94923, 40.742523 ], [ -73.948761, 40.743903 ], [ -73.955741, 40.745251 ], [ -73.955992, 40.744495 ] ] ] } },
{ "type": "Feature", "properties": { "GEOID": "36061012601", "gi_z": -0.72, "borough": "Manhattan", "pop": 7014.0, "incidents": 132, "lisa": "Not significant" }, "geometry": { "type": "Polygon", "coordinates": [ [ [ -73.957404, 40.77012 ], [ -73.959777, 40.766868 ], [ -73.957412, 40.765868 ], [ -73.955037, 40.76912 ], [ -73.957404, 40.77012 ] ] ] } },
{ "type": "Feature", "properties": { "GEOID": "36061015502", "gi_z": -0.27, "borough": "Manhattan", "pop": 5500.0, "incidents": 79, "lisa": "Not significant" }, "geometry": { "type": "Polygon", "coordinates": [ [ [ -73.995787713489506, 40.782571598014989 ], [ -73.997819207596507, 40.779775870557202 ], [ -73.987241, 40.776017 ], [ -73.985448, 40.778476 ], [ -73.995787713489506, 40.782571598014989 ] ] ] } },
{ "type": "Feature", "properties": { "GEOID": "36061015302", "gi_z": -0.12, "borough": "Manhattan", "pop": 5448.0, "incidents": 220, "lisa": "Not significant" }, "geometry": { "type": "Polygon", "coordinates": [ [ [ -73.982583, 40.777303 ], [ -73.984412, 40.774808 ], [ -73.981573, 40.773602 ], [ -73.979746, 40.776106 ], [ -73.982583, 40.777303 ] ] ] } },
{ "type": "Feature", "properties": { "GEOID": "36061007002", "gi_z": 1.43, "borough": "Manhattan", "pop": 3479.0, "incidents": 160, "lisa": "Not significant" }, "geometry": { "type": "Polygon", "coordinates": [ [ [ -73.978121, 40.745726 ], [ -73.98041, 40.742587 ], [ -73.978168, 40.741643 ], [ -73.975881, 40.744779 ], [ -73.978121, 40.745726 ] ] ] } },
{ "type": "Feature", "properties": { "GEOID": "36085022801", "gi_z": -1.94, "borough": "Staten Island", "pop": 37.0, "incidents": 27, "lisa": "Low-Low" }, "geometry": { "type": "Polygon", "coordinates": [ [ [ -74.212111516185502, 40.557637970595302 ], [ -74.207032, 40.557616 ], [ -74.203343, 40.556133 ], [ -74.197695, 40.558887 ], [ -74.192904, 40.562649 ], [ -74.181395, 40.565238 ], [ -74.177618, 40.563804 ], [ -74.179572, 40.571047 ], [ -74.184293, 40.572851 ], [ -74.189389, 40.572558 ], [ -74.190642, 40.576685 ], [ -74.200584, 40.579511 ], [ -74.205193065512006, 40.579999187542199 ], [ -74.212111516185502, 40.557637970595302 ] ] ] } },
{ "type": "Feature", "properties": { "GEOID": "36047033702", "gi_z": -0.75, "borough": "Brooklyn", "pop": 1993.0, "incidents": 101, "lisa": "Not significant" }, "geometry": { "type": "Polygon", "coordinates": [ [ [ -73.947731, 40.669705 ], [ -73.947818, 40.668784 ], [ -73.936749, 40.668128 ], [ -73.936657, 40.669101 ], [ -73.947731, 40.669705 ] ] ] } },
{ "type": "Feature", "properties": { "GEOID": "36061015403", "gi_z": -0.23, "borough": "Manhattan", "pop": 5055.0, "incidents": 77, "lisa": "Not significant" }, "geometry": { "type": "Polygon", "coordinates": [ [ [ -73.950282, 40.783891 ], [ -73.951659, 40.782008 ], [ -73.949419, 40.781062 ], [ -73.948039, 40.782942 ], [ -73.950282, 40.783891 ] ] ] } },
{ "type": "Feature", "properties": { "GEOID": "36061013602", "gi_z": -1.92, "borough": "Manhattan", "pop": 6373.0, "incidents": 55, "lisa": "Low-Low" }, "geometry": { "type": "Polygon", "coordinates": [ [ [ -73.94901, 40.773342 ], [ -73.950435, 40.771391 ], [ -73.948073, 40.770394 ], [ -73.946656, 40.772351 ], [ -73.94901, 40.773342 ] ] ] } },
{ "type": "Feature", "properties": { "GEOID": "36061006000", "gi_z": 1.47, "borough": "Manhattan", "pop": 5077.0, "incidents": 86, "lisa": "Not significant" }, "geometry": { "type": "Polygon", "coordinates": [ [ [ -73.978498, 40.736791 ], [ -73.979864, 40.734975 ], [ -73.961436, 40.727298 ], [ -73.961215, 40.728151 ], [ -73.961214, 40.729508 ], [ -73.978498, 40.736791 ] ] ] } },
{ "type": "Feature", "properties": { "GEOID": "36061009000", "gi_z": 2.4, "borough": "Manhattan", "pop": 7239.0, "incidents": 194, "lisa": "High-High" }, "geometry": { "type": "Polygon", "coordinates": [ [ [ -73.971217, 40.755193 ], [ -73.973503, 40.752065 ], [ -73.968908, 40.750112 ], [ -73.967227, 40.752688 ], [ -73.966616, 40.753244 ], [ -73.971217, 40.755193 ] ] ] } },
{ "type": "Feature", "properties": { "GEOID": "36061015001", "gi_z": -0.32, "borough": "Manhattan", "pop": 2141.0, "incidents": 44, "lisa": "Not significant" }, "geometry": { "type": "Polygon", "coordinates": [ [ [ -73.960416, 40.781532 ], [ -73.961361, 40.780241 ], [ -73.958165, 40.778861 ], [ -73.957202, 40.780179 ], [ -73.960416, 40.781532 ] ] ] } },
{ "type": "Feature", "properties": { "GEOID": "36061025500", "gi_z": 3.03, "borough": "Manhattan", "pop": 5562.0, "incidents": 272, "lisa": "High-High" }, "geometry": { "type": "Polygon", "coordinates": [ [ [ -73.952565101198815, 40.851537061954502 ], [ -73.955660940789798, 40.844484734786199 ], [ -73.943066, 40.840193 ], [ -73.942013, 40.84281 ], [ -73.940518, 40.845369 ], [ -73.939524, 40.847838 ], [ -73.943187, 40.849755 ], [ -73.952565101198815, 40.851537061954502 ] ] ] } },
{ "type": "Feature", "properties": { "GEOID": "36061015602", "gi_z": 0.99, "borough": "Manhattan", "pop": 2244.0, "incidents": 234, "lisa": "Not significant" }, "geometry": { "type": "Polygon", "coordinates": [ [ [ -73.949332, 40.785194 ], [ -73.944723, 40.783247 ], [ -73.943319, 40.785174 ], [ -73.947924, 40.787121 ], [ -73.948378, 40.786497 ], [ -73.949332, 40.785194 ] ] ] } },
{ "type": "Feature", "properties": { "GEOID": "36061026700", "gi_z": 0.96, "borough": "Manhattan", "pop": 2227.0, "incidents": 48, "lisa": "Not significant" }, "geometry": { "type": "Polygon", "coordinates": [ [ [ -73.927695, 40.852488 ], [ -73.930621, 40.848481 ], [ -73.927477, 40.850694 ], [ -73.927695, 40.852488 ] ] ] } },
{ "type": "Feature", "properties": { "GEOID": "36061028700", "gi_z": 0.78, "borough": "Manhattan", "pop": 3690.0, "incidents": 292, "lisa": "Not significant" }, "geometry": { "type": "Polygon", "coordinates": [ [ [ -73.938354266404104, 40.874749163161106 ], [ -73.945840929906296, 40.862520569294375 ], [ -73.935606, 40.858863 ], [ -73.934088, 40.859382 ], [ -73.93215, 40.859527 ], [ -73.931313, 40.859328 ], [ -73.926011, 40.863575 ], [ -73.927269, 40.865535 ], [ -73.928722, 40.866743 ], [ -73.938354266404104, 40.874749163161106 ] ] ] } },
{ "type": "Feature", "properties": { "GEOID": "36061028300", "gi_z": 1.48, "borough": "Manhattan", "pop": 8040.0, "incidents": 243, "lisa": "Not significant" }, "geometry": { "type": "Polygon", "coordinates": [ [ [ -73.931313, 40.859328 ], [ -73.928233, 40.857168 ], [ -73.927266, 40.857929 ], [ -73.924877, 40.861541 ], [ -73.931313, 40.859328 ] ] ] } },
{ "type": "Feature", "properties": { "GEOID": "36061013100", "gi_z": 7.42, "borough": "Manhattan", "pop": 3485.0, "incidents": 445, "lisa": "High-High" }, "geometry": { "type": "Polygon", "coordinates": [ [ [ -73.984283, 40.764792 ], [ -73.986104, 40.76229 ], [ -73.980426, 40.759899 ], [ -73.978601, 40.762396 ], [ -73.984283, 40.764792 ] ] ] } },
{ "type": "Feature", "properties": { "GEOID": "36061009800", "gi_z": 1.72, "borough": "Manhattan", "pop": 8874.0, "incidents": 225, "lisa": "Not significant" }, "geometry": { "type": "Polygon", "coordinates": [ [ [ -73.968936, 40.75833 ], [ -73.971217, 40.755193 ], [ -73.966616, 40.753244 ], [ -73.964325, 40.756381 ], [ -73.968936, 40.75833 ] ] ] } },
{ "type": "Feature", "properties": { "GEOID": "36061012500", "gi_z": 10.51, "borough": "Manhattan", "pop": 2704.0, "incidents": 1190, "lisa": "High-High" }, "geometry": { "type": "Polygon", "coordinates": [ [ [ -73.986104, 40.76229 ], [ -73.987927, 40.759791 ], [ -73.982256, 40.757387 ], [ -73.980886, 40.75927 ], [ -73.980426, 40.759899 ], [ -73.986104, 40.76229 ] ] ] } },
{ "type": "Feature", "properties": { "GEOID": "36061015900", "gi_z": 0.18, "borough": "Manhattan", "pop": 9194.0, "incidents": 362, "lisa": "Not significant" }, "geometry": { "type": "Polygon", "coordinates": [ [ [ -73.994866853107595, 40.783838879394601 ], [ -73.995787713489506, 40.782571598014989 ], [ -73.985448, 40.778476 ], [ -73.982583, 40.777303 ], [ -73.980673, 40.779925 ], [ -73.985679, 40.780313 ], [ -73.994866853107595, 40.783838879394601 ] ] ] } },
{ "type": "Feature", "properties": { "GEOID": "36061010602", "gi_z": -0.89, "borough": "Manhattan", "pop": 5214.0, "incidents": 128, "lisa": "Not significant" }, "geometry": { "type": "Polygon", "coordinates": [ [ [ -73.959695, 40.76274 ], [ -73.961966, 40.759619 ], [ -73.955527, 40.757243 ], [ -73.953843, 40.759355 ], [ -73.959695, 40.76274 ] ] ] } },
{ "type": "Feature", "properties": { "GEOID": "36061013900", "gi_z": 3.49, "borough": "Manhattan", "pop": 9952.0, "incidents": 261, "lisa": "High-High" }, "geometry": { "type": "Polygon", "coordinates": [ [ [ -73.988063, 40.769791 ], [ -73.989964, 40.767188 ], [ -73.984283, 40.764792 ], [ -73.98238, 40.7674 ], [ -73.988063, 40.769791 ] ] ] } },
{ "type": "Feature", "properties": { "GEOID": "36061011300", "gi_z": 17.36, "borough": "Manhattan", "pop": 136.0, "incidents": 2175, "lisa": "High-High" }, "geometry": { "type": "Polygon", "coordinates": [ [ [ -73.989791, 40.757234 ], [ -73.991633, 40.754707 ], [ -73.985947, 40.752317 ], [ -73.984118, 40.754842 ], [ -73.989791, 40.757234 ] ] ] } },
{ "type": "Feature", "properties": { "GEOID": "36061019800", "gi_z": 5.25, "borough": "Manhattan", "pop": 2511.0, "incidents": 377, "lisa": "High-High" }, "geometry": { "type": "Polygon", "coordinates": [ [ [ -73.941771, 40.807089 ], [ -73.945052, 40.802599 ], [ -73.941825, 40.80124 ], [ -73.938544, 40.80573 ], [ -73.941771, 40.807089 ] ] ] } },
{ "type": "Feature", "properties": { "GEOID": "36061010100", "gi_z": 10.58, "borough": "Manhattan", "pop": 1862.0, "incidents": 801, "lisa": "High-High" }, "geometry": { "type": "Polygon", "coordinates": [ [ [ -73.993464, 40.75219 ], [ -73.995299, 40.749671 ], [ -73.989617, 40.747277 ], [ -73.98778, 40.749772 ], [ -73.993464, 40.75219 ] ] ] } },
{ "type": "Feature", "properties": { "GEOID": "36061016001", "gi_z": -0.37, "borough": "Manhattan", "pop": 3118.0, "incidents": 64, "lisa": "Not significant" }, "geometry": { "type": "Polygon", "coordinates": [ [ [ -73.955778, 40.787914 ], [ -73.958096, 40.784718 ], [ -73.954877, 40.783363 ], [ -73.952551, 40.786549 ], [ -73.955778, 40.787914 ] ] ] } },
{ "type": "Feature", "properties": { "GEOID": "36061019900", "gi_z": 0.09, "borough": "Manhattan", "pop": 8918.0, "incidents": 200, "lisa": "Not significant" }, "geometry": { "type": "Polygon", "coordinates": [ [ [ -73.975170847045803, 40.810944380103294 ], [ -73.977250659480305, 40.808082157313507 ], [ -73.963861, 40.802972 ], [ -73.962008, 40.805509 ], [ -73.964848, 40.806707 ], [ -73.975170847045803, 40.810944380103294 ] ] ] } },
{ "type": "Feature", "properties": { "GEOID": "36061024500", "gi_z": 2.31, "borough": "Manhattan", "pop": 14577.0, "incidents": 661, "lisa": "Not significant" }, "geometry": { "type": "Polygon", "coordinates": [ [ [ -73.943066, 40.840193 ], [ -73.944426, 40.834681 ], [ -73.941577, 40.833487 ], [ -73.94036, 40.833786 ], [ -73.939827, 40.838498 ], [ -73.943066, 40.840193 ] ] ] } },
{ "type": "Feature", "properties": { "GEOID": "36061018300", "gi_z": 1.06, "borough": "Manhattan", "pop": 8440.0, "incidents": 585, "lisa": "Not significant" }, "geometry": { "type": "Polygon", "coordinates": [ [ [ -73.982577837407604, 40.800750933682217 ], [ -73.984417440418696, 40.798219285358918 ], [ -73.971316, 40.792753 ], [ -73.96987, 40.794736 ], [ -73.969415, 40.795361 ], [ -73.982577837407604, 40.800750933682217 ] ] ] } },
{ "type": "Feature", "properties": { "GEOID": "36061022200", "gi_z": 3.3, "borough": "Manhattan", "pop": 3595.0, "incidents": 548, "lisa": "High-High" }, "geometry": { "type": "Polygon", "coordinates": [ [ [ -73.95068, 40.810843 ], [ -73.952585, 40.808238 ], [ -73.9469, 40.805839 ], [ -73.944994, 40.808446 ], [ -73.95068, 40.810843 ] ] ] } },
{ "type": "Feature", "properties": { "GEOID": "36061022500", "gi_z": 3.17, "borough": "Manhattan", "pop": 11327.0, "incidents": 444, "lisa": "High-High" }, "geometry": { "type": "Polygon", "coordinates": [ [ [ -73.962363690283397, 40.828813262339509 ], [ -73.963657546337004, 40.826298288308287 ], [ -73.950829, 40.820829 ], [ -73.949921, 40.822073 ], [ -73.949006, 40.823315 ], [ -73.962363690283397, 40.828813262339509 ] ] ] } },
{ "type": "Feature", "properties": { "GEOID": "36061011100", "gi_z": 13.28, "borough": "Manhattan", "pop": 4711.0, "incidents": 971, "lisa": "High-High" }, "geometry": { "type": "Polygon", "coordinates": [ [ [ -73.997306, 40.75711 ], [ -73.999143, 40.754585 ], [ -73.993464, 40.75219 ], [ -73.991633, 40.754707 ], [ -73.997306, 40.75711 ] ] ] } },
{ "type": "Feature", "properties": { "GEOID": "36061000201", "gi_z": 0.56, "borough": "Manhattan", "pop": 2666.0, "incidents": 57, "lisa": "Not significant" }, "geometry": { "type": "Polygon", "coordinates": [ [ [ -73.987165, 40.714312 ], [ -73.98653, 40.704979 ], [ -73.984189, 40.705582 ], [ -73.985344, 40.714462 ], [ -73.987165, 40.714312 ] ] ] } },
{ "type": "Feature", "properties": { "GEOID": "36061017800", "gi_z": 1.97, "borough": "Manhattan", "pop": 3786.0, "incidents": 275, "lisa": "Not significant" }, "geometry": { "type": "Polygon", "coordinates": [ [ [ -73.935912, 40.795312 ], [ -73.937737, 40.792816 ], [ -73.931788, 40.790173 ], [ -73.927257, 40.794876 ], [ -73.933991, 40.797932 ], [ -73.935912, 40.795312 ] ] ] } },
{ "type": "Feature", "properties": { "GEOID": "36061000202", "gi_z": 0.1, "borough": "Manhattan", "pop": 6763.0, "incidents": 147, "lisa": "Not significant" }, "geometry": { "type": "Polygon", "coordinates": [ [ [ -73.985344, 40.714462 ], [ -73.984189, 40.705582 ], [ -73.979233, 40.705769 ], [ -73.972789, 40.709378 ], [ -73.975933, 40.712907 ], [ -73.979962, 40.713973 ], [ -73.982453, 40.714699 ], [ -73.985344, 40.714462 ] ] ] } },
{ "type": "Feature", "properties": { "GEOID": "36061004100", "gi_z": 6.32, "borough": "Manhattan", "pop": 6889.0, "incidents": 358, "lisa": "High-High" }, "geometry": { "type": "Polygon", "coordinates": [ [ [ -73.999956, 40.718017 ], [ -73.999313, 40.71755 ], [ -73.996059, 40.716232 ], [ -73.994808, 40.718457 ], [ -73.993795, 40.720937 ], [ -73.997123, 40.722301 ], [ -73.999956, 40.718017 ] ] ] } },
{ "type": "Feature", "properties": { "GEOID": "36061024301", "gi_z": 2.36, "borough": "Manhattan", "pop": 4681.0, "incidents": 237, "lisa": "High-High" }, "geometry": { "type": "Polygon", "coordinates": [ [ [ -73.939827, 40.838498 ], [ -73.94036, 40.833786 ], [ -73.939155, 40.833278 ], [ -73.936691, 40.837193 ], [ -73.938343, 40.837909 ], [ -73.939827, 40.838498 ] ] ] } },
{ "type": "Feature", "properties": { "GEOID": "36061002700", "gi_z": 2.57, "borough": "Manhattan", "pop": 1101.0, "incidents": 64, "lisa": "Low-High" }, "geometry": { "type": "Polygon", "coordinates": [ [ [ -74.000891, 40.713015 ], [ -74.00051, 40.710984 ], [ -73.996947, 40.712072 ], [ -73.997504, 40.714069 ], [ -74.000891, 40.713015 ] ] ] } },
{ "type": "Feature", "properties": { "GEOID": "36061008000", "gi_z": 2.97, "borough": "Manhattan", "pop": 5319.0, "incidents": 187, "lisa": "High-High" }, "geometry": { "type": "Polygon", "coordinates": [ [ [ -73.977677, 40.752119 ], [ -73.980853, 40.747751 ], [ -73.977636, 40.746392 ], [ -73.975835, 40.748863 ], [ -73.974449, 40.750766 ], [ -73.977677, 40.752119 ] ] ] } },
{ "type": "Feature", "properties": { "GEOID": "36061003100", "gi_z": 4.2, "borough": "Manhattan", "pop": 2910.0, "incidents": 401, "lisa": "High-High" }, "geometry": { "type": "Polygon", "coordinates": [ [ [ -74.005889, 40.714678 ], [ -74.008601, 40.711392 ], [ -74.004858, 40.712453 ], [ -73.999956, 40.718017 ], [ -74.001884, 40.719398 ], [ -74.005889, 40.714678 ] ] ] } },
{ "type": "Feature", "properties": { "GEOID": "36061012700", "gi_z": 8.32, "borough": "Manhattan", "pop": 6307.0, "incidents": 616, "lisa": "High-High" }, "geometry": { "type": "Polygon", "coordinates": [ [ [ -73.991788, 40.764684 ], [ -73.993609, 40.762184 ], [ -73.990764, 40.760988 ], [ -73.987927, 40.759791 ], [ -73.986104, 40.76229 ], [ -73.991788, 40.764684 ] ] ] } },
{ "type": "Feature", "properties": { "GEOID": "36061007100", "gi_z": 6.71, "borough": "Manhattan", "pop": 5231.0, "incidents": 481, "lisa": "High-High" }, "geometry": { "type": "Polygon", "coordinates": [ [ [ -74.001948, 40.736414 ], [ -74.002124, 40.732841 ], [ -74.000954, 40.731706 ], [ -74.000066, 40.732929 ], [ -73.99684, 40.737361 ], [ -73.999684, 40.738552 ], [ -74.001948, 40.736414 ] ] ] } },
{ "type": "Feature", "properties": { "GEOID": "36061029500", "gi_z": 1.81, "borough": "Manhattan", "pop": 7565.0, "incidents": 229, "lisa": "High-High" }, "geometry": { "type": "Polygon", "coordinates": [ [ [ -73.928722, 40.866743 ], [ -73.927269, 40.865535 ], [ -73.92311, 40.867016 ], [ -73.921214, 40.867693 ], [ -73.922145, 40.86915 ], [ -73.928722, 40.866743 ] ] ] } },
{ "type": "Feature", "properties": { "GEOID": "36061022800", "gi_z": 2.41, "borough": "Manhattan", "pop": 5713.0, "incidents": 433, "lisa": "High-High" }, "geometry": { "type": "Polygon", "coordinates": [ [ [ -73.945141, 40.818424 ], [ -73.947034, 40.81583 ], [ -73.941347, 40.813438 ], [ -73.939457, 40.816027 ], [ -73.945141, 40.818424 ] ] ] } },
{ "type": "Feature", "properties": { "GEOID": "36061013700", "gi_z": 4.61, "borough": "Manhattan", "pop": 6600.0, "incidents": 571, "lisa": "High-High" }, "geometry": { "type": "Polygon", "coordinates": [ [ [ -73.98238, 40.7674 ], [ -73.984283, 40.764792 ], [ -73.978601, 40.762396 ], [ -73.977686, 40.763645 ], [ -73.976234, 40.765675 ], [ -73.981431, 40.767874 ], [ -73.98238, 40.7674 ] ] ] } },
{ "type": "Feature", "properties": { "GEOID": "36061006600", "gi_z": 2.5, "borough": "Manhattan", "pop": 11034.0, "incidents": 329, "lisa": "High-High" }, "geometry": { "type": "Polygon", "coordinates": [ [ [ -73.980859, 40.74197 ], [ -73.982665, 40.739497 ], [ -73.978052, 40.737554 ], [ -73.9758, 40.740644 ], [ -73.978168, 40.741643 ], [ -73.98041, 40.742587 ], [ -73.980859, 40.74197 ] ] ] } },
{ "type": "Feature", "properties": { "GEOID": "36061018600", "gi_z": 0.9, "borough": "Manhattan", "pop": 6104.0, "incidents": 69, "lisa": "Not significant" }, "geometry": { "type": "Polygon", "coordinates": [ [ [ -73.950636, 40.80072 ], [ -73.952483, 40.798253 ], [ -73.94922, 40.79691 ], [ -73.948311, 40.798129 ], [ -73.946974, 40.799961 ], [ -73.950186, 40.801332 ], [ -73.950636, 40.80072 ] ] ] } },
{ "type": "Feature", "properties": { "GEOID": "36061019000", "gi_z": 2.09, "borough": "Manhattan", "pop": 3735.0, "incidents": 166, "lisa": "Low-High" }, "geometry": { "type": "Polygon", "coordinates": [ [ [ -73.948728, 40.803331 ], [ -73.950186, 40.801332 ], [ -73.946974, 40.799961 ], [ -73.945052, 40.802599 ], [ -73.948273, 40.803957 ], [ -73.948728, 40.803331 ] ] ] } },
{ "type": "Feature", "properties": { "GEOID": "36061018800", "gi_z": 5.06, "borough": "Manhattan", "pop": 4685.0, "incidents": 416, "lisa": "High-High" }, "geometry": { "type": "Polygon", "coordinates": [ [ [ -73.938603, 40.799883 ], [ -73.940519, 40.797261 ], [ -73.935912, 40.795312 ], [ -73.933991, 40.797932 ], [ -73.938603, 40.799883 ] ] ] } },
{ "type": "Feature", "properties": { "GEOID": "36061018700", "gi_z": 2.18, "borough": "Manhattan", "pop": 9907.0, "incidents": 234, "lisa": "High-High" }, "geometry": { "type": "Polygon", "coordinates": [ [ [ -73.980702017041693, 40.803332424066397 ], [ -73.982577837407604, 40.800750933682217 ], [ -73.969415, 40.795361 ], [ -73.968476, 40.796643 ], [ -73.967575, 40.79787 ], [ -73.980702017041693, 40.803332424066397 ] ] ] } },
{ "type": "Feature", "properties": { "GEOID": "36061006900", "gi_z": 3.14, "borough": "Manhattan", "pop": 2681.0, "incidents": 211, "lisa": "High-High" }, "geometry": { "type": "Polygon", "coordinates": [ [ [ -74.020062222695799, 40.732759054193885 ], [ -74.020968, 40.729037 ], [ -74.011376, 40.728233 ], [ -74.00709, 40.728772 ], [ -74.006624, 40.731669 ], [ -74.006407, 40.733054 ], [ -74.010997, 40.732321 ], [ -74.020062222695799, 40.732759054193885 ] ] ] } },
{ "type": "Feature", "properties": { "GEOID": "36061014500", "gi_z": 1.23, "borough": "Manhattan", "pop": 7329.0, "incidents": 419, "lisa": "Not significant" }, "geometry": { "type": "Polygon", "coordinates": [ [ [ -73.986695, 40.771668 ], [ -73.988063, 40.769791 ], [ -73.98238, 40.7674 ], [ -73.981431, 40.767874 ], [ -73.980564, 40.769905 ], [ -73.986238, 40.772299 ], [ -73.986695, 40.771668 ] ] ] } },
{ "type": "Feature", "properties": { "GEOID": "36061005700", "gi_z": 4.49, "borough": "Manhattan", "pop": 2600.0, "incidents": 231, "lisa": "High-High" }, "geometry": { "type": "Polygon", "coordinates": [ [ [ -73.995061, 40.72881 ], [ -73.994252, 40.728412 ], [ -73.991548, 40.727089 ], [ -73.991285, 40.727762 ], [ -73.99039, 40.731289 ], [ -73.99146, 40.731738 ], [ -73.995061, 40.72881 ] ] ] } },
{ "type": "Feature", "properties": { "GEOID": "36061003602", "gi_z": 4.11, "borough": "Manhattan", "pop": 3444.0, "incidents": 110, "lisa": "Low-High" }, "geometry": { "type": "Polygon", "coordinates": [ [ [ -73.991794, 40.726391 ], [ -73.992604, 40.724136 ], [ -73.988643, 40.722933 ], [ -73.987502, 40.724584 ], [ -73.991794, 40.726391 ] ] ] } },
{ "type": "Feature", "properties": { "GEOID": "36061000700", "gi_z": 2.71, "borough": "Manhattan", "pop": 9134.0, "incidents": 311, "lisa": "High-High" }, "geometry": { "type": "MultiPolygon", "coordinates": [ [ [ [ -73.998459260798995, 40.700310390097798 ], [ -73.999232809394897, 40.699181631318709 ], [ -73.998032, 40.698762 ], [ -73.9975, 40.699653 ], [ -73.998459260798995, 40.700310390097798 ] ] ], [ [ [ -74.012508, 40.706767 ], [ -74.007732598464997, 40.702807791515497 ], [ -74.004284283293217, 40.704408570022288 ], [ -74.010542, 40.709154 ], [ -74.012508, 40.706767 ] ] ] ] } },
{ "type": "Feature", "properties": { "GEOID": "36061001001", "gi_z": -0.64, "borough": "Manhattan", "pop": 1745.0, "incidents": 35, "lisa": "Not significant" }, "geometry": { "type": "Polygon", "coordinates": [ [ [ -73.979962, 40.713973 ], [ -73.975933, 40.712907 ], [ -73.972789, 40.709378 ], [ -73.969613, 40.707634 ], [ -73.969612, 40.71016 ], [ -73.968861, 40.71265 ], [ -73.978909, 40.715951 ], [ -73.979962, 40.713973 ] ] ] } },
{ "type": "Feature", "properties": { "GEOID": "36061010000", "gi_z": 2.18, "borough": "Manhattan", "pop": 1618.0, "incidents": 555, "lisa": "Not significant" }, "geometry": { "type": "Polygon", "coordinates": [ [ [ -73.974439, 40.756556 ], [ -73.971217, 40.755193 ], [ -73.968936, 40.75833 ], [ -73.968024, 40.759578 ], [ -73.971243, 40.760937 ], [ -73.974439, 40.756556 ] ] ] } },
{ "type": "Feature", "properties": { "GEOID": "36061027900", "gi_z": 2.48, "borough": "Manhattan", "pop": 9587.0, "incidents": 231, "lisa": "High-High" }, "geometry": { "type": "Polygon", "coordinates": [ [ [ -73.934627, 40.854501 ], [ -73.930996, 40.853062 ], [ -73.930539, 40.853685 ], [ -73.928233, 40.857168 ], [ -73.931313, 40.859328 ], [ -73.93215, 40.859527 ], [ -73.934627, 40.854501 ] ] ] } },
{ "type": "Feature", "properties": { "GEOID": "36061002100", "gi_z": 3.57, "borough": "Manhattan", "pop": 7441.0, "incidents": 406, "lisa": "High-High" }, "geometry": { "type": "Polygon", "coordinates": [ [ [ -74.012731, 40.717114 ], [ -74.0137, 40.713668 ], [ -74.008601, 40.711392 ], [ -74.005889, 40.714678 ], [ -74.009205, 40.716188 ], [ -74.012731, 40.717114 ] ] ] } },
{ "type": "Feature", "properties": { "GEOID": "36061016200", "gi_z": 1.13, "borough": "Manhattan", "pop": 9320.0, "incidents": 308, "lisa": "Not significant" }, "geometry": { "type": "Polygon", "coordinates": [ [ [ -73.944723, 40.783247 ], [ -73.937608, 40.781754 ], [ -73.934412, 40.778093 ], [ -73.928277, 40.776899 ], [ -73.925745, 40.778405 ], [ -73.927708, 40.780964 ], [ -73.935433, 40.783249 ], [ -73.936239, 40.785687 ], [ -73.931788, 40.790173 ], [ -73.937737, 40.792816 ], [ -73.938649, 40.791558 ], [ -73.941019, 40.788319 ], [ -73.943319, 40.785174 ], [ -73.944723, 40.783247 ] ] ] } },
{ "type": "Feature", "properties": { "GEOID": "36061004900", "gi_z": 4.48, "borough": "Manhattan", "pop": 4203.0, "incidents": 351, "lisa": "High-High" }, "geometry": { "type": "Polygon", "coordinates": [ [ [ -74.002149, 40.728036 ], [ -74.004031, 40.725513 ], [ -73.999853, 40.721792 ], [ -73.998812, 40.723021 ], [ -73.996772, 40.725432 ], [ -73.999916, 40.726935 ], [ -74.002149, 40.728036 ] ] ] } },
{ "type": "Feature", "properties": { "GEOID": "36061007500", "gi_z": 2.46, "borough": "Manhattan", "pop": 3898.0, "incidents": 178, "lisa": "High-High" }, "geometry": { "type": "Polygon", "coordinates": [ [ [ -74.019184431916003, 40.736366105108509 ], [ -74.020062222695799, 40.732759054193885 ], [ -74.010997, 40.732321 ], [ -74.006407, 40.733054 ], [ -74.00596, 40.735845 ], [ -74.005829, 40.736534 ], [ -74.019184431916003, 40.736366105108509 ] ] ] } },
{ "type": "Feature", "properties": { "GEOID": "36061000900", "gi_z": 1.95, "borough": "Manhattan", "pop": 1966.0, "incidents": 355, "lisa": "Not significant" }, "geometry": { "type": "MultiPolygon", "coordinates": [ [ [ [ -73.999232809394897, 40.699181631318709 ], [ -74.000959, 40.694069 ], [ -74.000701, 40.694388 ], [ -73.998032, 40.698762 ], [ -73.999232809394897, 40.699181631318709 ] ] ], [ [ [ -74.014289, 40.704549 ], [ -74.012691, 40.700506 ], [ -74.007732598464997, 40.702807791515497 ], [ -74.012508, 40.706767 ], [ -74.014289, 40.704549 ] ] ] ] } },
{ "type": "Feature", "properties": { "GEOID": "36061011700", "gi_z": 4.39, "borough": "Manhattan", "pop": 5363.0, "incidents": 142, "lisa": "Low-High" }, "geometry": { "type": "Polygon", "coordinates": [ [ [ -74.008603460180197, 40.76498133601789 ], [ -74.010234957836204, 40.762746982165694 ], [ -73.997306, 40.75711 ], [ -73.995474, 40.759627 ], [ -74.008603460180197, 40.76498133601789 ] ] ] } },
{ "type": "Feature", "properties": { "GEOID": "36061006200", "gi_z": 0.7, "borough": "Manhattan", "pop": 3886.0, "incidents": 191, "lisa": "Not significant" }, "geometry": { "type": "Polygon", "coordinates": [ [ [ -73.978052, 40.737554 ], [ -73.978498, 40.736791 ], [ -73.961214, 40.729508 ], [ -73.961843, 40.731625 ], [ -73.962478, 40.736802 ], [ -73.96262, 40.739033 ], [ -73.973512, 40.743782 ], [ -73.9758, 40.740644 ], [ -73.978052, 40.737554 ] ] ] } },
{ "type": "Feature", "properties": { "GEOID": "36005023702", "gi_z": 3.51, "borough": "Bronx", "pop": 1021.0, "incidents": 160, "lisa": "Low-High" }, "geometry": { "type": "Polygon", "coordinates": [ [ [ -73.898832, 40.859305 ], [ -73.897358, 40.858763 ], [ -73.895884, 40.862258 ], [ -73.897068, 40.862534 ], [ -73.898832, 40.859305 ] ] ] } },
{ "type": "Feature", "properties": { "GEOID": "36005025200", "gi_z": -0.89, "borough": "Bronx", "pop": 2582.0, "incidents": 122, "lisa": "Not significant" }, "geometry": { "type": "Polygon", "coordinates": [ [ [ -73.858617, 40.849687 ], [ -73.854014, 40.843639 ], [ -73.852191, 40.845656 ], [ -73.85619, 40.850779 ], [ -73.858617, 40.849687 ] ] ] } },
{ "type": "Feature", "properties": { "GEOID": "36005016500", "gi_z": 2.42, "borough": "Bronx", "pop": 1311.0, "incidents": 411, "lisa": "High-High" }, "geometry": { "type": "Polygon", "coordinates": [ [ [ -73.904851, 40.844726 ], [ -73.904937, 40.843375 ], [ -73.89827, 40.84068 ], [ -73.895367, 40.842895 ], [ -73.894809, 40.843761 ], [ -73.901304, 40.844477 ], [ -73.904851, 40.844726 ] ] ] } },
{ "type": "Feature", "properties": { "GEOID": "36005003500", "gi_z": 1.68, "borough": "Bronx", "pop": 3481.0, "incidents": 283, "lisa": "Not significant" }, "geometry": { "type": "Polygon", "coordinates": [ [ [ -73.910948, 40.813621 ], [ -73.910693, 40.808809 ], [ -73.907839, 40.808206 ], [ -73.90633, 40.812667 ], [ -73.907245, 40.812855 ], [ -73.910948, 40.813621 ] ] ] } },
{ "type": "Feature", "properties": { "GEOID": "36005021100", "gi_z": 2.35, "borough": "Bronx", "pop": 5922.0, "incidents": 305, "lisa": "High-High" }, "geometry": { "type": "Polygon", "coordinates": [ [ [ -73.92354, 40.844457 ], [ -73.926191, 40.838512 ], [ -73.922216, 40.837986 ], [ -73.921357, 40.840189 ], [ -73.922818, 40.844262 ], [ -73.92354, 40.844457 ] ] ] } },
{ "type": "Feature", "properties": { "GEOID": "36005000400", "gi_z": 0.38, "borough": "Bronx", "pop": 6649.0, "incidents": 267, "lisa": "Not significant" }, "geometry": { "type": "Polygon", "coordinates": [ [ [ -73.85362, 40.816088 ], [ -73.859717, 40.815269 ], [ -73.855618, 40.810608 ], [ -73.854632, 40.799724 ], [ -73.853072, 40.800113 ], [ -73.846654, 40.801024 ], [ -73.843134, 40.811603 ], [ -73.846097, 40.813079 ], [ -73.851629, 40.816354 ], [ -73.85362, 40.816088 ] ] ] } },
{ "type": "Feature", "properties": { "GEOID": "36005007400", "gi_z": 0.5, "borough": "Bronx", "pop": 3280.0, "incidents": 152, "lisa": "Not significant" }, "geometry": { "type": "Polygon", "coordinates": [ [ [ -73.855136, 40.822436 ], [ -73.85362, 40.816088 ], [ -73.851629, 40.816354 ], [ -73.850599, 40.816498 ], [ -73.852078, 40.822847 ], [ -73.855136, 40.822436 ] ] ] } },
{ "type": "Feature", "properties": { "GEOID": "36005040100", "gi_z": 3.91, "borough": "Bronx", "pop": 4749.0, "incidents": 552, "lisa": "High-High" }, "geometry": { "type": "Polygon", "coordinates": [ [ [ -73.897403, 40.867474 ], [ -73.90108, 40.862756 ], [ -73.899618, 40.862159 ], [ -73.897068, 40.862534 ], [ -73.894376, 40.866067 ], [ -73.897403, 40.867474 ] ] ] } },
{ "type": "Feature", "properties": { "GEOID": "36005001600", "gi_z": 1.21, "borough": "Bronx", "pop": 5611.0, "incidents": 340, "lisa": "Not significant" }, "geometry": { "type": "Polygon", "coordinates": [ [ [ -73.862464, 40.819247 ], [ -73.861482, 40.815029 ], [ -73.859717, 40.815269 ], [ -73.85362, 40.816088 ], [ -73.855136, 40.822436 ], [ -73.855312, 40.823192 ], [ -73.862029, 40.821509 ], [ -73.862464, 40.819247 ] ] ] } },
{ "type": "Feature", "properties": { "GEOID": "36005006100", "gi_z": 6.71, "borough": "Bronx", "pop": 3369.0, "incidents": 185, "lisa": "High-High" }, "geometry": { "type": "Polygon", "coordinates": [ [ [ -73.925746, 40.821175 ], [ -73.927313, 40.81856 ], [ -73.925185, 40.818013 ], [ -73.920665, 40.821837 ], [ -73.918459, 40.825574 ], [ -73.921152, 40.826398 ], [ -73.925746, 40.821175 ] ] ] } },
{ "type": "Feature", "properties": { "GEOID": "36005021501", "gi_z": 0.97, "borough": "Bronx", "pop": 4346.0, "incidents": 161, "lisa": "Not significant" }, "geometry": { "type": "Polygon", "coordinates": [ [ [ -73.919371, 40.849621 ], [ -73.920542, 40.846894 ], [ -73.915452, 40.850494 ], [ -73.916447, 40.851905 ], [ -73.919371, 40.849621 ] ] ] } },
{ "type": "Feature", "properties": { "GEOID": "36005042600", "gi_z": 0.13, "borough": "Bronx", "pop": 6669.0, "incidents": 339, "lisa": "Not significant" }, "geometry": { "type": "Polygon", "coordinates": [ [ [ -73.850691, 40.891303 ], [ -73.847049, 40.887672 ], [ -73.841941, 40.888418 ], [ -73.836434, 40.888935 ], [ -73.835549, 40.889133 ], [ -73.837337, 40.893814 ], [ -73.838407, 40.894061 ], [ -73.842788, 40.893094 ], [ -73.847181, 40.892128 ], [ -73.850691, 40.891303 ] ] ] } },
{ "type": "Feature", "properties": { "GEOID": "36005015700", "gi_z": 3.25, "borough": "Bronx", "pop": 6152.0, "incidents": 554, "lisa": "High-High" }, "geometry": { "type": "Polygon", "coordinates": [ [ [ -73.890714, 40.832409 ], [ -73.883887, 40.829809 ], [ -73.882354, 40.831505 ], [ -73.879983, 40.83468 ], [ -73.882222, 40.835463 ], [ -73.888742, 40.835707 ], [ -73.890714, 40.832409 ] ] ] } },
{ "type": "Feature", "properties": { "GEOID": "36005028300", "gi_z": 2.06, "borough": "Bronx", "pop": 2325.0, "incidents": 317, "lisa": "High-High" }, "geometry": { "type": "Polygon", "coordinates": [ [ [ -73.907198, 40.876389 ], [ -73.907, 40.873455 ], [ -73.906162, 40.873243 ], [ -73.904708, 40.876562 ], [ -73.901576, 40.880995 ], [ -73.896839, 40.885986 ], [ -73.89984, 40.886537 ], [ -73.901587, 40.883482 ], [ -73.903937, 40.880134 ], [ -73.907198, 40.876389 ] ] ] } },
{ "type": "Feature", "properties": { "GEOID": "36005019400", "gi_z": 1.21, "borough": "Bronx", "pop": 2117.0, "incidents": 132, "lisa": "Not significant" }, "geometry": { "type": "Polygon", "coordinates": [ [ [ -73.839364, 40.840878 ], [ -73.839332, 40.833554 ], [ -73.842385, 40.828688 ], [ -73.836838, 40.828464 ], [ -73.8363, 40.828369 ], [ -73.828189, 40.832951 ], [ -73.835007, 40.838107 ], [ -73.83763, 40.840293 ], [ -73.839364, 40.840878 ] ] ] } },
{ "type": "Feature", "properties": { "GEOID": "36005016000", "gi_z": -0.93, "borough": "Bronx", "pop": 3848.0, "incidents": 145, "lisa": "Not significant" }, "geometry": { "type": "Polygon", "coordinates": [ [ [ -73.818046, 40.835543 ], [ -73.823816, 40.83433 ], [ -73.821482, 40.831573 ], [ -73.818322, 40.827835 ], [ -73.813761351565105, 40.825473952737113 ], [ -73.815763866904604, 40.835906579625721 ], [ -73.818046, 40.835543 ] ] ] } },
{ "type": "Feature", "properties": { "GEOID": "36005009800", "gi_z": 1.73, "borough": "Bronx", "pop": 4080.0, "incidents": 293, "lisa": "Not significant" }, "geometry": { "type": "Polygon", "coordinates": [ [ [ -73.856151, 40.82677 ], [ -73.8563, 40.826757 ], [ -73.855312, 40.823192 ], [ -73.855136, 40.822436 ], [ -73.852078, 40.822847 ], [ -73.849018, 40.82326 ], [ -73.842898, 40.824083 ], [ -73.843917, 40.828447 ], [ -73.845255, 40.828463 ], [ -73.856151, 40.82677 ] ] ] } },
{ "type": "Feature", "properties": { "GEOID": "36005042500", "gi_z": 4.13, "borough": "Bronx", "pop": 6810.0, "incidents": 714, "lisa": "High-High" }, "geometry": { "type": "Polygon", "coordinates": [ [ [ -73.883625, 40.867258 ], [ -73.883079, 40.866593 ], [ -73.874367, 40.872701 ], [ -73.877514, 40.874139 ], [ -73.87923, 40.873672 ], [ -73.88247, 40.872128 ], [ -73.883625, 40.867258 ] ] ] } },
{ "type": "Feature", "properties": { "GEOID": "36005013100", "gi_z": 2.44, "borough": "Bronx", "pop": 5288.0, "incidents": 417, "lisa": "High-High" }, "geometry": { "type": "Polygon", "coordinates": [ [ [ -73.898205, 40.827889 ], [ -73.901176, 40.824389 ], [ -73.894871, 40.823937 ], [ -73.894836, 40.82624 ], [ -73.895603, 40.828316 ], [ -73.898205, 40.827889 ] ] ] } },
{ "type": "Feature", "properties": { "GEOID": "36005008300", "gi_z": 2.53, "borough": "Bronx", "pop": 6287.0, "incidents": 466, "lisa": "High-High" }, "geometry": { "type": "Polygon", "coordinates": [ [ [ -73.902579, 40.81737 ], [ -73.904466, 40.812282 ], [ -73.903074, 40.80988 ], [ -73.898448, 40.813177 ], [ -73.902579, 40.81737 ] ] ] } },
{ "type": "Feature", "properties": { "GEOID": "36005021800", "gi_z": 2.15, "borough": "Bronx", "pop": 6050.0, "incidents": 354, "lisa": "High-High" }, "geometry": { "type": "Polygon", "coordinates": [ [ [ -73.872843, 40.839758 ], [ -73.873943, 40.83598 ], [ -73.873799, 40.835968 ], [ -73.871102, 40.835755 ], [ -73.866806, 40.834837 ], [ -73.867248, 40.840344 ], [ -73.872843, 40.839758 ] ] ] } },
{ "type": "Feature", "properties": { "GEOID": "36005028100", "gi_z": 1.99, "borough": "Bronx", "pop": 3565.0, "incidents": 92, "lisa": "Low-High" }, "geometry": { "type": "Polygon", "coordinates": [ [ [ -73.894529, 40.885504 ], [ -73.892719, 40.882664 ], [ -73.886967, 40.882814 ], [ -73.887047, 40.884358 ], [ -73.894529, 40.885504 ] ] ] } },
{ "type": "Feature", "properties": { "GEOID": "36005026300", "gi_z": 1.69, "borough": "Bronx", "pop": 6381.0, "incidents": 354, "lisa": "Not significant" }, "geometry": { "type": "Polygon", "coordinates": [ [ [ -73.909099, 40.863001 ], [ -73.90904, 40.862679 ], [ -73.904934, 40.862749 ], [ -73.903319, 40.862735 ], [ -73.90114, 40.86828 ], [ -73.902358, 40.868696 ], [ -73.909099, 40.863001 ] ] ] } },
{ "type": "Feature", "properties": { "GEOID": "36005027700", "gi_z": 2.24, "borough": "Bronx", "pop": 4474.0, "incidents": 208, "lisa": "High-High" }, "geometry": { "type": "Polygon", "coordinates": [ [ [ -73.904708, 40.876562 ], [ -73.89958, 40.876608 ], [ -73.898065, 40.878501 ], [ -73.901576, 40.880995 ], [ -73.904708, 40.876562 ] ] ] } },
{ "type": "Feature", "properties": { "GEOID": "36005026400", "gi_z": 0.97, "borough": "Bronx", "pop": 5870.0, "incidents": 332, "lisa": "Not significant" }, "geometry": { "type": "Polygon", "coordinates": [ [ [ -73.836868, 40.843473 ], [ -73.83763, 40.840293 ], [ -73.835007, 40.838107 ], [ -73.826084, 40.841372 ], [ -73.826241, 40.842994 ], [ -73.826113, 40.845339 ], [ -73.836868, 40.843473 ] ] ] } },
{ "type": "Feature", "properties": { "GEOID": "36005029500", "gi_z": 0.25, "borough": "Bronx", "pop": 4582.0, "incidents": 175, "lisa": "Not significant" }, "geometry": { "type": "Polygon", "coordinates": [ [ [ -73.911725, 40.880739 ], [ -73.910537, 40.880569 ], [ -73.909336, 40.881346 ], [ -73.907026, 40.885827 ], [ -73.904135, 40.887089 ], [ -73.908418, 40.889122 ], [ -73.911725, 40.880739 ] ] ] } },
{ "type": "Feature", "properties": { "GEOID": "36005003100", "gi_z": 2.04, "borough": "Bronx", "pop": 2788.0, "incidents": 219, "lisa": "High-High" }, "geometry": { "type": "Polygon", "coordinates": [ [ [ -73.907839, 40.808206 ], [ -73.908443, 40.806477 ], [ -73.903074, 40.80988 ], [ -73.904466, 40.812282 ], [ -73.90633, 40.812667 ], [ -73.907839, 40.808206 ] ] ] } },
{ "type": "Feature", "properties": { "GEOID": "36005033000", "gi_z": 0.88, "borough": "Bronx", "pop": 5197.0, "incidents": 313, "lisa": "Not significant" }, "geometry": { "type": "Polygon", "coordinates": [ [ [ -73.867486, 40.861346 ], [ -73.867588, 40.85783 ], [ -73.864671, 40.857906 ], [ -73.864461, 40.865489 ], [ -73.86736, 40.865429 ], [ -73.867486, 40.861346 ] ] ] } },
{ "type": "Feature", "properties": { "GEOID": "36005027300", "gi_z": 1.92, "borough": "Bronx", "pop": 6431.0, "incidents": 278, "lisa": "Not significant" }, "geometry": { "type": "Polygon", "coordinates": [ [ [ -73.906162, 40.873243 ], [ -73.903794, 40.869617 ], [ -73.90265, 40.870585 ], [ -73.900054, 40.876184 ], [ -73.89958, 40.876608 ], [ -73.904708, 40.876562 ], [ -73.906162, 40.873243 ] ] ] } },
{ "type": "Feature", "properties": { "GEOID": "36005042200", "gi_z": 1.18, "borough": "Bronx", "pop": 3209.0, "incidents": 153, "lisa": "Not significant" }, "geometry": { "type": "Polygon", "coordinates": [ [ [ -73.857368, 40.893394 ], [ -73.858908, 40.890632 ], [ -73.853153, 40.8888 ], [ -73.851829, 40.89163 ], [ -73.854492, 40.892479 ], [ -73.857368, 40.893394 ] ] ] } },
{ "type": "Feature", "properties": { "GEOID": "36005042100", "gi_z": 2.01, "borough": "Bronx", "pop": 5780.0, "incidents": 375, "lisa": "Not significant" }, "geometry": { "type": "Polygon", "coordinates": [ [ [ -73.887047, 40.884358 ], [ -73.886967, 40.882814 ], [ -73.885656, 40.87889 ], [ -73.885265, 40.879228 ], [ -73.877686, 40.878994 ], [ -73.876781, 40.880259 ], [ -73.878487, 40.881076 ], [ -73.881244, 40.88271 ], [ -73.887047, 40.884358 ] ] ] } },
{ "type": "Feature", "properties": { "GEOID": "36005039000", "gi_z": 0.77, "borough": "Bronx", "pop": 3054.0, "incidents": 177, "lisa": "Not significant" }, "geometry": { "type": "Polygon", "coordinates": [ [ [ -73.86395, 40.881434 ], [ -73.864466, 40.880545 ], [ -73.8586, 40.878954 ], [ -73.857056, 40.881745 ], [ -73.862803, 40.883574 ], [ -73.86395, 40.881434 ] ] ] } },
{ "type": "Feature", "properties": { "GEOID": "36005039300", "gi_z": 4.95, "borough": "Bronx", "pop": 8847.0, "incidents": 238, "lisa": "High-High" }, "geometry": { "type": "Polygon", "coordinates": [ [ [ -73.886436, 40.850309 ], [ -73.883778, 40.848682 ], [ -73.883109, 40.848273 ], [ -73.880764, 40.856992 ], [ -73.88183, 40.857455 ], [ -73.883628, 40.853909 ], [ -73.886436, 40.850309 ] ] ] } },
{ "type": "Feature", "properties": { "GEOID": "36005039901", "gi_z": 3.6, "borough": "Bronx", "pop": 4855.0, "incidents": 493, "lisa": "High-High" }, "geometry": { "type": "Polygon", "coordinates": [ [ [ -73.897068, 40.862534 ], [ -73.895884, 40.862258 ], [ -73.891815, 40.861817 ], [ -73.890161, 40.863477 ], [ -73.892132, 40.864633 ], [ -73.893299, 40.865294 ], [ -73.894376, 40.866067 ], [ -73.897068, 40.862534 ] ] ] } },
{ "type": "Feature", "properties": { "GEOID": "36005022901", "gi_z": 1.19, "borough": "Bronx", "pop": 5927.0, "incidents": 291, "lisa": "Not significant" }, "geometry": { "type": "Polygon", "coordinates": [ [ [ -73.907487, 40.847804 ], [ -73.911143, 40.845063 ], [ -73.909361, 40.845006 ], [ -73.904851, 40.844726 ], [ -73.904621, 40.847392 ], [ -73.907487, 40.847804 ] ] ] } },
{ "type": "Feature", "properties": { "GEOID": "36005000200", "gi_z": 0.27, "borough": "Bronx", "pop": 5061.0, "incidents": 161, "lisa": "Not significant" }, "geometry": { "type": "Polygon", "coordinates": [ [ [ -73.866484, 40.805901 ], [ -73.862965, 40.79767 ], [ -73.854632, 40.799724 ], [ -73.855618, 40.810608 ], [ -73.859717, 40.815269 ], [ -73.861482, 40.815029 ], [ -73.865218, 40.814529 ], [ -73.86115, 40.811421 ], [ -73.866484, 40.805901 ] ] ] } },
{ "type": "Feature", "properties": { "GEOID": "36005035000", "gi_z": 0.09, "borough": "Bronx", "pop": 1887.0, "incidents": 122, "lisa": "Not significant" }, "geometry": { "type": "Polygon", "coordinates": [ [ [ -73.848597, 40.87167 ], [ -73.850084, 40.865335 ], [ -73.849525, 40.865322 ], [ -73.847185, 40.865283 ], [ -73.845173, 40.869915 ], [ -73.84609, 40.87039 ], [ -73.848597, 40.87167 ] ] ] } },
{ "type": "Feature", "properties": { "GEOID": "36005006500", "gi_z": 6.06, "borough": "Bronx", "pop": 5024.0, "incidents": 1108, "lisa": "High-High" }, "geometry": { "type": "Polygon", "coordinates": [ [ [ -73.925185, 40.818013 ], [ -73.920482, 40.814564 ], [ -73.917625, 40.816055 ], [ -73.915991, 40.817211 ], [ -73.922118, 40.818796 ], [ -73.920665, 40.821837 ], [ -73.925185, 40.818013 ] ] ] } },
{ "type": "Feature", "properties": { "GEOID": "36005023100", "gi_z": 2.93, "borough": "Bronx", "pop": 1420.0, "incidents": 145, "lisa": "Low-High" }, "geometry": { "type": "Polygon", "coordinates": [ [ [ -73.904621, 40.847392 ], [ -73.904851, 40.844726 ], [ -73.901304, 40.844477 ], [ -73.899671, 40.847438 ], [ -73.901955, 40.848059 ], [ -73.904621, 40.847392 ] ] ] } },
{ "type": "Feature", "properties": { "GEOID": "36005007500", "gi_z": 3.47, "borough": "Bronx", "pop": 6353.0, "incidents": 217, "lisa": "High-High" }, "geometry": { "type": "Polygon", "coordinates": [ [ [ -73.908418, 40.822181 ], [ -73.911942, 40.816047 ], [ -73.908225, 40.816203 ], [ -73.905313, 40.817925 ], [ -73.905659, 40.821557 ], [ -73.906457, 40.821715 ], [ -73.908418, 40.822181 ] ] ] } },
{ "type": "Feature", "properties": { "GEOID": "36005035800", "gi_z": 1.42, "borough": "Bronx", "pop": 6673.0, "incidents": 416, "lisa": "Not significant" }, "geometry": { "type": "Polygon", "coordinates": [ [ [ -73.843241, 40.879109 ], [ -73.848166, 40.876452 ], [ -73.84609, 40.87039 ], [ -73.845173, 40.869915 ], [ -73.843586, 40.869088 ], [ -73.837402, 40.871109 ], [ -73.839248, 40.876619 ], [ -73.843241, 40.879109 ] ] ] } },
{ "type": "Feature", "properties": { "GEOID": "36005039400", "gi_z": 0.87, "borough": "Bronx", "pop": 4323.0, "incidents": 172, "lisa": "Not significant" }, "geometry": { "type": "Polygon", "coordinates": [ [ [ -73.8646, 40.8883 ], [ -73.865982, 40.884391 ], [ -73.862416, 40.884281 ], [ -73.860862, 40.887097 ], [ -73.860452, 40.887804 ], [ -73.8646, 40.8883 ] ] ] } },
{ "type": "Feature", "properties": { "GEOID": "36005039902", "gi_z": 2.19, "borough": "Bronx", "pop": 4719.0, "incidents": 358, "lisa": "High-High" }, "geometry": { "type": "Polygon", "coordinates": [ [ [ -73.895884, 40.862258 ], [ -73.897358, 40.858763 ], [ -73.896363, 40.858376 ], [ -73.893808, 40.858942 ], [ -73.891447, 40.861634 ], [ -73.891815, 40.861817 ], [ -73.895884, 40.862258 ] ] ] } },
{ "type": "Feature", "properties": { "GEOID": "36005024600", "gi_z": 0.21, "borough": "Bronx", "pop": 2037.0, "incidents": 107, "lisa": "Not significant" }, "geometry": { "type": "Polygon", "coordinates": [ [ [ -73.86304, 40.850611 ], [ -73.862509, 40.848362 ], [ -73.861193, 40.848603 ], [ -73.858617, 40.849687 ], [ -73.860121, 40.851627 ], [ -73.86192, 40.856783 ], [ -73.86304, 40.850611 ] ] ] } },
{ "type": "Feature", "properties": { "GEOID": "36005036400", "gi_z": 1.06, "borough": "Bronx", "pop": 2304.0, "incidents": 213, "lisa": "Not significant" }, "geometry": { "type": "Polygon", "coordinates": [ [ [ -73.853637, 40.873301 ], [ -73.848597, 40.87167 ], [ -73.84609, 40.87039 ], [ -73.848166, 40.876452 ], [ -73.850689, 40.875487 ], [ -73.851201, 40.875154 ], [ -73.853637, 40.873301 ] ] ] } },
{ "type": "Feature", "properties": { "GEOID": "36005005902", "gi_z": 4.39, "borough": "Bronx", "pop": 3019.0, "incidents": 206, "lisa": "High-High" }, "geometry": { "type": "Polygon", "coordinates": [ [ [ -73.922669, 40.826854 ], [ -73.925746, 40.821175 ], [ -73.921152, 40.826398 ], [ -73.922669, 40.826854 ] ] ] } },
{ "type": "Feature", "properties": { "GEOID": "36005035100", "gi_z": -0.3, "borough": "Bronx", "pop": 3461.0, "incidents": 99, "lisa": "Not significant" }, "geometry": { "type": "Polygon", "coordinates": [ [ [ -73.901958, 40.901294 ], [ -73.901068, 40.898619 ], [ -73.905412, 40.894117 ], [ -73.90108, 40.893414 ], [ -73.902859, 40.889165 ], [ -73.89794, 40.89049 ], [ -73.896458, 40.893706 ], [ -73.897035, 40.900288 ], [ -73.901958, 40.901294 ] ] ] } },
{ "type": "Feature", "properties": { "GEOID": "36005031800", "gi_z": 0.18, "borough": "Bronx", "pop": 1820.0, "incidents": 91, "lisa": "Not significant" }, "geometry": { "type": "Polygon", "coordinates": [ [ [ -73.852891, 40.865388 ], [ -73.853109, 40.85841 ], [ -73.850282, 40.858657 ], [ -73.849525, 40.865322 ], [ -73.850084, 40.865335 ], [ -73.852891, 40.865388 ] ] ] } },
{ "type": "Feature", "properties": { "GEOID": "36005043000", "gi_z": 0.61, "borough": "Bronx", "pop": 3004.0, "incidents": 92, "lisa": "Not significant" }, "geometry": { "type": "Polygon", "coordinates": [ [ [ -73.853136, 40.894922 ], [ -73.854492, 40.892479 ], [ -73.851829, 40.89163 ], [ -73.850691, 40.891303 ], [ -73.847181, 40.892128 ], [ -73.848629, 40.895914 ], [ -73.853136, 40.894922 ] ] ] } },
{ "type": "Feature", "properties": { "GEOID": "36005020400", "gi_z": 0.95, "borough": "Bronx", "pop": 2829.0, "incidents": 153, "lisa": "Not significant" }, "geometry": { "type": "Polygon", "coordinates": [ [ [ -73.853335, 40.84247 ], [ -73.853035, 40.840735 ], [ -73.852914, 40.840086 ], [ -73.850678, 40.838575 ], [ -73.847798, 40.840697 ], [ -73.850523, 40.84279 ], [ -73.853335, 40.84247 ] ] ] } },
{ "type": "Feature", "properties": { "GEOID": "36005038800", "gi_z": 0.67, "borough": "Bronx", "pop": 2752.0, "incidents": 93, "lisa": "Not significant" }, "geometry": { "type": "Polygon", "coordinates": [ [ [ -73.857056, 40.881745 ], [ -73.8586, 40.878954 ], [ -73.852483, 40.879463 ], [ -73.852033, 40.88014 ], [ -73.857056, 40.881745 ] ] ] } },
{ "type": "Feature", "properties": { "GEOID": "36005024000", "gi_z": 1.23, "borough": "Bronx", "pop": 3855.0, "incidents": 375, "lisa": "Not significant" }, "geometry": { "type": "Polygon", "coordinates": [ [ [ -73.868892, 40.84441 ], [ -73.873561, 40.839794 ], [ -73.872843, 40.839758 ], [ -73.867248, 40.840344 ], [ -73.864465, 40.841088 ], [ -73.86358, 40.841278 ], [ -73.865167, 40.842466 ], [ -73.868892, 40.84441 ] ] ] } },
{ "type": "Feature", "properties": { "GEOID": "36005041300", "gi_z": 1.21, "borough": "Bronx", "pop": 7329.0, "incidents": 271, "lisa": "Not significant" }, "geometry": { "type": "Polygon", "coordinates": [ [ [ -73.884782, 40.878419 ], [ -73.887851, 40.872121 ], [ -73.886229, 40.870778 ], [ -73.882957, 40.873052 ], [ -73.884782, 40.878419 ] ] ] } },
{ "type": "Feature", "properties": { "GEOID": "36005036100", "gi_z": 2.75, "borough": "Bronx", "pop": 4690.0, "incidents": 392, "lisa": "High-High" }, "geometry": { "type": "Polygon", "coordinates": [ [ [ -73.882787, 40.841295 ], [ -73.880163, 40.839998 ], [ -73.878364, 40.839997 ], [ -73.876856, 40.84223 ], [ -73.879194, 40.845321 ], [ -73.882787, 40.841295 ] ] ] } },
{ "type": "Feature", "properties": { "GEOID": "36085001700", "gi_z": -0.16, "borough": "Staten Island", "pop": 1638.0, "incidents": 39, "lisa": "Not significant" }, "geometry": { "type": "Polygon", "coordinates": [ [ [ -74.085749, 40.633955 ], [ -74.081407, 40.630301 ], [ -74.079365, 40.632225 ], [ -74.078132, 40.638172 ], [ -74.083734, 40.635737 ], [ -74.085749, 40.633955 ] ] ] } },
{ "type": "Feature", "properties": { "GEOID": "36085002001", "gi_z": -1.76, "borough": "Staten Island", "pop": 2904.0, "incidents": 37, "lisa": "Low-Low" }, "geometry": { "type": "Polygon", "coordinates": [ [ [ -74.07119, 40.611517 ], [ -74.077867, 40.606066 ], [ -74.073085, 40.605374 ], [ -74.063769, 40.602127 ], [ -74.065163, 40.604201 ], [ -74.07119, 40.611517 ] ] ] } },
{ "type": "Feature", "properties": { "GEOID": "36085002100", "gi_z": -0.04, "borough": "Staten Island", "pop": 5623.0, "incidents": 401, "lisa": "Not significant" }, "geometry": { "type": "Polygon", "coordinates": [ [ [ -74.081407, 40.630301 ], [ -74.08525, 40.622801 ], [ -74.07997, 40.624483 ], [ -74.075647, 40.626664 ], [ -74.072509256325503, 40.6270873565229 ], [ -74.073537085921203, 40.637880281428295 ], [ -74.077899, 40.638094 ], [ -74.078132, 40.638172 ], [ -74.079365, 40.632225 ], [ -74.081407, 40.630301 ] ] ] } },
{ "type": "Feature", "properties": { "GEOID": "36085003600", "gi_z": -1.95, "borough": "Staten Island", "pop": 2615.0, "incidents": 43, "lisa": "Low-Low" }, "geometry": { "type": "Polygon", "coordinates": [ [ [ -74.080695, 40.607389 ], [ -74.081644, 40.606178 ], [ -74.077867, 40.606066 ], [ -74.07119, 40.611517 ], [ -74.074547, 40.616943 ], [ -74.080695, 40.607389 ] ] ] } },
{ "type": "Feature", "properties": { "GEOID": "36085004700", "gi_z": -1.81, "borough": "Staten Island", "pop": 2941.0, "incidents": 61, "lisa": "Low-Low" }, "geometry": { "type": "Polygon", "coordinates": [ [ [ -74.103511, 40.616414 ], [ -74.097658, 40.610503 ], [ -74.090568, 40.609002 ], [ -74.087487, 40.612932 ], [ -74.08721, 40.613307 ], [ -74.087414, 40.61593 ], [ -74.094071, 40.617704 ], [ -74.099685, 40.619653 ], [ -74.103511, 40.616414 ] ] ] } },
{ "type": "Feature", "properties": { "GEOID": "36085005000", "gi_z": -2.18, "borough": "Staten Island", "pop": 4669.0, "incidents": 63, "lisa": "Low-Low" }, "geometry": { "type": "Polygon", "coordinates": [ [ [ -74.092609, 40.60323 ], [ -74.091779, 40.599239 ], [ -74.089476, 40.600904 ], [ -74.082188, 40.601941 ], [ -74.076448, 40.601005 ], [ -74.077867, 40.606066 ], [ -74.081644, 40.606178 ], [ -74.090568, 40.609002 ], [ -74.092609, 40.60323 ] ] ] } },
{ "type": "Feature", "properties": { "GEOID": "36085010500", "gi_z": -1.18, "borough": "Staten Island", "pop": 5637.0, "incidents": 166, "lisa": "Low-Low" }, "geometry": { "type": "Polygon", "coordinates": [ [ [ -74.117657, 40.638062 ], [ -74.117549, 40.636954 ], [ -74.117199, 40.634568 ], [ -74.116836, 40.632675 ], [ -74.11619, 40.628941 ], [ -74.105768, 40.630569 ], [ -74.107337, 40.63854 ], [ -74.117657, 40.638062 ] ] ] } },
{ "type": "Feature", "properties": { "GEOID": "36085012100", "gi_z": -1.26, "borough": "Staten Island", "pop": 3134.0, "incidents": 56, "lisa": "Not significant" }, "geometry": { "type": "Polygon", "coordinates": [ [ [ -74.11619, 40.628941 ], [ -74.113309, 40.623042 ], [ -74.110015, 40.620688 ], [ -74.104256, 40.623682 ], [ -74.105063, 40.627178 ], [ -74.105768, 40.630569 ], [ -74.11619, 40.628941 ] ] ] } },
{ "type": "Feature", "properties": { "GEOID": "36085012804", "gi_z": -1.2, "borough": "Staten Island", "pop": 4820.0, "incidents": 126, "lisa": "Not significant" }, "geometry": { "type": "Polygon", "coordinates": [ [ [ -74.109762, 40.570468 ], [ -74.113762, 40.566497 ], [ -74.100131369512795, 40.558851193603097 ], [ -74.095242807756605, 40.563244590594202 ], [ -74.108739, 40.569992 ], [ -74.109762, 40.570468 ] ] ] } },
{ "type": "Feature", "properties": { "GEOID": "36085014606", "gi_z": -1.93, "borough": "Staten Island", "pop": 6450.0, "incidents": 42, "lisa": "Low-Low" }, "geometry": { "type": "Polygon", "coordinates": [ [ [ -74.144388, 40.569707 ], [ -74.147897, 40.570888 ], [ -74.152956, 40.566776 ], [ -74.144618, 40.558719 ], [ -74.146551, 40.556235 ], [ -74.145293, 40.551563 ], [ -74.140478, 40.554176 ], [ -74.138851, 40.556951 ], [ -74.135749, 40.55885 ], [ -74.1317, 40.564536 ], [ -74.144388, 40.569707 ] ] ] } },
{ "type": "Feature", "properties": { "GEOID": "36085014700", "gi_z": -1.98, "borough": "Staten Island", "pop": 3367.0, "incidents": 70, "lisa": "Low-Low" }, "geometry": { "type": "Polygon", "coordinates": [ [ [ -74.125133, 40.627102 ], [ -74.122557, 40.613076 ], [ -74.113375, 40.613805 ], [ -74.103511, 40.616414 ], [ -74.110015, 40.620688 ], [ -74.113309, 40.623042 ], [ -74.121257, 40.627823 ], [ -74.125133, 40.627102 ] ] ] } },
{ "type": "Feature", "properties": { "GEOID": "36085015100", "gi_z": -1.88, "borough": "Staten Island", "pop": 5070.0, "incidents": 56, "lisa": "Low-Low" }, "geometry": { "type": "Polygon", "coordinates": [ [ [ -74.13131, 40.626328 ], [ -74.131224, 40.617265 ], [ -74.130736, 40.612797 ], [ -74.130719, 40.612558 ], [ -74.122557, 40.613076 ], [ -74.125133, 40.627102 ], [ -74.13131, 40.626328 ] ] ] } },
{ "type": "Feature", "properties": { "GEOID": "36085017600", "gi_z": -1.89, "borough": "Staten Island", "pop": 5169.0, "incidents": 44, "lisa": "Low-Low" }, "geometry": { "type": "Polygon", "coordinates": [ [ [ -74.169013, 40.540098 ], [ -74.178867, 40.535535 ], [ -74.18083, 40.535925 ], [ -74.191744, 40.531917 ], [ -74.183824, 40.520855 ], [ -74.179339, 40.522514 ], [ -74.177976285961506, 40.519609456989023 ], [ -74.172543, 40.523221 ], [ -74.1600366563286, 40.527598919031703 ], [ -74.161349, 40.529374 ], [ -74.169013, 40.540098 ] ] ] } },
{ "type": "Feature", "properties": { "GEOID": "36085018701", "gi_z": -1.95, "borough": "Staten Island", "pop": 1915.0, "incidents": 36, "lisa": "Low-Low" }, "geometry": { "type": "Polygon", "coordinates": [ [ [ -74.130719, 40.612558 ], [ -74.132123, 40.608275 ], [ -74.127323, 40.608661 ], [ -74.121384, 40.609899 ], [ -74.122557, 40.613076 ], [ -74.130719, 40.612558 ] ] ] } },
{ "type": "Feature", "properties": { "GEOID": "36085021300", "gi_z": -0.74, "borough": "Staten Island", "pop": 5680.0, "incidents": 191, "lisa": "Not significant" }, "geometry": { "type": "Polygon", "coordinates": [ [ [ -74.145631, 40.635246 ], [ -74.14691, 40.631156 ], [ -74.136742, 40.628662 ], [ -74.130461, 40.630897 ], [ -74.13047, 40.631676 ], [ -74.136409, 40.634896 ], [ -74.145631, 40.635246 ] ] ] } },
{ "type": "Feature", "properties": { "GEOID": "36085023900", "gi_z": -0.89, "borough": "Staten Island", "pop": 3108.0, "incidents": 132, "lisa": "Not significant" }, "geometry": { "type": "Polygon", "coordinates": [ [ [ -74.15186, 40.634179 ], [ -74.153134, 40.625597 ], [ -74.148768, 40.625104 ], [ -74.146145, 40.62493 ], [ -74.14691, 40.631156 ], [ -74.145631, 40.635246 ], [ -74.15186, 40.634179 ] ] ] } },
{ "type": "Feature", "properties": { "GEOID": "36085024800", "gi_z": -0.87, "borough": "Staten Island", "pop": 4769.0, "incidents": 119, "lisa": "Not significant" }, "geometry": { "type": "Polygon", "coordinates": [ [ [ -74.2424289804745, 40.525032277575811 ], [ -74.244341, 40.518484 ], [ -74.251925, 40.513872 ], [ -74.255594215735002, 40.507731345405801 ], [ -74.251849, 40.507582 ], [ -74.243538, 40.510063 ], [ -74.232822, 40.516337 ], [ -74.229482, 40.519084 ], [ -74.23085, 40.520566 ], [ -74.23946, 40.521279 ], [ -74.2424289804745, 40.525032277575811 ] ] ] } },
{ "type": "Feature", "properties": { "GEOID": "36085027302", "gi_z": -2.03, "borough": "Staten Island", "pop": 4872.0, "incidents": 32, "lisa": "Low-Low" }, "geometry": { "type": "Polygon", "coordinates": [ [ [ -74.140462, 40.60307 ], [ -74.140041, 40.598596 ], [ -74.145321, 40.591643 ], [ -74.145834, 40.588564 ], [ -74.138667, 40.58902 ], [ -74.133775, 40.596333 ], [ -74.13092, 40.598856 ], [ -74.13099, 40.599503 ], [ -74.137234, 40.603249 ], [ -74.140462, 40.60307 ] ] ] } },
{ "type": "Feature", "properties": { "GEOID": "36085031902", "gi_z": -1.06, "borough": "Staten Island", "pop": 4657.0, "incidents": 110, "lisa": "Not significant" }, "geometry": { "type": "Polygon", "coordinates": [ [ [ -74.170765022103794, 40.642545882262397 ], [ -74.171196, 40.63595 ], [ -74.166275, 40.63365 ], [ -74.160311, 40.633788 ], [ -74.160159480985598, 40.638414116002508 ], [ -74.170765022103794, 40.642545882262397 ] ] ] } },
{ "type": "Feature", "properties": { "GEOID": "36085014605", "gi_z": -1.89, "borough": "Staten Island", "pop": 3724.0, "incidents": 32, "lisa": "Low-Low" }, "geometry": { "type": "Polygon", "coordinates": [ [ [ -74.152956, 40.566776 ], [ -74.155851, 40.563774 ], [ -74.152072, 40.555217 ], [ -74.150106, 40.550818 ], [ -74.145293, 40.551563 ], [ -74.146551, 40.556235 ], [ -74.144618, 40.558719 ], [ -74.152956, 40.566776 ] ] ] } },
{ "type": "Feature", "properties": { "GEOID": "36085020803", "gi_z": -1.57, "borough": "Staten Island", "pop": 7627.0, "incidents": 62, "lisa": "Low-Low" }, "geometry": { "type": "Polygon", "coordinates": [ [ [ -74.217769, 40.541126 ], [ -74.218315, 40.535312 ], [ -74.21556, 40.523968 ], [ -74.214098, 40.524098 ], [ -74.201171, 40.526754 ], [ -74.20699, 40.541747 ], [ -74.207973, 40.541671 ], [ -74.217769, 40.541126 ] ] ] } },
{ "type": "Feature", "properties": { "GEOID": "36085017009", "gi_z": -2.19, "borough": "Staten Island", "pop": 4880.0, "incidents": 25, "lisa": "Low-Low" }, "geometry": { "type": "Polygon", "coordinates": [ [ [ -74.197308, 40.543262 ], [ -74.193274, 40.534885 ], [ -74.186785, 40.539608 ], [ -74.180721, 40.546673 ], [ -74.187573, 40.550147 ], [ -74.197308, 40.543262 ] ] ] } },
{ "type": "Feature", "properties": { "GEOID": "36047008800", "gi_z": -0.7, "borough": "Brooklyn", "pop": 3221.0, "incidents": 95, "lisa": "Not significant" }, "geometry": { "type": "Polygon", "coordinates": [ [ [ -74.00449, 40.650706 ], [ -74.005074, 40.650147 ], [ -74.000662, 40.647487 ], [ -73.998276, 40.649734 ], [ -74.002144, 40.652956 ], [ -74.00449, 40.650706 ] ] ] } },
{ "type": "Feature", "properties": { "GEOID": "36047010100", "gi_z": 0.4, "borough": "Brooklyn", "pop": 4606.0, "incidents": 298, "lisa": "Not significant" }, "geometry": { "type": "Polygon", "coordinates": [ [ [ -74.00273, 40.658785 ], [ -74.004465, 40.657072 ], [ -74.000413, 40.654629 ], [ -73.995169, 40.659669 ], [ -73.999301, 40.662157 ], [ -74.00273, 40.658785 ] ] ] } },
{ "type": "Feature", "properties": { "GEOID": "36047011200", "gi_z": -1.51, "borough": "Brooklyn", "pop": 6611.0, "incidents": 153, "lisa": "Low-Low" }, "geometry": { "type": "Polygon", "coordinates": [ [ [ -73.998011, 40.643147 ], [ -73.999176, 40.642026 ], [ -73.99551, 40.63981 ], [ -73.994077, 40.64077 ], [ -73.991929, 40.642205 ], [ -73.996266, 40.644827 ], [ -73.998011, 40.643147 ] ] ] } },
{ "type": "Feature", "properties": { "GEOID": "36047012801", "gi_z": -1.55, "borough": "Brooklyn", "pop": 1987.0, "incidents": 54, "lisa": "Low-Low" }, "geometry": { "type": "Polygon", "coordinates": [ [ [ -74.015139, 40.633217 ], [ -74.016048, 40.631033 ], [ -74.012142, 40.628684 ], [ -74.010004, 40.630113 ], [ -74.015139, 40.633217 ] ] ] } },
{ "type": "Feature", "properties": { "GEOID": "36047012902", "gi_z": 0.99, "borough": "Brooklyn", "pop": 3822.0, "incidents": 133, "lisa": "Not significant" }, "geometry": { "type": "Polygon", "coordinates": [ [ [ -73.977457, 40.684052 ], [ -73.978676, 40.679047 ], [ -73.97618, 40.678065 ], [ -73.97378, 40.683061 ], [ -73.977457, 40.684052 ] ] ] } },
{ "type": "Feature", "properties": { "GEOID": "36047013300", "gi_z": -1.05, "borough": "Brooklyn", "pop": 4264.0, "incidents": 109, "lisa": "Not significant" }, "geometry": { "type": "Polygon", "coordinates": [ [ [ -73.983041, 40.677417 ], [ -73.984702, 40.675173 ], [ -73.979917, 40.672858 ], [ -73.97796, 40.675438 ], [ -73.983041, 40.677417 ] ] ] } },
{ "type": "Feature", "properties": { "GEOID": "36047014200", "gi_z": -1.42, "borough": "Brooklyn", "pop": 3534.0, "incidents": 93, "lisa": "Low-Low" }, "geometry": { "type": "Polygon", "coordinates": [ [ [ -74.021794, 40.624355 ], [ -74.026214, 40.621491 ], [ -74.022933, 40.619502 ], [ -74.019075, 40.623615 ], [ -74.018879, 40.624303 ], [ -74.021794, 40.624355 ] ] ] } },
{ "type": "Feature", "properties": { "GEOID": "36047014300", "gi_z": -1.33, "borough": "Brooklyn", "pop": 3675.0, "incidents": 105, "lisa": "Low-Low" }, "geometry": { "type": "Polygon", "coordinates": [ [ [ -73.994845, 40.666805 ], [ -73.996958, 40.664393 ], [ -73.990635, 40.660579 ], [ -73.988769, 40.662432 ], [ -73.988335, 40.662805 ], [ -73.99277, 40.665507 ], [ -73.994845, 40.666805 ] ] ] } },
{ "type": "Feature", "properties": { "GEOID": "36047072600", "gi_z": -2.02, "borough": "Brooklyn", "pop": 2672.0, "incidents": 52, "lisa": "Low-Low" }, "geometry": { "type": "Polygon", "coordinates": [ [ [ -73.937267, 40.634651 ], [ -73.937013, 40.632304 ], [ -73.936767, 40.629973 ], [ -73.9358, 40.630032 ], [ -73.931983, 40.630269 ], [ -73.930054, 40.630389 ], [ -73.930312, 40.632726 ], [ -73.931531, 40.635006 ], [ -73.9325, 40.634947 ], [ -73.937267, 40.634651 ] ] ] } },
{ "type": "Feature", "properties": { "GEOID": "36081000200", "gi_z": -0.56, "borough": "Queens", "pop": 2439.0, "incidents": 79, "lisa": "Not significant" }, "geometry": { "type": "Polygon", "coordinates": [ [ [ -73.864557, 40.69552 ], [ -73.868717, 40.694622 ], [ -73.868059, 40.691184 ], [ -73.863312, 40.691962 ], [ -73.864557, 40.69552 ] ] ] } },
{ "type": "Feature", "properties": { "GEOID": "36081001200", "gi_z": -0.89, "borough": "Queens", "pop": 4603.0, "incidents": 131, "lisa": "Not significant" }, "geometry": { "type": "Polygon", "coordinates": [ [ [ -73.864557, 40.69552 ], [ -73.863312, 40.691962 ], [ -73.862148, 40.69215 ], [ -73.85732, 40.692623 ], [ -73.858331, 40.696744 ], [ -73.864557, 40.69552 ] ] ] } },
{ "type": "Feature", "properties": { "GEOID": "36081001800", "gi_z": -1.22, "borough": "Queens", "pop": 3025.0, "incidents": 121, "lisa": "Not significant" }, "geometry": { "type": "Polygon", "coordinates": [ [ [ -73.852165, 40.693661 ], [ -73.854679, 40.692831 ], [ -73.85231, 40.687166 ], [ -73.850571, 40.687661 ], [ -73.848985, 40.688038 ], [ -73.852165, 40.693661 ] ] ] } },
{ "type": "Feature", "properties": { "GEOID": "36081002800", "gi_z": -1.76, "borough": "Queens", "pop": 2883.0, "incidents": 84, "lisa": "Low-Low" }, "geometry": { "type": "Polygon", "coordinates": [ [ [ -73.847733, 40.694775 ], [ -73.844995, 40.689162 ], [ -73.844155, 40.689404 ], [ -73.841046, 40.690284 ], [ -73.843442, 40.695187 ], [ -73.845397, 40.695157 ], [ -73.847733, 40.694775 ] ] ] } },
{ "type": "Feature", "properties": { "GEOID": "36081003200", "gi_z": -1.62, "borough": "Queens", "pop": 1902.0, "incidents": 69, "lisa": "Low-Low" }, "geometry": { "type": "Polygon", "coordinates": [ [ [ -73.850571, 40.687661 ], [ -73.849947, 40.6864 ], [ -73.849369, 40.685227 ], [ -73.843003, 40.687038 ], [ -73.844155, 40.689404 ], [ -73.844995, 40.689162 ], [ -73.847051, 40.688586 ], [ -73.848985, 40.688038 ], [ -73.850571, 40.687661 ] ] ] } },
{ "type": "Feature", "properties": { "GEOID": "36047050100", "gi_z": 0.19, "borough": "Brooklyn", "pop": 3089.0, "incidents": 153, "lisa": "Not significant" }, "geometry": { "type": "Polygon", "coordinates": [ [ [ -73.953485, 40.714069 ], [ -73.949372, 40.714067 ], [ -73.94607, 40.714372 ], [ -73.946744, 40.718548 ], [ -73.946791, 40.718821 ], [ -73.947213, 40.718561 ], [ -73.951842, 40.715442 ], [ -73.953485, 40.714069 ] ] ] } },
{ "type": "Feature", "properties": { "GEOID": "36047042800", "gi_z": -1.61, "borough": "Brooklyn", "pop": 3636.0, "incidents": 85, "lisa": "Low-Low" }, "geometry": { "type": "Polygon", "coordinates": [ [ [ -73.988551, 40.607002 ], [ -73.989132, 40.606456 ], [ -73.984925, 40.605313 ], [ -73.984457, 40.602854 ], [ -73.981679, 40.60316 ], [ -73.982548, 40.607764 ], [ -73.988423, 40.607119 ], [ -73.988551, 40.607002 ] ] ] } },
{ "type": "Feature", "properties": { "GEOID": "36047043100", "gi_z": 2.32, "borough": "Brooklyn", "pop": 3864.0, "incidents": 424, "lisa": "High-High" }, "geometry": { "type": "Polygon", "coordinates": [ [ [ -73.923082, 40.6992 ], [ -73.920824, 40.697918 ], [ -73.919321, 40.697061 ], [ -73.916316, 40.700122 ], [ -73.917068, 40.700548 ], [ -73.920075, 40.702259 ], [ -73.923082, 40.6992 ] ] ] } },
{ "type": "Feature", "properties": { "GEOID": "36047043600", "gi_z": -1.5, "borough": "Brooklyn", "pop": 4341.0, "incidents": 83, "lisa": "Low-Low" }, "geometry": { "type": "Polygon", "coordinates": [ [ [ -73.979638, 40.615565 ], [ -73.981438, 40.613838 ], [ -73.979474, 40.612666 ], [ -73.974391, 40.61058 ], [ -73.974515, 40.611257 ], [ -73.974777, 40.612638 ], [ -73.979638, 40.615565 ] ] ] } },
{ "type": "Feature", "properties": { "GEOID": "36047044000", "gi_z": -1.5, "borough": "Brooklyn", "pop": 2586.0, "incidents": 57, "lisa": "Low-Low" }, "geometry": { "type": "Polygon", "coordinates": [ [ [ -73.972903, 40.614153 ], [ -73.974777, 40.612638 ], [ -73.974515, 40.611257 ], [ -73.968153, 40.61196 ], [ -73.967286, 40.614773 ], [ -73.972903, 40.614153 ] ] ] } },
{ "type": "Feature", "properties": { "GEOID": "36047044200", "gi_z": -1.91, "borough": "Brooklyn", "pop": 2268.0, "incidents": 20, "lisa": "Low-Low" }, "geometry": { "type": "Polygon", "coordinates": [ [ [ -73.968153, 40.61196 ], [ -73.967668, 40.609404 ], [ -73.96286, 40.61255 ], [ -73.963361, 40.615204 ], [ -73.965287, 40.614992 ], [ -73.967286, 40.614773 ], [ -73.968153, 40.61196 ] ] ] } },
{ "type": "Feature", "properties": { "GEOID": "36047050600", "gi_z": -1.08, "borough": "Brooklyn", "pop": 5233.0, "incidents": 204, "lisa": "Not significant" }, "geometry": { "type": "Polygon", "coordinates": [ [ [ -73.971397, 40.648258 ], [ -73.970841, 40.646378 ], [ -73.964903, 40.648721 ], [ -73.963075, 40.64944 ], [ -73.962186, 40.649789 ], [ -73.96302, 40.651532 ], [ -73.964654, 40.650887 ], [ -73.971397, 40.648258 ] ] ] } },
{ "type": "Feature", "properties": { "GEOID": "36047051100", "gi_z": 0.85, "borough": "Brooklyn", "pop": 3817.0, "incidents": 155, "lisa": "Not significant" }, "geometry": { "type": "Polygon", "coordinates": [ [ [ -73.948655, 40.709725 ], [ -73.95083, 40.709143 ], [ -73.950237, 40.705473 ], [ -73.949836, 40.705229 ], [ -73.946265, 40.705604 ], [ -73.946973, 40.709894 ], [ -73.948655, 40.709725 ] ] ] } },
{ "type": "Feature", "properties": { "GEOID": "36047051200", "gi_z": -0.39, "borough": "Brooklyn", "pop": 6227.0, "incidents": 68, "lisa": "Not significant" }, "geometry": { "type": "Polygon", "coordinates": [ [ [ -73.964903, 40.648721 ], [ -73.964087, 40.644407 ], [ -73.961214, 40.644723 ], [ -73.961672, 40.647115 ], [ -73.963075, 40.64944 ], [ -73.964903, 40.648721 ] ] ] } },
{ "type": "Feature", "properties": { "GEOID": "36047051800", "gi_z": -1.35, "borough": "Brooklyn", "pop": 3391.0, "incidents": 42, "lisa": "Not significant" }, "geometry": { "type": "Polygon", "coordinates": [ [ [ -73.959377, 40.641471 ], [ -73.963186, 40.639672 ], [ -73.962203, 40.6345 ], [ -73.960409, 40.63536 ], [ -73.9584, 40.636327 ], [ -73.958966, 40.639305 ], [ -73.959377, 40.641471 ] ] ] } },
{ "type": "Feature", "properties": { "GEOID": "36047055000", "gi_z": -1.5, "borough": "Brooklyn", "pop": 3408.0, "incidents": 60, "lisa": "Low-Low" }, "geometry": { "type": "Polygon", "coordinates": [ [ [ -73.954796, 40.61082 ], [ -73.953922, 40.606217 ], [ -73.949837, 40.606667 ], [ -73.950706, 40.61125 ], [ -73.954796, 40.61082 ] ] ] } },
{ "type": "Feature", "properties": { "GEOID": "36047055100", "gi_z": 0.65, "borough": "Brooklyn", "pop": 6185.0, "incidents": 238, "lisa": "Not significant" }, "geometry": { "type": "Polygon", "coordinates": [ [ [ -73.967716, 40.71604 ], [ -73.968469, 40.712999 ], [ -73.961421, 40.711349 ], [ -73.959797, 40.713887 ], [ -73.962777, 40.715106 ], [ -73.967578, 40.716496 ], [ -73.967716, 40.71604 ] ] ] } },
{ "type": "Feature", "properties": { "GEOID": "36047055400", "gi_z": -1.52, "borough": "Brooklyn", "pop": 3989.0, "incidents": 120, "lisa": "Low-Low" }, "geometry": { "type": "Polygon", "coordinates": [ [ [ -73.96238, 40.609986 ], [ -73.961886, 40.607336 ], [ -73.961732, 40.605358 ], [ -73.957724, 40.6058 ], [ -73.958593, 40.610403 ], [ -73.96238, 40.609986 ] ] ] } },
{ "type": "Feature", "properties": { "GEOID": "36047055700", "gi_z": 1.09, "borough": "Brooklyn", "pop": 1702.0, "incidents": 205, "lisa": "Not significant" }, "geometry": { "type": "Polygon", "coordinates": [ [ [ -73.962645, 40.722747 ], [ -73.96355, 40.721571 ], [ -73.959009, 40.718636 ], [ -73.958416, 40.719189 ], [ -73.954776, 40.72246 ], [ -73.956273, 40.72339 ], [ -73.961611, 40.724951 ], [ -73.962645, 40.722747 ] ] ] } },
{ "type": "Feature", "properties": { "GEOID": "36047056600", "gi_z": -1.64, "borough": "Brooklyn", "pop": 2287.0, "incidents": 41, "lisa": "Low-Low" }, "geometry": { "type": "Polygon", "coordinates": [ [ [ -73.943766, 40.604961 ], [ -73.942889, 40.600318 ], [ -73.939042, 40.600742 ], [ -73.939916, 40.605386 ], [ -73.943766, 40.604961 ] ] ] } },
{ "type": "Feature", "properties": { "GEOID": "36047057000", "gi_z": -1.9, "borough": "Brooklyn", "pop": 3480.0, "incidents": 70, "lisa": "Low-Low" }, "geometry": { "type": "Polygon", "coordinates": [ [ [ -73.942889, 40.600318 ], [ -73.942484, 40.598201 ], [ -73.94148, 40.598304 ], [ -73.935369, 40.596542 ], [ -73.932576, 40.597719 ], [ -73.931404, 40.598476 ], [ -73.934471, 40.601231 ], [ -73.939042, 40.600742 ], [ -73.942889, 40.600318 ] ] ] } },
{ "type": "Feature", "properties": { "GEOID": "36047053700", "gi_z": -1.48, "borough": "Brooklyn", "pop": 4803.0, "incidents": 51, "lisa": "Low-Low" }, "geometry": { "type": "Polygon", "coordinates": [ [ [ -73.962839, 40.698039 ], [ -73.961051, 40.698326 ], [ -73.95702, 40.698974 ], [ -73.957167, 40.699708 ], [ -73.957457, 40.700822 ], [ -73.960341, 40.703437 ], [ -73.962179, 40.700221 ], [ -73.962839, 40.698039 ] ] ] } },
{ "type": "Feature", "properties": { "GEOID": "36081029100", "gi_z": 1.2, "borough": "Queens", "pop": 6259.0, "incidents": 262, "lisa": "Not significant" }, "geometry": { "type": "Polygon", "coordinates": [ [ [ -73.893734, 40.754681 ], [ -73.898738, 40.754154 ], [ -73.896359, 40.74877 ], [ -73.895659, 40.748473 ], [ -73.892409, 40.747135 ], [ -73.893734, 40.754681 ] ] ] } },
{ "type": "Feature", "properties": { "GEOID": "36081029700", "gi_z": -1.42, "borough": "Queens", "pop": 2391.0, "incidents": 186, "lisa": "High-Low" }, "geometry": { "type": "Polygon", "coordinates": [ [ [ -73.90651, 40.762109 ], [ -73.907794, 40.760518 ], [ -73.906315, 40.759844 ], [ -73.904917, 40.753505 ], [ -73.902472, 40.753763 ], [ -73.898738, 40.754154 ], [ -73.899703, 40.757783 ], [ -73.898773, 40.759916 ], [ -73.901553, 40.759626 ], [ -73.903512, 40.76585 ], [ -73.904512, 40.764589 ], [ -73.90651, 40.762109 ] ] ] } },
{ "type": "Feature", "properties": { "GEOID": "36081032700", "gi_z": 1.25, "borough": "Queens", "pop": 3742.0, "incidents": 83, "lisa": "Not significant" }, "geometry": { "type": "Polygon", "coordinates": [ [ [ -73.887327, 40.761118 ], [ -73.886298, 40.75546 ], [ -73.884439, 40.755657 ], [ -73.883507, 40.755755 ], [ -73.884536, 40.761414 ], [ -73.886397, 40.761216 ], [ -73.887327, 40.761118 ] ] ] } },
{ "type": "Feature", "properties": { "GEOID": "36081032900", "gi_z": 0.08, "borough": "Queens", "pop": 3715.0, "incidents": 169, "lisa": "Not significant" }, "geometry": { "type": "Polygon", "coordinates": [ [ [ -73.887552, 40.76635 ], [ -73.886397, 40.761216 ], [ -73.884536, 40.761414 ], [ -73.881748, 40.761705 ], [ -73.878954, 40.761984 ], [ -73.877973, 40.761795 ], [ -73.879073, 40.767836 ], [ -73.887552, 40.76635 ] ] ] } },
{ "type": "Feature", "properties": { "GEOID": "36081033000", "gi_z": 0.0, "borough": "Queens", "pop": 6943.0, "incidents": 183, "lisa": "Not significant" }, "geometry": { "type": "Polygon", "coordinates": [ [ [ -73.771178, 40.672531 ], [ -73.774496, 40.671828 ], [ -73.771545, 40.667963 ], [ -73.766754, 40.667433 ], [ -73.757631, 40.666451 ], [ -73.756362, 40.672429 ], [ -73.760315, 40.67511 ], [ -73.763677, 40.674746 ], [ -73.763805, 40.67377 ], [ -73.76466, 40.671318 ], [ -73.771178, 40.672531 ] ] ] } },
{ "type": "Feature", "properties": { "GEOID": "36081035200", "gi_z": -0.61, "borough": "Queens", "pop": 2833.0, "incidents": 140, "lisa": "Not significant" }, "geometry": { "type": "Polygon", "coordinates": [ [ [ -73.76161, 40.679738 ], [ -73.763677, 40.674746 ], [ -73.760315, 40.67511 ], [ -73.755657, 40.676157 ], [ -73.753238, 40.680117 ], [ -73.75097, 40.684202 ], [ -73.753308, 40.685021 ], [ -73.758881, 40.681243 ], [ -73.760459, 40.683263 ], [ -73.76161, 40.679738 ] ] ] } },
{ "type": "Feature", "properties": { "GEOID": "36081018700", "gi_z": -1.28, "borough": "Queens", "pop": 2760.0, "incidents": 103, "lisa": "Low-Low" }, "geometry": { "type": "Polygon", "coordinates": [ [ [ -73.929946, 40.737536 ], [ -73.931614, 40.736826 ], [ -73.922573, 40.734286 ], [ -73.920256, 40.735194 ], [ -73.919836, 40.737464 ], [ -73.925399, 40.738111 ], [ -73.929946, 40.737536 ] ] ] } },
{ "type": "Feature", "properties": { "GEOID": "36081019000", "gi_z": -1.69, "borough": "Queens", "pop": 2736.0, "incidents": 101, "lisa": "Low-Low" }, "geometry": { "type": "Polygon", "coordinates": [ [ [ -73.795615, 40.688657 ], [ -73.798286, 40.687524 ], [ -73.796368, 40.683612 ], [ -73.794635, 40.68211 ], [ -73.79266, 40.682569 ], [ -73.793908, 40.686305 ], [ -73.795615, 40.688657 ] ] ] } },
{ "type": "Feature", "properties": { "GEOID": "36081020200", "gi_z": -0.82, "borough": "Queens", "pop": 1688.0, "incidents": 54, "lisa": "Not significant" }, "geometry": { "type": "Polygon", "coordinates": [ [ [ -73.808902, 40.692564 ], [ -73.810749, 40.691917 ], [ -73.808017, 40.68706 ], [ -73.80415, 40.688388 ], [ -73.805046, 40.688982 ], [ -73.806425, 40.690874 ], [ -73.808902, 40.692564 ] ] ] } },
{ "type": "Feature", "properties": { "GEOID": "36081022001", "gi_z": -0.17, "borough": "Queens", "pop": 6402.0, "incidents": 192, "lisa": "Not significant" }, "geometry": { "type": "Polygon", "coordinates": [ [ [ -73.825705, 40.716063 ], [ -73.820662, 40.709869 ], [ -73.819459, 40.708396 ], [ -73.81915, 40.708428 ], [ -73.816442, 40.715785 ], [ -73.820323, 40.71666 ], [ -73.825705, 40.716063 ] ] ] } },
{ "type": "Feature", "properties": { "GEOID": "36081022002", "gi_z": -0.61, "borough": "Queens", "pop": 6098.0, "incidents": 133, "lisa": "Not significant" }, "geometry": { "type": "Polygon", "coordinates": [ [ [ -73.816442, 40.715785 ], [ -73.81915, 40.708428 ], [ -73.816416, 40.709865 ], [ -73.813927, 40.712769 ], [ -73.809834, 40.712812 ], [ -73.807774, 40.715716 ], [ -73.807822, 40.715911 ], [ -73.816442, 40.715785 ] ] ] } },
{ "type": "Feature", "properties": { "GEOID": "36081025500", "gi_z": -0.87, "borough": "Queens", "pop": 1390.0, "incidents": 101, "lisa": "Not significant" }, "geometry": { "type": "Polygon", "coordinates": [ [ [ -73.910231, 40.752977 ], [ -73.910451, 40.752961 ], [ -73.909847, 40.751637 ], [ -73.909711, 40.749755 ], [ -73.910159, 40.748502 ], [ -73.908117, 40.746186 ], [ -73.904917, 40.753505 ], [ -73.910231, 40.752977 ] ] ] } },
{ "type": "Feature", "properties": { "GEOID": "36047039400", "gi_z": -2.06, "borough": "Brooklyn", "pop": 2259.0, "incidents": 54, "lisa": "Low-Low" }, "geometry": { "type": "Polygon", "coordinates": [ [ [ -73.968201, 40.599835 ], [ -73.967376, 40.595461 ], [ -73.965076, 40.595716 ], [ -73.961185, 40.598312 ], [ -73.961363, 40.600589 ], [ -73.965904, 40.60009 ], [ -73.968201, 40.599835 ] ] ] } },
{ "type": "Feature", "properties": { "GEOID": "36047039800", "gi_z": -1.3, "borough": "Brooklyn", "pop": 2586.0, "incidents": 80, "lisa": "Not significant" }, "geometry": { "type": "Polygon", "coordinates": [ [ [ -73.980358, 40.596192 ], [ -73.979955, 40.594074 ], [ -73.971782, 40.593756 ], [ -73.971765, 40.595112 ], [ -73.971484, 40.597172 ], [ -73.980358, 40.596192 ] ] ] } },
{ "type": "Feature", "properties": { "GEOID": "36047033000", "gi_z": 0.44, "borough": "Brooklyn", "pop": 4721.0, "incidents": 138, "lisa": "Not significant" }, "geometry": { "type": "Polygon", "coordinates": [ [ [ -74.004000833087005, 40.581722484094101 ], [ -74.003223, 40.576887 ], [ -73.992638, 40.578118 ], [ -73.990504, 40.578358 ], [ -73.990679, 40.58006 ], [ -73.998368173056207, 40.581845652062704 ], [ -74.004000833087005, 40.581722484094101 ] ] ] } },
{ "type": "Feature", "properties": { "GEOID": "36047033900", "gi_z": -0.33, "borough": "Brooklyn", "pop": 5012.0, "incidents": 158, "lisa": "Not significant" }, "geometry": { "type": "Polygon", "coordinates": [ [ [ -73.94748, 40.67238 ], [ -73.947642, 40.670664 ], [ -73.936569, 40.670041 ], [ -73.936406, 40.671774 ], [ -73.941945, 40.672078 ], [ -73.94748, 40.67238 ] ] ] } },
{ "type": "Feature", "properties": { "GEOID": "36047034000", "gi_z": 0.04, "borough": "Brooklyn", "pop": 2172.0, "incidents": 72, "lisa": "Not significant" }, "geometry": { "type": "Polygon", "coordinates": [ [ [ -74.00287, 40.572305 ], [ -74.002771142058705, 40.57211126573749 ], [ -73.991387, 40.571656 ], [ -73.991743, 40.57343 ], [ -74.002548, 40.573327 ], [ -74.00287, 40.572305 ] ] ] } },
{ "type": "Feature", "properties": { "GEOID": "36047035000", "gi_z": 2.48, "borough": "Brooklyn", "pop": 3169.0, "incidents": 369, "lisa": "High-High" }, "geometry": { "type": "Polygon", "coordinates": [ [ [ -73.976271, 40.579821 ], [ -73.981975, 40.579254 ], [ -73.981256, 40.575563 ], [ -73.976619, 40.575301 ], [ -73.976271, 40.579821 ] ] ] } },
{ "type": "Feature", "properties": { "GEOID": "36047035200", "gi_z": 1.12, "borough": "Brooklyn", "pop": 1529.0, "incidents": 226, "lisa": "Not significant" }, "geometry": { "type": "Polygon", "coordinates": [ [ [ -74.002771142058705, 40.57211126573749 ], [ -74.002001, 40.570602 ], [ -73.990899, 40.570628 ], [ -73.959421370286705, 40.574136805823109 ], [ -73.959414, 40.575158 ], [ -73.962881, 40.574983 ], [ -73.968868, 40.575236 ], [ -73.973028, 40.57605 ], [ -73.976619, 40.575301 ], [ -73.981256, 40.575563 ], [ -73.983435, 40.575414 ], [ -73.991743, 40.57343 ], [ -73.991387, 40.571656 ], [ -74.002771142058705, 40.57211126573749 ] ] ] } },
{ "type": "Feature", "properties": { "GEOID": "36047040000", "gi_z": -1.76, "borough": "Brooklyn", "pop": 2570.0, "incidents": 124, "lisa": "Low-Low" }, "geometry": { "type": "Polygon", "coordinates": [ [ [ -73.980784, 40.598447 ], [ -73.980358, 40.596192 ], [ -73.971484, 40.597172 ], [ -73.971911, 40.599423 ], [ -73.972911, 40.599315 ], [ -73.976935, 40.59887 ], [ -73.979858, 40.598548 ], [ -73.980784, 40.598447 ] ] ] } },
{ "type": "Feature", "properties": { "GEOID": "36047040600", "gi_z": -1.4, "borough": "Brooklyn", "pop": 3726.0, "incidents": 30, "lisa": "Not significant" }, "geometry": { "type": "Polygon", "coordinates": [ [ [ -73.984457, 40.602854 ], [ -73.983567, 40.59814 ], [ -73.980784, 40.598447 ], [ -73.979858, 40.598548 ], [ -73.981679, 40.60316 ], [ -73.984457, 40.602854 ] ] ] } },
{ "type": "Feature", "properties": { "GEOID": "36047041000", "gi_z": -1.35, "borough": "Brooklyn", "pop": 1899.0, "incidents": 45, "lisa": "Not significant" }, "geometry": { "type": "Polygon", "coordinates": [ [ [ -73.977828, 40.603586 ], [ -73.976935, 40.59887 ], [ -73.972911, 40.599315 ], [ -73.972565, 40.601794 ], [ -73.975971, 40.603804 ], [ -73.977828, 40.603586 ] ] ] } },
{ "type": "Feature", "properties": { "GEOID": "36047041200", "gi_z": -1.34, "borough": "Brooklyn", "pop": 2789.0, "incidents": 81, "lisa": "Low-Low" }, "geometry": { "type": "Polygon", "coordinates": [ [ [ -73.97259, 40.606671 ], [ -73.975971, 40.603804 ], [ -73.972565, 40.601794 ], [ -73.972178, 40.604195 ], [ -73.97259, 40.606671 ] ] ] } },
{ "type": "Feature", "properties": { "GEOID": "36047041900", "gi_z": 0.99, "borough": "Brooklyn", "pop": 3479.0, "incidents": 147, "lisa": "Not significant" }, "geometry": { "type": "Polygon", "coordinates": [ [ [ -73.924249, 40.694429 ], [ -73.921154, 40.692796 ], [ -73.917818, 40.696208 ], [ -73.919321, 40.697061 ], [ -73.920824, 40.697918 ], [ -73.924249, 40.694429 ] ] ] } },
{ "type": "Feature", "properties": { "GEOID": "36047053800", "gi_z": -1.26, "borough": "Brooklyn", "pop": 5186.0, "incidents": 179, "lisa": "High-Low" }, "geometry": { "type": "Polygon", "coordinates": [ [ [ -73.957632, 40.620714 ], [ -73.958655, 40.615721 ], [ -73.955786, 40.616036 ], [ -73.954587, 40.616169 ], [ -73.955037, 40.618558 ], [ -73.957632, 40.620714 ] ] ] } },
{ "type": "Feature", "properties": { "GEOID": "36081025900", "gi_z": -0.33, "borough": "Queens", "pop": 3060.0, "incidents": 207, "lisa": "Not significant" }, "geometry": { "type": "Polygon", "coordinates": [ [ [ -73.902158, 40.751932 ], [ -73.906419, 40.745635 ], [ -73.903687, 40.744914 ], [ -73.901063, 40.750783 ], [ -73.902158, 40.751932 ] ] ] } },
{ "type": "Feature", "properties": { "GEOID": "36081026300", "gi_z": 0.41, "borough": "Queens", "pop": 4559.0, "incidents": 331, "lisa": "Not significant" }, "geometry": { "type": "Polygon", "coordinates": [ [ [ -73.897577, 40.7493 ], [ -73.900029, 40.743762 ], [ -73.896453, 40.742861 ], [ -73.894447, 40.746535 ], [ -73.895659, 40.748473 ], [ -73.896359, 40.74877 ], [ -73.897577, 40.7493 ] ] ] } },
{ "type": "Feature", "properties": { "GEOID": "36081051800", "gi_z": -1.72, "borough": "Queens", "pop": 2186.0, "incidents": 31, "lisa": "Low-Low" }, "geometry": { "type": "Polygon", "coordinates": [ [ [ -73.754711, 40.704538 ], [ -73.751968, 40.698449 ], [ -73.750193, 40.698912 ], [ -73.752051, 40.705228 ], [ -73.754711, 40.704538 ] ] ] } },
{ "type": "Feature", "properties": { "GEOID": "36081052200", "gi_z": -1.97, "borough": "Queens", "pop": 2233.0, "incidents": 51, "lisa": "Low-Low" }, "geometry": { "type": "Polygon", "coordinates": [ [ [ -73.760067, 40.703141 ], [ -73.758548, 40.699758 ], [ -73.75733, 40.697053 ], [ -73.756442, 40.697286 ], [ -73.754669, 40.697747 ], [ -73.757406, 40.703835 ], [ -73.760067, 40.703141 ] ] ] } },
{ "type": "Feature", "properties": { "GEOID": "36081052600", "gi_z": -1.9, "borough": "Queens", "pop": 2352.0, "incidents": 44, "lisa": "Low-Low" }, "geometry": { "type": "Polygon", "coordinates": [ [ [ -73.762615, 40.698697 ], [ -73.761592, 40.695905 ], [ -73.76198, 40.694591 ], [ -73.75733, 40.697053 ], [ -73.758548, 40.699758 ], [ -73.762615, 40.698697 ] ] ] } },
{ "type": "Feature", "properties": { "GEOID": "36047042300", "gi_z": 0.77, "borough": "Brooklyn", "pop": 4523.0, "incidents": 222, "lisa": "Not significant" }, "geometry": { "type": "Polygon", "coordinates": [ [ [ -73.930521, 40.698772 ], [ -73.929316, 40.69764 ], [ -73.92725, 40.696142 ], [ -73.923833, 40.699628 ], [ -73.926838, 40.701334 ], [ -73.927588, 40.701762 ], [ -73.930521, 40.698772 ] ] ] } },
{ "type": "Feature", "properties": { "GEOID": "36047044500", "gi_z": 2.03, "borough": "Brooklyn", "pop": 3944.0, "incidents": 261, "lisa": "High-High" }, "geometry": { "type": "Polygon", "coordinates": [ [ [ -73.923083, 40.703975 ], [ -73.920075, 40.702259 ], [ -73.916253, 40.706066 ], [ -73.919222, 40.707815 ], [ -73.923083, 40.703975 ] ] ] } },
{ "type": "Feature", "properties": { "GEOID": "36047045000", "gi_z": -1.67, "borough": "Brooklyn", "pop": 1147.0, "incidents": 23, "lisa": "Low-Low" }, "geometry": { "type": "Polygon", "coordinates": [ [ [ -73.970474, 40.624182 ], [ -73.975802, 40.623594 ], [ -73.975296, 40.620913 ], [ -73.969784, 40.620559 ], [ -73.970474, 40.624182 ] ] ] } },
{ "type": "Feature", "properties": { "GEOID": "36047046202", "gi_z": -2.13, "borough": "Brooklyn", "pop": 1914.0, "incidents": 74, "lisa": "Low-Low" }, "geometry": { "type": "Polygon", "coordinates": [ [ [ -73.976235, 40.625976 ], [ -73.977033, 40.62153 ], [ -73.975378, 40.620793 ], [ -73.975296, 40.620913 ], [ -73.975802, 40.623594 ], [ -73.970474, 40.624182 ], [ -73.970922, 40.62657 ], [ -73.976235, 40.625976 ] ] ] } },
{ "type": "Feature", "properties": { "GEOID": "36047047200", "gi_z": -2.02, "borough": "Brooklyn", "pop": 2840.0, "incidents": 35, "lisa": "Low-Low" }, "geometry": { "type": "Polygon", "coordinates": [ [ [ -73.987259, 40.629355 ], [ -73.988428, 40.628231 ], [ -73.981566, 40.624095 ], [ -73.979818, 40.625774 ], [ -73.986675, 40.629916 ], [ -73.987259, 40.629355 ] ] ] } },
{ "type": "Feature", "properties": { "GEOID": "36047047700", "gi_z": -0.51, "borough": "Brooklyn", "pop": 3918.0, "incidents": 185, "lisa": "Not significant" }, "geometry": { "type": "Polygon", "coordinates": [ [ [ -73.946791, 40.718821 ], [ -73.946744, 40.718548 ], [ -73.943427, 40.718934 ], [ -73.942066, 40.714729 ], [ -73.938696, 40.715323 ], [ -73.941094, 40.722309 ], [ -73.944405, 40.72024 ], [ -73.946791, 40.718821 ] ] ] } },
{ "type": "Feature", "properties": { "GEOID": "36047048000", "gi_z": -1.22, "borough": "Brooklyn", "pop": 3863.0, "incidents": 194, "lisa": "High-Low" }, "geometry": { "type": "Polygon", "coordinates": [ [ [ -73.977165, 40.630747 ], [ -73.976578, 40.627574 ], [ -73.971806, 40.629874 ], [ -73.972419, 40.632992 ], [ -73.976049, 40.631276 ], [ -73.977165, 40.630747 ] ] ] } },
{ "type": "Feature", "properties": { "GEOID": "36081061601", "gi_z": -1.88, "borough": "Queens", "pop": 2257.0, "incidents": 31, "lisa": "Low-Low" }, "geometry": { "type": "Polygon", "coordinates": [ [ [ -73.73396, 40.685639 ], [ -73.735822, 40.682255 ], [ -73.734992, 40.678506 ], [ -73.731874, 40.677569 ], [ -73.727183, 40.683597 ], [ -73.73396, 40.685639 ] ] ] } },
{ "type": "Feature", "properties": { "GEOID": "36081062100", "gi_z": -1.47, "borough": "Queens", "pop": 2667.0, "incidents": 74, "lisa": "Low-Low" }, "geometry": { "type": "Polygon", "coordinates": [ [ [ -73.875478, 40.71312 ], [ -73.874918, 40.706816 ], [ -73.86911, 40.707089 ], [ -73.870165, 40.709208 ], [ -73.871618, 40.71329 ], [ -73.875478, 40.71312 ] ] ] } },
{ "type": "Feature", "properties": { "GEOID": "36081062900", "gi_z": -1.38, "borough": "Queens", "pop": 3289.0, "incidents": 90, "lisa": "Low-Low" }, "geometry": { "type": "Polygon", "coordinates": [ [ [ -73.887401, 40.701401 ], [ -73.888189, 40.69886 ], [ -73.876398, 40.702294 ], [ -73.879167, 40.702076 ], [ -73.883747, 40.701705 ], [ -73.887401, 40.701401 ] ] ] } },
{ "type": "Feature", "properties": { "GEOID": "36081063302", "gi_z": -1.56, "borough": "Queens", "pop": 1862.0, "incidents": 42, "lisa": "Low-Low" }, "geometry": { "type": "Polygon", "coordinates": [ [ [ -73.874918, 40.706816 ], [ -73.871648, 40.702687 ], [ -73.869819, 40.702838 ], [ -73.869015, 40.70677 ], [ -73.86911, 40.707089 ], [ -73.874918, 40.706816 ] ] ] } },
{ "type": "Feature", "properties": { "GEOID": "36081063800", "gi_z": -1.46, "borough": "Queens", "pop": 3893.0, "incidents": 97, "lisa": "Low-Low" }, "geometry": { "type": "Polygon", "coordinates": [ [ [ -73.738501, 40.669285 ], [ -73.741178, 40.666403 ], [ -73.738559, 40.666397 ], [ -73.729807, 40.666432 ], [ -73.728272, 40.66644 ], [ -73.727542, 40.67416 ], [ -73.735059, 40.67399 ], [ -73.736249, 40.672631 ], [ -73.738501, 40.669285 ] ] ] } },
{ "type": "Feature", "properties": { "GEOID": "36081064101", "gi_z": -1.1, "borough": "Queens", "pop": 2328.0, "incidents": 51, "lisa": "Not significant" }, "geometry": { "type": "Polygon", "coordinates": [ [ [ -73.84908, 40.698351 ], [ -73.852664, 40.697572 ], [ -73.849478, 40.698196 ], [ -73.84908, 40.698351 ] ] ] } },
{ "type": "Feature", "properties": { "GEOID": "36081065600", "gi_z": -1.12, "borough": "Queens", "pop": 5282.0, "incidents": 109, "lisa": "Not significant" }, "geometry": { "type": "Polygon", "coordinates": [ [ [ -73.729807, 40.666432 ], [ -73.736177, 40.663491 ], [ -73.736266, 40.660626 ], [ -73.732996, 40.662657 ], [ -73.728387, 40.657411 ], [ -73.729604, 40.65569 ], [ -73.729705, 40.65359 ], [ -73.724874, 40.653447 ], [ -73.727592, 40.661094 ], [ -73.728272, 40.66644 ], [ -73.729807, 40.666432 ] ] ] } },
{ "type": "Feature", "properties": { "GEOID": "36081065702", "gi_z": -1.39, "borough": "Queens", "pop": 1264.0, "incidents": 27, "lisa": "Low-Low" }, "geometry": { "type": "Polygon", "coordinates": [ [ [ -73.88722, 40.713982 ], [ -73.880063, 40.712653 ], [ -73.878292, 40.712831 ], [ -73.880207, 40.715244 ], [ -73.88722, 40.713982 ] ] ] } },
{ "type": "Feature", "properties": { "GEOID": "36081066100", "gi_z": -1.74, "borough": "Queens", "pop": 1573.0, "incidents": 16, "lisa": "Low-Low" }, "geometry": { "type": "Polygon", "coordinates": [ [ [ -73.886662, 40.716396 ], [ -73.881642, 40.716183 ], [ -73.877941, 40.717898 ], [ -73.879167, 40.719431 ], [ -73.884229, 40.717524 ], [ -73.886662, 40.716396 ] ] ] } },
{ "type": "Feature", "properties": { "GEOID": "36081066501", "gi_z": -2.01, "borough": "Queens", "pop": 4003.0, "incidents": 52, "lisa": "Low-Low" }, "geometry": { "type": "Polygon", "coordinates": [ [ [ -73.88724, 40.72128 ], [ -73.894235, 40.717924 ], [ -73.890535, 40.718702 ], [ -73.887916, 40.715806 ], [ -73.886662, 40.716396 ], [ -73.884229, 40.717524 ], [ -73.881307, 40.721416 ], [ -73.88092, 40.721603 ], [ -73.882435, 40.723509 ], [ -73.88724, 40.72128 ] ] ] } },
{ "type": "Feature", "properties": { "GEOID": "36081055300", "gi_z": 0.96, "borough": "Queens", "pop": 2911.0, "incidents": 135, "lisa": "Not significant" }, "geometry": { "type": "Polygon", "coordinates": [ [ [ -73.911036, 40.699532 ], [ -73.906117, 40.69675 ], [ -73.902953, 40.700005 ], [ -73.90249, 40.700484 ], [ -73.908299, 40.699882 ], [ -73.911036, 40.699532 ] ] ] } },
{ "type": "Feature", "properties": { "GEOID": "36081055500", "gi_z": 0.36, "borough": "Queens", "pop": 2295.0, "incidents": 146, "lisa": "Not significant" }, "geometry": { "type": "Polygon", "coordinates": [ [ [ -73.906117, 40.69675 ], [ -73.9058, 40.694128 ], [ -73.905043, 40.693704 ], [ -73.901219, 40.697171 ], [ -73.902953, 40.700005 ], [ -73.906117, 40.69675 ] ] ] } },
{ "type": "Feature", "properties": { "GEOID": "36081086500", "gi_z": 2.67, "borough": "Queens", "pop": 4679.0, "incidents": 371, "lisa": "High-High" }, "geometry": { "type": "Polygon", "coordinates": [ [ [ -73.828114, 40.764056 ], [ -73.827516, 40.762421 ], [ -73.826541, 40.760464 ], [ -73.822072, 40.761625 ], [ -73.822601, 40.76276 ], [ -73.823482, 40.764652 ], [ -73.828114, 40.764056 ] ] ] } },
{ "type": "Feature", "properties": { "GEOID": "36081091800", "gi_z": -2.1, "borough": "Queens", "pop": 8.0, "incidents": 3, "lisa": "Low-Low" }, "geometry": { "type": "Polygon", "coordinates": [ [ [ -73.883063984567997, 40.56823520814951 ], [ -73.88277, 40.567597 ], [ -73.879439558052198, 40.561936054063011 ], [ -73.863071276520699, 40.567546911410403 ], [ -73.86653, 40.572701 ], [ -73.86283, 40.576088 ], [ -73.866005, 40.581001 ], [ -73.871418, 40.578535 ], [ -73.879222, 40.574656 ], [ -73.883063984567997, 40.56823520814951 ] ] ] } },
{ "type": "Feature", "properties": { "GEOID": "36081068000", "gi_z": -0.69, "borough": "Queens", "pop": 5594.0, "incidents": 144, "lisa": "Not significant" }, "geometry": { "type": "Polygon", "coordinates": [ [ [ -73.757631, 40.666451 ], [ -73.759106, 40.663674 ], [ -73.747824, 40.658641 ], [ -73.744875, 40.66369 ], [ -73.73955, 40.665256 ], [ -73.738559, 40.666397 ], [ -73.741178, 40.666403 ], [ -73.745366, 40.666404 ], [ -73.755262, 40.666395 ], [ -73.757631, 40.666451 ] ] ] } },
{ "type": "Feature", "properties": { "GEOID": "36081069400", "gi_z": -0.6, "borough": "Queens", "pop": 4091.0, "incidents": 101, "lisa": "Not significant" }, "geometry": { "type": "Polygon", "coordinates": [ [ [ -73.759821, 40.659349 ], [ -73.760074, 40.657844 ], [ -73.746549, 40.652554 ], [ -73.74506, 40.657407 ], [ -73.748581, 40.657587 ], [ -73.759821, 40.659349 ] ] ] } },
{ "type": "Feature", "properties": { "GEOID": "36081069701", "gi_z": -0.98, "borough": "Queens", "pop": 4054.0, "incidents": 52, "lisa": "Not significant" }, "geometry": { "type": "Polygon", "coordinates": [ [ [ -73.8641, 40.727382 ], [ -73.864514, 40.72676 ], [ -73.862038, 40.725957 ], [ -73.858072, 40.724474 ], [ -73.857981, 40.728735 ], [ -73.860115, 40.729522 ], [ -73.8641, 40.727382 ] ] ] } },
{ "type": "Feature", "properties": { "GEOID": "36081070900", "gi_z": -1.32, "borough": "Queens", "pop": 2765.0, "incidents": 36, "lisa": "Not significant" }, "geometry": { "type": "Polygon", "coordinates": [ [ [ -73.858522, 40.721529 ], [ -73.857772, 40.716456 ], [ -73.852227, 40.716807 ], [ -73.850605, 40.719381 ], [ -73.858522, 40.721529 ] ] ] } },
{ "type": "Feature", "properties": { "GEOID": "36081074300", "gi_z": -1.33, "borough": "Queens", "pop": 3953.0, "incidents": 95, "lisa": "Low-Low" }, "geometry": { "type": "Polygon", "coordinates": [ [ [ -73.852522, 40.733619 ], [ -73.850253, 40.729655 ], [ -73.845987, 40.730955 ], [ -73.848047, 40.734967 ], [ -73.852522, 40.733619 ] ] ] } },
{ "type": "Feature", "properties": { "GEOID": "36081074700", "gi_z": -1.05, "borough": "Queens", "pop": 3681.0, "incidents": 97, "lisa": "Not significant" }, "geometry": { "type": "Polygon", "coordinates": [ [ [ -73.847214, 40.738644 ], [ -73.848047, 40.734967 ], [ -73.845987, 40.730955 ], [ -73.844277, 40.72763 ], [ -73.840327, 40.728807 ], [ -73.843505, 40.731814 ], [ -73.847214, 40.738644 ] ] ] } },
{ "type": "Feature", "properties": { "GEOID": "36081077500", "gi_z": -1.39, "borough": "Queens", "pop": 2144.0, "incidents": 65, "lisa": "Low-Low" }, "geometry": { "type": "Polygon", "coordinates": [ [ [ -73.829314, 40.712423 ], [ -73.837147, 40.707957 ], [ -73.831764, 40.706142 ], [ -73.829687, 40.709348 ], [ -73.827722, 40.710603 ], [ -73.827785, 40.71066 ], [ -73.829314, 40.712423 ] ] ] } },
{ "type": "Feature", "properties": { "GEOID": "36047067000", "gi_z": -1.82, "borough": "Brooklyn", "pop": 2486.0, "incidents": 96, "lisa": "Low-Low" }, "geometry": { "type": "Polygon", "coordinates": [ [ [ -73.926401, 40.614479 ], [ -73.926295, 40.613193 ], [ -73.92617, 40.61306 ], [ -73.922498, 40.609809 ], [ -73.919009, 40.61212 ], [ -73.920527, 40.613943 ], [ -73.920624, 40.614839 ], [ -73.926401, 40.614479 ] ] ] } },
{ "type": "Feature", "properties": { "GEOID": "36047067400", "gi_z": -1.74, "borough": "Brooklyn", "pop": 1909.0, "incidents": 57, "lisa": "Low-Low" }, "geometry": { "type": "Polygon", "coordinates": [ [ [ -73.932195, 40.623269 ], [ -73.931731, 40.617927 ], [ -73.928478, 40.615017 ], [ -73.929311, 40.623441 ], [ -73.932195, 40.623269 ] ] ] } },
{ "type": "Feature", "properties": { "GEOID": "36047068800", "gi_z": -1.51, "borough": "Brooklyn", "pop": 1584.0, "incidents": 45, "lisa": "Low-Low" }, "geometry": { "type": "Polygon", "coordinates": [ [ [ -73.917265, 40.619548 ], [ -73.920852, 40.616972 ], [ -73.920624, 40.614839 ], [ -73.920527, 40.613943 ], [ -73.91714, 40.61839 ], [ -73.917265, 40.619548 ] ] ] } },
{ "type": "Feature", "properties": { "GEOID": "36047069000", "gi_z": -1.71, "borough": "Brooklyn", "pop": 1668.0, "incidents": 52, "lisa": "Low-Low" }, "geometry": { "type": "Polygon", "coordinates": [ [ [ -73.923262, 40.6216 ], [ -73.923008, 40.619193 ], [ -73.920852, 40.616972 ], [ -73.917265, 40.619548 ], [ -73.91747, 40.621513 ], [ -73.917515, 40.621941 ], [ -73.923262, 40.6216 ] ] ] } },
{ "type": "Feature", "properties": { "GEOID": "36047078000", "gi_z": -1.5, "borough": "Brooklyn", "pop": 2170.0, "incidents": 38, "lisa": "Low-Low" }, "geometry": { "type": "Polygon", "coordinates": [ [ [ -73.941283, 40.636687 ], [ -73.940788, 40.632076 ], [ -73.937013, 40.632304 ], [ -73.937267, 40.634651 ], [ -73.937512, 40.636921 ], [ -73.941283, 40.636687 ] ] ] } },
{ "type": "Feature", "properties": { "GEOID": "36047080000", "gi_z": -0.13, "borough": "Brooklyn", "pop": 3217.0, "incidents": 191, "lisa": "Not significant" }, "geometry": { "type": "Polygon", "coordinates": [ [ [ -73.957044, 40.661965 ], [ -73.956725, 40.659017 ], [ -73.950493, 40.659405 ], [ -73.95081, 40.662354 ], [ -73.9537, 40.662174 ], [ -73.957044, 40.661965 ] ] ] } },
{ "type": "Feature", "properties": { "GEOID": "36047080600", "gi_z": -0.19, "borough": "Brooklyn", "pop": 4038.0, "incidents": 146, "lisa": "Not significant" }, "geometry": { "type": "Polygon", "coordinates": [ [ [ -73.947914, 40.662533 ], [ -73.947676, 40.660297 ], [ -73.939813, 40.660785 ], [ -73.940029, 40.663021 ], [ -73.942829, 40.662847 ], [ -73.947914, 40.662533 ] ] ] } },
{ "type": "Feature", "properties": { "GEOID": "36047081400", "gi_z": -0.58, "borough": "Brooklyn", "pop": 2692.0, "incidents": 132, "lisa": "Not significant" }, "geometry": { "type": "Polygon", "coordinates": [ [ [ -73.942401, 40.655885 ], [ -73.941891, 40.651169 ], [ -73.938081, 40.651376 ], [ -73.938593, 40.656123 ], [ -73.942401, 40.655885 ] ] ] } },
{ "type": "Feature", "properties": { "GEOID": "36047082200", "gi_z": 0.42, "borough": "Brooklyn", "pop": 7104.0, "incidents": 149, "lisa": "Not significant" }, "geometry": { "type": "Polygon", "coordinates": [ [ [ -73.956388, 40.655875 ], [ -73.9563, 40.655049 ], [ -73.955825, 40.65053 ], [ -73.952469, 40.65067 ], [ -73.953048, 40.656081 ], [ -73.956388, 40.655875 ] ] ] } },
{ "type": "Feature", "properties": { "GEOID": "36047083200", "gi_z": -0.83, "borough": "Brooklyn", "pop": 2094.0, "incidents": 50, "lisa": "Not significant" }, "geometry": { "type": "Polygon", "coordinates": [ [ [ -73.943965, 40.643543 ], [ -73.942503, 40.638965 ], [ -73.939664, 40.639142 ], [ -73.940159, 40.64378 ], [ -73.943965, 40.643543 ] ] ] } },
{ "type": "Feature", "properties": { "GEOID": "36047083800", "gi_z": -1.54, "borough": "Brooklyn", "pop": 1931.0, "incidents": 56, "lisa": "Low-Low" }, "geometry": { "type": "Polygon", "coordinates": [ [ [ -73.937284, 40.643958 ], [ -73.936792, 40.639319 ], [ -73.932984, 40.639555 ], [ -73.933478, 40.644192 ], [ -73.937284, 40.643958 ] ] ] } },
{ "type": "Feature", "properties": { "GEOID": "36047085000", "gi_z": -1.35, "borough": "Brooklyn", "pop": 1383.0, "incidents": 71, "lisa": "Not significant" }, "geometry": { "type": "Polygon", "coordinates": [ [ [ -73.937383, 40.644905 ], [ -73.937284, 40.643958 ], [ -73.933478, 40.644192 ], [ -73.929599, 40.644433 ], [ -73.929999, 40.648181 ], [ -73.932921, 40.647997 ], [ -73.937383, 40.644905 ] ] ] } },
{ "type": "Feature", "properties": { "GEOID": "36047085800", "gi_z": -0.58, "borough": "Brooklyn", "pop": 1951.0, "incidents": 88, "lisa": "Not significant" }, "geometry": { "type": "Polygon", "coordinates": [ [ [ -73.942826, 40.65111 ], [ -73.942631, 40.649339 ], [ -73.935858, 40.648662 ], [ -73.936175, 40.651469 ], [ -73.938081, 40.651376 ], [ -73.941891, 40.651169 ], [ -73.942826, 40.65111 ] ] ] } },
{ "type": "Feature", "properties": { "GEOID": "36047086200", "gi_z": -0.88, "borough": "Brooklyn", "pop": 2626.0, "incidents": 114, "lisa": "Not significant" }, "geometry": { "type": "Polygon", "coordinates": [ [ [ -73.930381, 40.651734 ], [ -73.929999, 40.648181 ], [ -73.92612, 40.64842 ], [ -73.926547, 40.652392 ], [ -73.927514, 40.652318 ], [ -73.930381, 40.651734 ] ] ] } },
{ "type": "Feature", "properties": { "GEOID": "36047087200", "gi_z": -0.31, "borough": "Brooklyn", "pop": 3127.0, "incidents": 85, "lisa": "Not significant" }, "geometry": { "type": "Polygon", "coordinates": [ [ [ -73.938593, 40.656123 ], [ -73.938081, 40.651376 ], [ -73.936175, 40.651469 ], [ -73.934268, 40.651563 ], [ -73.935718, 40.656303 ], [ -73.938593, 40.656123 ] ] ] } },
{ "type": "Feature", "properties": { "GEOID": "36047070000", "gi_z": -1.03, "borough": "Brooklyn", "pop": 1214.0, "incidents": 40, "lisa": "Not significant" }, "geometry": { "type": "Polygon", "coordinates": [ [ [ -73.902744, 40.620068 ], [ -73.906958, 40.622709 ], [ -73.908928, 40.618877 ], [ -73.902744, 40.620068 ] ] ] } },
{ "type": "Feature", "properties": { "GEOID": "36047073400", "gi_z": -1.57, "borough": "Brooklyn", "pop": 1142.0, "incidents": 34, "lisa": "Low-Low" }, "geometry": { "type": "Polygon", "coordinates": [ [ [ -73.939605, 40.629795 ], [ -73.939157, 40.6256 ], [ -73.935349, 40.625835 ], [ -73.9358, 40.630032 ], [ -73.936767, 40.629973 ], [ -73.939605, 40.629795 ] ] ] } },
{ "type": "Feature", "properties": { "GEOID": "36047073600", "gi_z": -1.77, "borough": "Brooklyn", "pop": 2918.0, "incidents": 55, "lisa": "Low-Low" }, "geometry": { "type": "Polygon", "coordinates": [ [ [ -73.939157, 40.6256 ], [ -73.939557, 40.625158 ], [ -73.93538, 40.621216 ], [ -73.9331, 40.622694 ], [ -73.933449, 40.625704 ], [ -73.935349, 40.625835 ], [ -73.939157, 40.6256 ] ] ] } },
{ "type": "Feature", "properties": { "GEOID": "36047075200", "gi_z": -1.67, "borough": "Brooklyn", "pop": 1146.0, "incidents": 18, "lisa": "Low-Low" }, "geometry": { "type": "Polygon", "coordinates": [ [ [ -73.954885, 40.628336 ], [ -73.953983, 40.623555 ], [ -73.953052, 40.623658 ], [ -73.950202, 40.623971 ], [ -73.951106, 40.62875 ], [ -73.954885, 40.628336 ] ] ] } },
{ "type": "Feature", "properties": { "GEOID": "36047076400", "gi_z": -1.96, "borough": "Brooklyn", "pop": 4302.0, "incidents": 31, "lisa": "Low-Low" }, "geometry": { "type": "Polygon", "coordinates": [ [ [ -73.960409, 40.63536 ], [ -73.959898, 40.632668 ], [ -73.958994, 40.627886 ], [ -73.956847, 40.62812 ], [ -73.957299, 40.630512 ], [ -73.958198, 40.635289 ], [ -73.9584, 40.636327 ], [ -73.960409, 40.63536 ] ] ] } },
{ "type": "Feature", "properties": { "GEOID": "36047090800", "gi_z": 1.65, "borough": "Brooklyn", "pop": 6230.0, "incidents": 322, "lisa": "Not significant" }, "geometry": { "type": "Polygon", "coordinates": [ [ [ -73.907877, 40.673567 ], [ -73.906355, 40.667708 ], [ -73.901668, 40.668413 ], [ -73.901982, 40.66967 ], [ -73.903475, 40.675507 ], [ -73.907877, 40.673567 ] ] ] } },
{ "type": "Feature", "properties": { "GEOID": "36047092000", "gi_z": 0.19, "borough": "Brooklyn", "pop": 3202.0, "incidents": 227, "lisa": "Not significant" }, "geometry": { "type": "Polygon", "coordinates": [ [ [ -73.907191, 40.659619 ], [ -73.906369, 40.656412 ], [ -73.900303, 40.657263 ], [ -73.898807, 40.657407 ], [ -73.900661, 40.660587 ], [ -73.907191, 40.659619 ] ] ] } },
{ "type": "Feature", "properties": { "GEOID": "36047093600", "gi_z": -0.95, "borough": "Brooklyn", "pop": 1529.0, "incidents": 91, "lisa": "Not significant" }, "geometry": { "type": "Polygon", "coordinates": [ [ [ -73.922849, 40.652463 ], [ -73.923249, 40.648599 ], [ -73.919976, 40.64503 ], [ -73.920773, 40.652554 ], [ -73.922849, 40.652463 ] ] ] } },
{ "type": "Feature", "properties": { "GEOID": "36047095600", "gi_z": -1.44, "borough": "Brooklyn", "pop": 3666.0, "incidents": 134, "lisa": "Low-Low" }, "geometry": { "type": "Polygon", "coordinates": [ [ [ -73.913278, 40.635508 ], [ -73.916224, 40.633606 ], [ -73.911437, 40.633857 ], [ -73.907784, 40.63622 ], [ -73.905612, 40.637622 ], [ -73.907454, 40.639276 ], [ -73.910367, 40.637391 ], [ -73.913278, 40.635508 ] ] ] } },
{ "type": "Feature", "properties": { "GEOID": "36047095800", "gi_z": -1.08, "borough": "Brooklyn", "pop": 2760.0, "incidents": 96, "lisa": "Not significant" }, "geometry": { "type": "Polygon", "coordinates": [ [ [ -73.912915, 40.644177 ], [ -73.915925, 40.642384 ], [ -73.910367, 40.637391 ], [ -73.907454, 40.639276 ], [ -73.910764, 40.642246 ], [ -73.912915, 40.644177 ] ] ] } },
{ "type": "Feature", "properties": { "GEOID": "36081152902", "gi_z": -1.69, "borough": "Queens", "pop": 6530.0, "incidents": 91, "lisa": "Low-Low" }, "geometry": { "type": "Polygon", "coordinates": [ [ [ -73.731862, 40.760542 ], [ -73.725764, 40.752189 ], [ -73.721489, 40.756427 ], [ -73.716986, 40.759428 ], [ -73.713325, 40.75973 ], [ -73.721059, 40.764499 ], [ -73.72794, 40.762869 ], [ -73.731862, 40.760542 ] ] ] } },
{ "type": "Feature", "properties": { "GEOID": "36081157901", "gi_z": -1.22, "borough": "Queens", "pop": 5064.0, "incidents": 52, "lisa": "Not significant" }, "geometry": { "type": "Polygon", "coordinates": [ [ [ -73.710296, 40.747908 ], [ -73.706514, 40.737722 ], [ -73.700506, 40.739061 ], [ -73.701633, 40.752493 ], [ -73.710296, 40.747908 ] ] ] } },
{ "type": "Feature", "properties": { "GEOID": "36081161700", "gi_z": -0.95, "borough": "Queens", "pop": 4843.0, "incidents": 75, "lisa": "Not significant" }, "geometry": { "type": "Polygon", "coordinates": [ [ [ -73.723306, 40.730348 ], [ -73.72472, 40.724298 ], [ -73.710485, 40.72723 ], [ -73.711478, 40.732501 ], [ -73.723072, 40.731493 ], [ -73.723306, 40.730348 ] ] ] } },
{ "type": "Feature", "properties": { "GEOID": "36081162100", "gi_z": -1.63, "borough": "Queens", "pop": 6340.0, "incidents": 142, "lisa": "Low-Low" }, "geometry": { "type": "Polygon", "coordinates": [ [ [ -73.735265, 40.733454 ], [ -73.737155, 40.728732 ], [ -73.735455, 40.728346 ], [ -73.731219, 40.726698 ], [ -73.729905, 40.723273 ], [ -73.728175, 40.723092 ], [ -73.72472, 40.724298 ], [ -73.723306, 40.730348 ], [ -73.727734, 40.731058 ], [ -73.735265, 40.733454 ] ] ] } },
{ "type": "Feature", "properties": { "GEOID": "36047000200", "gi_z": -0.14, "borough": "Brooklyn", "pop": 1288.0, "incidents": 206, "lisa": "Not significant" }, "geometry": { "type": "Polygon", "coordinates": [ [ [ -74.013895, 40.655466 ], [ -74.015184, 40.650773 ], [ -74.012629, 40.649235 ], [ -74.010915, 40.650938 ], [ -74.008545, 40.6532 ], [ -74.006231, 40.6554 ], [ -74.00879, 40.656963 ], [ -74.013895, 40.655466 ] ] ] } },
{ "type": "Feature", "properties": { "GEOID": "36047001100", "gi_z": 3.76, "borough": "Brooklyn", "pop": 1580.0, "incidents": 830, "lisa": "High-High" }, "geometry": { "type": "Polygon", "coordinates": [ [ [ -73.990663, 40.694561 ], [ -73.988932, 40.692086 ], [ -73.985363, 40.690667 ], [ -73.985143, 40.694885 ], [ -73.990746, 40.695034 ], [ -73.990663, 40.694561 ] ] ] } },
{ "type": "Feature", "properties": { "GEOID": "36047002000", "gi_z": -0.14, "borough": "Brooklyn", "pop": 1733.0, "incidents": 119, "lisa": "Not significant" }, "geometry": { "type": "Polygon", "coordinates": [ [ [ -74.015184, 40.650773 ], [ -74.019256, 40.646853 ], [ -74.016651, 40.645331 ], [ -74.015533, 40.646418 ], [ -74.013172, 40.648652 ], [ -74.012629, 40.649235 ], [ -74.015184, 40.650773 ] ] ] } },
{ "type": "Feature", "properties": { "GEOID": "36047002100", "gi_z": 0.97, "borough": "Brooklyn", "pop": 6452.0, "incidents": 412, "lisa": "Not significant" }, "geometry": { "type": "Polygon", "coordinates": [ [ [ -73.994498, 40.704318 ], [ -73.995069, 40.703102 ], [ -73.990935, 40.700767 ], [ -73.986798, 40.700617 ], [ -73.980729, 40.701268 ], [ -73.979233, 40.705769 ], [ -73.984189, 40.705582 ], [ -73.98653, 40.704979 ], [ -73.989381, 40.705137 ], [ -73.993693, 40.704476 ], [ -73.994498, 40.704318 ] ] ] } },
{ "type": "Feature", "properties": { "GEOID": "36047002901", "gi_z": -0.01, "borough": "Brooklyn", "pop": 3177.0, "incidents": 50, "lisa": "Not significant" }, "geometry": { "type": "Polygon", "coordinates": [ [ [ -73.980388, 40.696507 ], [ -73.979168, 40.693489 ], [ -73.977827, 40.693438 ], [ -73.975848, 40.693361 ], [ -73.976443, 40.696371 ], [ -73.980388, 40.696507 ] ] ] } },
{ "type": "Feature", "properties": { "GEOID": "36047003000", "gi_z": -0.69, "borough": "Brooklyn", "pop": 1844.0, "incidents": 42, "lisa": "Not significant" }, "geometry": { "type": "Polygon", "coordinates": [ [ [ -74.029079, 40.641274 ], [ -74.031268, 40.637357 ], [ -74.028658, 40.636546 ], [ -74.028279, 40.637468 ], [ -74.026861, 40.639536 ], [ -74.026257, 40.640132 ], [ -74.029079, 40.641274 ] ] ] } },
{ "type": "Feature", "properties": { "GEOID": "36047003400", "gi_z": -1.47, "borough": "Brooklyn", "pop": 3351.0, "incidents": 76, "lisa": "Low-Low" }, "geometry": { "type": "Polygon", "coordinates": [ [ [ -74.029079, 40.641274 ], [ -74.033421, 40.643924 ], [ -74.038099285856404, 40.6365251652525 ], [ -74.032317, 40.634791 ], [ -74.031268, 40.637357 ], [ -74.029079, 40.641274 ] ] ] } },
{ "type": "Feature", "properties": { "GEOID": "36047024800", "gi_z": -1.12, "borough": "Brooklyn", "pop": 2543.0, "incidents": 71, "lisa": "Not significant" }, "geometry": { "type": "Polygon", "coordinates": [ [ [ -73.99255, 40.624274 ], [ -73.994293, 40.622597 ], [ -73.987435, 40.618455 ], [ -73.986275, 40.619567 ], [ -73.985693, 40.620131 ], [ -73.990094, 40.622789 ], [ -73.99255, 40.624274 ] ] ] } },
{ "type": "Feature", "properties": { "GEOID": "36047025700", "gi_z": -1.1, "borough": "Brooklyn", "pop": 3370.0, "incidents": 144, "lisa": "Not significant" }, "geometry": { "type": "Polygon", "coordinates": [ [ [ -73.950091, 40.699791 ], [ -73.949207, 40.695378 ], [ -73.946366, 40.695704 ], [ -73.943949, 40.698222 ], [ -73.944388, 40.700425 ], [ -73.950091, 40.699791 ] ] ] } },
{ "type": "Feature", "properties": { "GEOID": "36047026000", "gi_z": -1.05, "borough": "Brooklyn", "pop": 2909.0, "incidents": 78, "lisa": "Not significant" }, "geometry": { "type": "Polygon", "coordinates": [ [ [ -73.993877, 40.619156 ], [ -73.996002, 40.617112 ], [ -73.993651, 40.615694 ], [ -73.991598, 40.614452 ], [ -73.989851, 40.61613 ], [ -73.988688, 40.617249 ], [ -73.993877, 40.619156 ] ] ] } },
{ "type": "Feature", "properties": { "GEOID": "36047028600", "gi_z": -0.6, "borough": "Brooklyn", "pop": 5092.0, "incidents": 112, "lisa": "Not significant" }, "geometry": { "type": "Polygon", "coordinates": [ [ [ -74.000324, 40.60262 ], [ -74.004948, 40.598172 ], [ -74.002692, 40.597043 ], [ -73.997824, 40.601578 ], [ -74.000022, 40.602907 ], [ -74.000324, 40.60262 ] ] ] } },
{ "type": "Feature", "properties": { "GEOID": "36047029300", "gi_z": -0.18, "borough": "Brooklyn", "pop": 3181.0, "incidents": 139, "lisa": "Not significant" }, "geometry": { "type": "Polygon", "coordinates": [ [ [ -73.936172, 40.688627 ], [ -73.93559, 40.685695 ], [ -73.92975, 40.686366 ], [ -73.93018, 40.688565 ], [ -73.930325, 40.689298 ], [ -73.936172, 40.688627 ] ] ] } },
{ "type": "Feature", "properties": { "GEOID": "36047029400", "gi_z": -0.7, "borough": "Brooklyn", "pop": 2072.0, "incidents": 145, "lisa": "Not significant" }, "geometry": { "type": "Polygon", "coordinates": [ [ [ -73.99734, 40.598552 ], [ -74.001389679792396, 40.594671430813307 ], [ -73.999315786363198, 40.593102441783614 ], [ -73.995225, 40.597093 ], [ -73.99734, 40.598552 ] ] ] } },
{ "type": "Feature", "properties": { "GEOID": "36047030000", "gi_z": -1.03, "borough": "Brooklyn", "pop": 4165.0, "incidents": 85, "lisa": "Not significant" }, "geometry": { "type": "Polygon", "coordinates": [ [ [ -73.993363, 40.598889 ], [ -73.986019, 40.594446 ], [ -73.984678, 40.593659 ], [ -73.985266, 40.596744 ], [ -73.991599, 40.600581 ], [ -73.993363, 40.598889 ] ] ] } },
{ "type": "Feature", "properties": { "GEOID": "36047030200", "gi_z": -0.87, "borough": "Brooklyn", "pop": 3850.0, "incidents": 53, "lisa": "Not significant" }, "geometry": { "type": "Polygon", "coordinates": [ [ [ -73.993363, 40.598889 ], [ -73.995225, 40.597093 ], [ -73.987988, 40.592553 ], [ -73.986019, 40.594446 ], [ -73.993363, 40.598889 ] ] ] } },
{ "type": "Feature", "properties": { "GEOID": "36047031100", "gi_z": 0.03, "borough": "Brooklyn", "pop": 3534.0, "incidents": 154, "lisa": "Not significant" }, "geometry": { "type": "Polygon", "coordinates": [ [ [ -73.941369, 40.678093 ], [ -73.941694, 40.674748 ], [ -73.936078, 40.675335 ], [ -73.935858, 40.677817 ], [ -73.941369, 40.678093 ] ] ] } },
{ "type": "Feature", "properties": { "GEOID": "36047031900", "gi_z": -0.53, "borough": "Brooklyn", "pop": 3412.0, "incidents": 87, "lisa": "Not significant" }, "geometry": { "type": "Polygon", "coordinates": [ [ [ -73.950502, 40.669856 ], [ -73.950974, 40.663905 ], [ -73.948166, 40.664082 ], [ -73.948151, 40.665248 ], [ -73.947984, 40.667031 ], [ -73.947818, 40.668784 ], [ -73.947731, 40.669705 ], [ -73.950502, 40.669856 ] ] ] } },
{ "type": "Feature", "properties": { "GEOID": "36047032500", "gi_z": 0.15, "borough": "Brooklyn", "pop": 7964.0, "incidents": 187, "lisa": "Not significant" }, "geometry": { "type": "Polygon", "coordinates": [ [ [ -73.957974, 40.670657 ], [ -73.960337, 40.664108 ], [ -73.957292, 40.664303 ], [ -73.955269, 40.670125 ], [ -73.957974, 40.670657 ] ] ] } },
{ "type": "Feature", "properties": { "GEOID": "36047026700", "gi_z": 0.35, "borough": "Brooklyn", "pop": 4057.0, "incidents": 110, "lisa": "Not significant" }, "geometry": { "type": "Polygon", "coordinates": [ [ [ -73.947165, 40.685113 ], [ -73.94658, 40.682181 ], [ -73.940914, 40.682833 ], [ -73.941348, 40.685031 ], [ -73.941494, 40.685764 ], [ -73.947165, 40.685113 ] ] ] } },
{ "type": "Feature", "properties": { "GEOID": "36081054000", "gi_z": -1.29, "borough": "Queens", "pop": 4325.0, "incidents": 109, "lisa": "Not significant" }, "geometry": { "type": "Polygon", "coordinates": [ [ [ -73.749345, 40.715145 ], [ -73.746818, 40.709132 ], [ -73.744858, 40.70967 ], [ -73.742141, 40.710248 ], [ -73.735539, 40.71186 ], [ -73.735856, 40.713305 ], [ -73.745646, 40.715956 ], [ -73.749345, 40.715145 ] ] ] } },
{ "type": "Feature", "properties": { "GEOID": "36081054200", "gi_z": -1.57, "borough": "Queens", "pop": 5520.0, "incidents": 134, "lisa": "Low-Low" }, "geometry": { "type": "Polygon", "coordinates": [ [ [ -73.752334, 40.720262 ], [ -73.749345, 40.715145 ], [ -73.745646, 40.715956 ], [ -73.73984, 40.717309 ], [ -73.741961, 40.720357 ], [ -73.74548, 40.722529 ], [ -73.746662, 40.723639 ], [ -73.752334, 40.720262 ] ] ] } },
{ "type": "Feature", "properties": { "GEOID": "36081036300", "gi_z": -0.63, "borough": "Queens", "pop": 2033.0, "incidents": 131, "lisa": "Not significant" }, "geometry": { "type": "Polygon", "coordinates": [ [ [ -73.871355, 40.762332 ], [ -73.870414, 40.757132 ], [ -73.867463, 40.757442 ], [ -73.868255, 40.761806 ], [ -73.871355, 40.762332 ] ] ] } },
{ "type": "Feature", "properties": { "GEOID": "36081036600", "gi_z": -1.52, "borough": "Queens", "pop": 3131.0, "incidents": 156, "lisa": "Low-Low" }, "geometry": { "type": "Polygon", "coordinates": [ [ [ -73.766293, 40.681973 ], [ -73.76161, 40.679738 ], [ -73.760459, 40.683263 ], [ -73.76073, 40.685098 ], [ -73.762385, 40.691668 ], [ -73.765394, 40.692065 ], [ -73.7662, 40.692183 ], [ -73.765085, 40.688992 ], [ -73.763376, 40.685671 ], [ -73.766293, 40.681973 ] ] ] } },
{ "type": "Feature", "properties": { "GEOID": "36081037300", "gi_z": 0.22, "borough": "Queens", "pop": 2420.0, "incidents": 173, "lisa": "Not significant" }, "geometry": { "type": "Polygon", "coordinates": [ [ [ -73.863496, 40.761558 ], [ -73.864335, 40.761143 ], [ -73.862807, 40.757759 ], [ -73.861906, 40.757795 ], [ -73.85464, 40.758466 ], [ -73.859756, 40.761836 ], [ -73.863496, 40.761558 ] ] ] } },
{ "type": "Feature", "properties": { "GEOID": "36081038400", "gi_z": -1.83, "borough": "Queens", "pop": 2634.0, "incidents": 71, "lisa": "Low-Low" }, "geometry": { "type": "Polygon", "coordinates": [ [ [ -73.748633, 40.695445 ], [ -73.751703, 40.694597 ], [ -73.74722, 40.689715 ], [ -73.745105, 40.692783 ], [ -73.743593, 40.696215 ], [ -73.74619, 40.696119 ], [ -73.748633, 40.695445 ] ] ] } },
{ "type": "Feature", "properties": { "GEOID": "36081040200", "gi_z": -1.14, "borough": "Queens", "pop": 1557.0, "incidents": 23, "lisa": "Not significant" }, "geometry": { "type": "Polygon", "coordinates": [ [ [ -73.766573, 40.702752 ], [ -73.772308, 40.700572 ], [ -73.769294, 40.69665 ], [ -73.768834, 40.696904 ], [ -73.765083, 40.701428 ], [ -73.766125, 40.702334 ], [ -73.766573, 40.702752 ] ] ] } },
{ "type": "Feature", "properties": { "GEOID": "36081041100", "gi_z": 0.44, "borough": "Queens", "pop": 4250.0, "incidents": 153, "lisa": "Not significant" }, "geometry": { "type": "Polygon", "coordinates": [ [ [ -73.86791, 40.744934 ], [ -73.867491, 40.743302 ], [ -73.867557, 40.741678 ], [ -73.86241, 40.74289 ], [ -73.862666, 40.74341 ], [ -73.864072, 40.746074 ], [ -73.866088, 40.745474 ], [ -73.86791, 40.744934 ] ] ] } },
{ "type": "Feature", "properties": { "GEOID": "36047054500", "gi_z": -1.16, "borough": "Brooklyn", "pop": 8349.0, "incidents": 78, "lisa": "Not significant" }, "geometry": { "type": "Polygon", "coordinates": [ [ [ -73.968389, 40.706829 ], [ -73.965204, 40.702623 ], [ -73.961854, 40.704786 ], [ -73.964849, 40.707454 ], [ -73.968389, 40.706829 ] ] ] } },
{ "type": "Feature", "properties": { "GEOID": "36047054700", "gi_z": -0.9, "borough": "Brooklyn", "pop": 9666.0, "incidents": 103, "lisa": "Not significant" }, "geometry": { "type": "Polygon", "coordinates": [ [ [ -73.969612, 40.71016 ], [ -73.969613, 40.707634 ], [ -73.968389, 40.706829 ], [ -73.964849, 40.707454 ], [ -73.962743, 40.707685 ], [ -73.962414, 40.709352 ], [ -73.969612, 40.71016 ] ] ] } },
{ "type": "Feature", "properties": { "GEOID": "36047063200", "gi_z": -1.55, "borough": "Brooklyn", "pop": 1409.0, "incidents": 20, "lisa": "Low-Low" }, "geometry": { "type": "Polygon", "coordinates": [ [ [ -73.935032, 40.601734 ], [ -73.934471, 40.601231 ], [ -73.931404, 40.598476 ], [ -73.929569, 40.59682 ], [ -73.934263, 40.60223 ], [ -73.935032, 40.601734 ] ] ] } },
{ "type": "Feature", "properties": { "GEOID": "36047064400", "gi_z": -1.73, "borough": "Brooklyn", "pop": 2182.0, "incidents": 46, "lisa": "Low-Low" }, "geometry": { "type": "Polygon", "coordinates": [ [ [ -73.944827, 40.616046 ], [ -73.943699, 40.610214 ], [ -73.93897, 40.61324 ], [ -73.943145, 40.617426 ], [ -73.944827, 40.616046 ] ] ] } },
{ "type": "Feature", "properties": { "GEOID": "36047064600", "gi_z": -1.96, "borough": "Brooklyn", "pop": 2154.0, "incidents": 30, "lisa": "Low-Low" }, "geometry": { "type": "Polygon", "coordinates": [ [ [ -73.943145, 40.617426 ], [ -73.93897, 40.61324 ], [ -73.938254, 40.613702 ], [ -73.936057, 40.615123 ], [ -73.939716, 40.618406 ], [ -73.943145, 40.617426 ] ] ] } },
{ "type": "Feature", "properties": { "GEOID": "36047065600", "gi_z": -2.22, "borough": "Brooklyn", "pop": 1675.0, "incidents": 23, "lisa": "Low-Low" }, "geometry": { "type": "Polygon", "coordinates": [ [ [ -73.936057, 40.615123 ], [ -73.938254, 40.613702 ], [ -73.936438, 40.612069 ], [ -73.934622, 40.610442 ], [ -73.93316, 40.611381 ], [ -73.935348, 40.615584 ], [ -73.936057, 40.615123 ] ] ] } },
{ "type": "Feature", "properties": { "GEOID": "36081077903", "gi_z": -0.97, "borough": "Queens", "pop": 3410.0, "incidents": 66, "lisa": "Not significant" }, "geometry": { "type": "Polygon", "coordinates": [ [ [ -73.825859, 40.720463 ], [ -73.825419, 40.717396 ], [ -73.819305, 40.717136 ], [ -73.817186, 40.717662 ], [ -73.819425, 40.721997 ], [ -73.825859, 40.720463 ] ] ] } },
{ "type": "Feature", "properties": { "GEOID": "36081077904", "gi_z": -1.41, "borough": "Queens", "pop": 5096.0, "incidents": 149, "lisa": "Low-Low" }, "geometry": { "type": "Polygon", "coordinates": [ [ [ -73.819425, 40.721997 ], [ -73.817186, 40.717662 ], [ -73.80904, 40.719912 ], [ -73.810399, 40.723724 ], [ -73.81512, 40.72328 ], [ -73.819425, 40.721997 ] ] ] } },
{ "type": "Feature", "properties": { "GEOID": "36081080301", "gi_z": -0.2, "borough": "Queens", "pop": 3964.0, "incidents": 138, "lisa": "Not significant" }, "geometry": { "type": "Polygon", "coordinates": [ [ [ -73.833099, 40.747994 ], [ -73.835925, 40.743501 ], [ -73.825383, 40.742295 ], [ -73.824262, 40.744421 ], [ -73.829301, 40.745633 ], [ -73.830609, 40.749026 ], [ -73.833099, 40.747994 ] ] ] } },
{ "type": "Feature", "properties": { "GEOID": "36081080302", "gi_z": -0.13, "borough": "Queens", "pop": 3616.0, "incidents": 116, "lisa": "Not significant" }, "geometry": { "type": "Polygon", "coordinates": [ [ [ -73.835925, 40.743501 ], [ -73.831131, 40.742338 ], [ -73.830536, 40.73752 ], [ -73.824812, 40.739631 ], [ -73.814968, 40.73855 ], [ -73.815057, 40.738987 ], [ -73.825383, 40.742295 ], [ -73.835925, 40.743501 ] ] ] } },
{ "type": "Feature", "properties": { "GEOID": "36081083800", "gi_z": -0.38, "borough": "Queens", "pop": 5291.0, "incidents": 155, "lisa": "Not significant" }, "geometry": { "type": "Polygon", "coordinates": [ [ [ -73.825818, 40.673353 ], [ -73.826953, 40.669718 ], [ -73.813198, 40.667253 ], [ -73.812068, 40.670866 ], [ -73.825818, 40.673353 ] ] ] } },
{ "type": "Feature", "properties": { "GEOID": "36081085300", "gi_z": 2.53, "borough": "Queens", "pop": 4828.0, "incidents": 884, "lisa": "Not significant" }, "geometry": { "type": "Polygon", "coordinates": [ [ [ -73.826541, 40.760464 ], [ -73.829469, 40.758194 ], [ -73.829961, 40.754768 ], [ -73.830138, 40.753915 ], [ -73.827144, 40.75451 ], [ -73.824718, 40.755488 ], [ -73.825185, 40.757649 ], [ -73.826541, 40.760464 ] ] ] } },
{ "type": "Feature", "properties": { "GEOID": "36081085500", "gi_z": 3.08, "borough": "Queens", "pop": 5807.0, "incidents": 142, "lisa": "Low-High" }, "geometry": { "type": "Polygon", "coordinates": [ [ [ -73.826541, 40.760464 ], [ -73.825185, 40.757649 ], [ -73.820758, 40.758842 ], [ -73.822072, 40.761625 ], [ -73.826541, 40.760464 ] ] ] } },
{ "type": "Feature", "properties": { "GEOID": "36081133300", "gi_z": -0.64, "borough": "Queens", "pop": 3886.0, "incidents": 137, "lisa": "Not significant" }, "geometry": { "type": "Polygon", "coordinates": [ [ [ -73.788209, 40.731363 ], [ -73.78655, 40.727445 ], [ -73.777575, 40.730193 ], [ -73.770107, 40.731779 ], [ -73.772861, 40.736276 ], [ -73.783025, 40.733131 ], [ -73.786499, 40.731972 ], [ -73.788209, 40.731363 ] ] ] } },
{ "type": "Feature", "properties": { "GEOID": "36081137700", "gi_z": -1.23, "borough": "Queens", "pop": 6759.0, "incidents": 165, "lisa": "Low-Low" }, "geometry": { "type": "Polygon", "coordinates": [ [ [ -73.756866, 40.749361 ], [ -73.753473, 40.742405 ], [ -73.744776, 40.743281 ], [ -73.743967, 40.74763 ], [ -73.746808, 40.752028 ], [ -73.756866, 40.749361 ] ] ] } },
{ "type": "Feature", "properties": { "GEOID": "36081139900", "gi_z": -1.52, "borough": "Queens", "pop": 1547.0, "incidents": 31, "lisa": "Low-Low" }, "geometry": { "type": "Polygon", "coordinates": [ [ [ -73.76738, 40.751744 ], [ -73.765034, 40.746567 ], [ -73.756866, 40.749361 ], [ -73.75944, 40.752403 ], [ -73.764598, 40.752596 ], [ -73.76738, 40.751744 ] ] ] } },
{ "type": "Feature", "properties": { "GEOID": "36047026800", "gi_z": -1.19, "borough": "Brooklyn", "pop": 4416.0, "incidents": 63, "lisa": "Not significant" }, "geometry": { "type": "Polygon", "coordinates": [ [ [ -73.993343, 40.612772 ], [ -73.992394, 40.610241 ], [ -73.987965, 40.607566 ], [ -73.986129, 40.60933 ], [ -73.993343, 40.612772 ] ] ] } },
{ "type": "Feature", "properties": { "GEOID": "36047036400", "gi_z": -0.63, "borough": "Brooklyn", "pop": 2288.0, "incidents": 126, "lisa": "Not significant" }, "geometry": { "type": "Polygon", "coordinates": [ [ [ -73.967602, 40.580362 ], [ -73.968074, 40.578313 ], [ -73.959801, 40.58008 ], [ -73.959943, 40.581959 ], [ -73.967602, 40.580362 ] ] ] } },
{ "type": "Feature", "properties": { "GEOID": "36047036600", "gi_z": 0.16, "borough": "Brooklyn", "pop": 4362.0, "incidents": 159, "lisa": "Not significant" }, "geometry": { "type": "Polygon", "coordinates": [ [ [ -73.967335, 40.581515 ], [ -73.967602, 40.580362 ], [ -73.959943, 40.581959 ], [ -73.960027, 40.583209 ], [ -73.960261, 40.585039 ], [ -73.966614, 40.584575 ], [ -73.967335, 40.581515 ] ] ] } },
{ "type": "Feature", "properties": { "GEOID": "36047037000", "gi_z": 0.29, "borough": "Brooklyn", "pop": 4171.0, "incidents": 73, "lisa": "Not significant" }, "geometry": { "type": "Polygon", "coordinates": [ [ [ -73.965129, 40.591108 ], [ -73.966614, 40.584575 ], [ -73.960261, 40.585039 ], [ -73.96035, 40.587307 ], [ -73.96068, 40.591598 ], [ -73.965129, 40.591108 ] ] ] } },
{ "type": "Feature", "properties": { "GEOID": "36047037500", "gi_z": 0.37, "borough": "Brooklyn", "pop": 3748.0, "incidents": 258, "lisa": "Not significant" }, "geometry": { "type": "Polygon", "coordinates": [ [ [ -73.924392, 40.690831 ], [ -73.923979, 40.689275 ], [ -73.923396, 40.686345 ], [ -73.923252, 40.685612 ], [ -73.91785, 40.686233 ], [ -73.918046, 40.687213 ], [ -73.923644, 40.690399 ], [ -73.924392, 40.690831 ] ] ] } },
{ "type": "Feature", "properties": { "GEOID": "36047038200", "gi_z": -1.03, "borough": "Brooklyn", "pop": 5225.0, "incidents": 48, "lisa": "Not significant" }, "geometry": { "type": "Polygon", "coordinates": [ [ [ -73.98464, 40.593552 ], [ -73.983803, 40.589042 ], [ -73.97848, 40.589654 ], [ -73.978764, 40.592825 ], [ -73.980711, 40.593997 ], [ -73.98464, 40.593552 ] ] ] } },
{ "type": "Feature", "properties": { "GEOID": "36047038600", "gi_z": -1.26, "borough": "Brooklyn", "pop": 3042.0, "incidents": 89, "lisa": "Not significant" }, "geometry": { "type": "Polygon", "coordinates": [ [ [ -73.979955, 40.594074 ], [ -73.980711, 40.593997 ], [ -73.978764, 40.592825 ], [ -73.974217, 40.590111 ], [ -73.971151, 40.590443 ], [ -73.971782, 40.593756 ], [ -73.979955, 40.594074 ] ] ] } },
{ "type": "Feature", "properties": { "GEOID": "36047038900", "gi_z": 0.86, "borough": "Brooklyn", "pop": 3277.0, "incidents": 206, "lisa": "Not significant" }, "geometry": { "type": "Polygon", "coordinates": [ [ [ -73.94042, 40.701077 ], [ -73.941931, 40.700725 ], [ -73.938568, 40.698848 ], [ -73.938177, 40.698641 ], [ -73.935222, 40.696986 ], [ -73.932267, 40.697315 ], [ -73.936982, 40.70191 ], [ -73.94042, 40.701077 ] ] ] } },
{ "type": "Feature", "properties": { "GEOID": "36081042600", "gi_z": -1.43, "borough": "Queens", "pop": 445.0, "incidents": 37, "lisa": "Not significant" }, "geometry": { "type": "Polygon", "coordinates": [ [ [ -73.769631, 40.692681 ], [ -73.774639, 40.691021 ], [ -73.775755, 40.687691 ], [ -73.769742, 40.683778 ], [ -73.765085, 40.688992 ], [ -73.7662, 40.692183 ], [ -73.769631, 40.692681 ] ] ] } },
{ "type": "Feature", "properties": { "GEOID": "36081043400", "gi_z": -0.63, "borough": "Queens", "pop": 1962.0, "incidents": 37, "lisa": "Not significant" }, "geometry": { "type": "Polygon", "coordinates": [ [ [ -73.782771, 40.695995 ], [ -73.781464, 40.69447 ], [ -73.780237, 40.692972 ], [ -73.777836, 40.694321 ], [ -73.773957, 40.699806 ], [ -73.782771, 40.695995 ] ] ] } },
{ "type": "Feature", "properties": { "GEOID": "36081044601", "gi_z": 4.33, "borough": "Queens", "pop": 3779.0, "incidents": 445, "lisa": "High-High" }, "geometry": { "type": "Polygon", "coordinates": [ [ [ -73.801657, 40.705761 ], [ -73.79992, 40.702474 ], [ -73.793792, 40.704032 ], [ -73.794895, 40.705461 ], [ -73.796317, 40.707723 ], [ -73.801657, 40.705761 ] ] ] } },
{ "type": "Feature", "properties": { "GEOID": "36081044800", "gi_z": -0.7, "borough": "Queens", "pop": 2871.0, "incidents": 75, "lisa": "Not significant" }, "geometry": { "type": "Polygon", "coordinates": [ [ [ -73.806457, 40.712056 ], [ -73.805482, 40.710089 ], [ -73.803024, 40.70814 ], [ -73.798701, 40.710663 ], [ -73.802111, 40.713926 ], [ -73.806457, 40.712056 ] ] ] } },
{ "type": "Feature", "properties": { "GEOID": "36081045500", "gi_z": 0.75, "borough": "Queens", "pop": 12747.0, "incidents": 124, "lisa": "Not significant" }, "geometry": { "type": "Polygon", "coordinates": [ [ [ -73.86583, 40.736643 ], [ -73.864618, 40.734271 ], [ -73.858866, 40.735939 ], [ -73.860072, 40.738373 ], [ -73.86583, 40.736643 ] ] ] } },
{ "type": "Feature", "properties": { "GEOID": "36081046100", "gi_z": 0.53, "borough": "Queens", "pop": 2739.0, "incidents": 96, "lisa": "Not significant" }, "geometry": { "type": "Polygon", "coordinates": [ [ [ -73.873485, 40.742501 ], [ -73.874361, 40.74016 ], [ -73.867557, 40.741678 ], [ -73.867491, 40.743302 ], [ -73.873485, 40.742501 ] ] ] } },
{ "type": "Feature", "properties": { "GEOID": "36081046200", "gi_z": 2.3, "borough": "Queens", "pop": 6102.0, "incidents": 353, "lisa": "High-High" }, "geometry": { "type": "Polygon", "coordinates": [ [ [ -73.792029, 40.711069 ], [ -73.78975, 40.707171 ], [ -73.78429, 40.707931 ], [ -73.785353, 40.712284 ], [ -73.789012, 40.712073 ], [ -73.792029, 40.711069 ] ] ] } },
{ "type": "Feature", "properties": { "GEOID": "36081046800", "gi_z": 1.13, "borough": "Queens", "pop": 3763.0, "incidents": 189, "lisa": "Not significant" }, "geometry": { "type": "Polygon", "coordinates": [ [ [ -73.785353, 40.712284 ], [ -73.78429, 40.707931 ], [ -73.779048, 40.70871 ], [ -73.780589, 40.713428 ], [ -73.785353, 40.712284 ] ] ] } },
{ "type": "Feature", "properties": { "GEOID": "36081047200", "gi_z": -1.02, "borough": "Queens", "pop": 3655.0, "incidents": 101, "lisa": "Not significant" }, "geometry": { "type": "Polygon", "coordinates": [ [ [ -73.78499, 40.719972 ], [ -73.783141, 40.716434 ], [ -73.780589, 40.713428 ], [ -73.777123, 40.714262 ], [ -73.773571, 40.71512 ], [ -73.775197, 40.718461 ], [ -73.777385, 40.722442 ], [ -73.78499, 40.719972 ] ] ] } },
{ "type": "Feature", "properties": { "GEOID": "36081047600", "gi_z": -1.03, "borough": "Queens", "pop": 1604.0, "incidents": 35, "lisa": "Not significant" }, "geometry": { "type": "Polygon", "coordinates": [ [ [ -73.777385, 40.722442 ], [ -73.775197, 40.718461 ], [ -73.770279, 40.721522 ], [ -73.764895, 40.722392 ], [ -73.764796, 40.724684 ], [ -73.766244, 40.726403 ], [ -73.77359, 40.724742 ], [ -73.777385, 40.722442 ] ] ] } },
{ "type": "Feature", "properties": { "GEOID": "36081048000", "gi_z": 0.02, "borough": "Queens", "pop": 2370.0, "incidents": 83, "lisa": "Not significant" }, "geometry": { "type": "Polygon", "coordinates": [ [ [ -73.773571, 40.71512 ], [ -73.777123, 40.714262 ], [ -73.773139, 40.709923 ], [ -73.771736, 40.710313 ], [ -73.76944, 40.711977 ], [ -73.771921, 40.715685 ], [ -73.773571, 40.71512 ] ] ] } },
{ "type": "Feature", "properties": { "GEOID": "36081049301", "gi_z": -1.16, "borough": "Queens", "pop": 2306.0, "incidents": 50, "lisa": "Not significant" }, "geometry": { "type": "Polygon", "coordinates": [ [ [ -73.896029, 40.735018 ], [ -73.895589, 40.728965 ], [ -73.892334, 40.731159 ], [ -73.89175, 40.734485 ], [ -73.896029, 40.735018 ] ] ] } },
{ "type": "Feature", "properties": { "GEOID": "36081050000", "gi_z": -0.72, "borough": "Queens", "pop": 4434.0, "incidents": 204, "lisa": "Not significant" }, "geometry": { "type": "Polygon", "coordinates": [ [ [ -73.771736, 40.710313 ], [ -73.768445, 40.709637 ], [ -73.76826, 40.709526 ], [ -73.762549, 40.710916 ], [ -73.757182, 40.712213 ], [ -73.753607, 40.713071 ], [ -73.754037, 40.71388 ], [ -73.764019, 40.713318 ], [ -73.76944, 40.711977 ], [ -73.771736, 40.710313 ] ] ] } },
{ "type": "Feature", "properties": { "GEOID": "36081050400", "gi_z": -1.79, "borough": "Queens", "pop": 1733.0, "incidents": 37, "lisa": "Low-Low" }, "geometry": { "type": "Polygon", "coordinates": [ [ [ -73.767344, 40.706636 ], [ -73.766573, 40.702752 ], [ -73.766125, 40.702334 ], [ -73.761264, 40.703599 ], [ -73.762301, 40.70795 ], [ -73.767344, 40.706636 ] ] ] } },
{ "type": "Feature", "properties": { "GEOID": "36081058900", "gi_z": -0.5, "borough": "Queens", "pop": 4618.0, "incidents": 159, "lisa": "Not significant" }, "geometry": { "type": "Polygon", "coordinates": [ [ [ -73.906257, 40.708867 ], [ -73.907836, 40.70616 ], [ -73.906352, 40.705285 ], [ -73.904124, 40.703974 ], [ -73.903381, 40.703538 ], [ -73.902119, 40.705149 ], [ -73.903652, 40.707853 ], [ -73.906257, 40.708867 ] ] ] } },
{ "type": "Feature", "properties": { "GEOID": "36081059900", "gi_z": -1.37, "borough": "Queens", "pop": 1493.0, "incidents": 30, "lisa": "Not significant" }, "geometry": { "type": "Polygon", "coordinates": [ [ [ -73.90639, 40.717364 ], [ -73.906021, 40.715743 ], [ -73.899018, 40.717382 ], [ -73.900339, 40.71802 ], [ -73.902101, 40.717996 ], [ -73.90639, 40.717364 ] ] ] } },
{ "type": "Feature", "properties": { "GEOID": "36081142900", "gi_z": -1.93, "borough": "Queens", "pop": 3678.0, "incidents": 58, "lisa": "Low-Low" }, "geometry": { "type": "Polygon", "coordinates": [ [ [ -73.789428, 40.757848 ], [ -73.788671, 40.75139 ], [ -73.786354, 40.746537 ], [ -73.778312, 40.748745 ], [ -73.780532, 40.753329 ], [ -73.786986, 40.752261 ], [ -73.787575, 40.757898 ], [ -73.789428, 40.757848 ] ] ] } },
{ "type": "Feature", "properties": { "GEOID": "36081094201", "gi_z": 0.14, "borough": "Queens", "pop": 3533.0, "incidents": 130, "lisa": "Not significant" }, "geometry": { "type": "Polygon", "coordinates": [ [ [ -73.82733, 40.587801 ], [ -73.825249, 40.586901 ], [ -73.821144102097193, 40.580894658426601 ], [ -73.815518355065294, 40.582358813148197 ], [ -73.817229, 40.585687 ], [ -73.819835, 40.591897 ], [ -73.82733, 40.587801 ] ] ] } },
{ "type": "Feature", "properties": { "GEOID": "36081097300", "gi_z": -0.33, "borough": "Queens", "pop": 2116.0, "incidents": 47, "lisa": "Not significant" }, "geometry": { "type": "Polygon", "coordinates": [ [ [ -73.827583, 40.803936 ], [ -73.830676, 40.803108 ], [ -73.822789, 40.7913 ], [ -73.822537, 40.789568 ], [ -73.816086, 40.787807 ], [ -73.818571, 40.794996 ], [ -73.823541, 40.797131 ], [ -73.827583, 40.803936 ] ] ] } },
{ "type": "Feature", "properties": { "GEOID": "36081098100", "gi_z": -0.81, "borough": "Queens", "pop": 2486.0, "incidents": 72, "lisa": "Not significant" }, "geometry": { "type": "Polygon", "coordinates": [ [ [ -73.827583, 40.803936 ], [ -73.823541, 40.797131 ], [ -73.818571, 40.794996 ], [ -73.816086, 40.787807 ], [ -73.813374, 40.787156 ], [ -73.811523, 40.78937 ], [ -73.813561, 40.794464 ], [ -73.810145, 40.797147 ], [ -73.811299, 40.805397 ], [ -73.817418, 40.80579 ], [ -73.823438, 40.80481 ], [ -73.827583, 40.803936 ] ] ] } },
{ "type": "Feature", "properties": { "GEOID": "36081099100", "gi_z": -1.28, "borough": "Queens", "pop": 7613.0, "incidents": 90, "lisa": "Not significant" }, "geometry": { "type": "Polygon", "coordinates": [ [ [ -73.799745, 40.802199 ], [ -73.800037, 40.796245 ], [ -73.807331, 40.791552 ], [ -73.806277, 40.786299 ], [ -73.802422, 40.786019 ], [ -73.79494, 40.786275 ], [ -73.790583, 40.788129 ], [ -73.791795560169305, 40.789242736159402 ], [ -73.795206, 40.79167 ], [ -73.794111943144699, 40.800539354068015 ], [ -73.799745, 40.802199 ] ] ] } },
{ "type": "Feature", "properties": { "GEOID": "36081102900", "gi_z": -0.97, "borough": "Queens", "pop": 3814.0, "incidents": 90, "lisa": "Not significant" }, "geometry": { "type": "Polygon", "coordinates": [ [ [ -73.813374, 40.787156 ], [ -73.813813, 40.784129 ], [ -73.808795, 40.780862 ], [ -73.803226, 40.779703 ], [ -73.802422, 40.786019 ], [ -73.806277, 40.786299 ], [ -73.813374, 40.787156 ] ] ] } },
{ "type": "Feature", "properties": { "GEOID": "36081103300", "gi_z": -0.67, "borough": "Queens", "pop": 4387.0, "incidents": 76, "lisa": "Not significant" }, "geometry": { "type": "Polygon", "coordinates": [ [ [ -73.81453, 40.778888 ], [ -73.814859, 40.776486 ], [ -73.80379, 40.77561 ], [ -73.803226, 40.779703 ], [ -73.808795, 40.780862 ], [ -73.813813, 40.784129 ], [ -73.81453, 40.778888 ] ] ] } },
{ "type": "Feature", "properties": { "GEOID": "36081107201", "gi_z": -0.12, "borough": "Queens", "pop": 2294.0, "incidents": 85, "lisa": "Not significant" }, "geometry": { "type": "Polygon", "coordinates": [ [ [ -73.834201, 40.596657 ], [ -73.832326, 40.594619 ], [ -73.821358, 40.594691 ], [ -73.814771, 40.608851 ], [ -73.816156, 40.612942 ], [ -73.820177, 40.615181 ], [ -73.8241, 40.61232 ], [ -73.821631, 40.608496 ], [ -73.822945, 40.602583 ], [ -73.828345, 40.597646 ], [ -73.834201, 40.596657 ] ] ] } },
{ "type": "Feature", "properties": { "GEOID": "36081114100", "gi_z": -1.47, "borough": "Queens", "pop": 2458.0, "incidents": 43, "lisa": "Low-Low" }, "geometry": { "type": "Polygon", "coordinates": [ [ [ -73.801484, 40.771811 ], [ -73.798777, 40.770907 ], [ -73.799559, 40.765138 ], [ -73.793959, 40.764695 ], [ -73.793179, 40.770403 ], [ -73.795657, 40.773031 ], [ -73.797243, 40.773894 ], [ -73.801484, 40.771811 ] ] ] } },
{ "type": "Feature", "properties": { "GEOID": "36081116700", "gi_z": -1.64, "borough": "Queens", "pop": 1892.0, "incidents": 64, "lisa": "Low-Low" }, "geometry": { "type": "Polygon", "coordinates": [ [ [ -73.816387, 40.76316 ], [ -73.815087, 40.760372 ], [ -73.808595, 40.761132 ], [ -73.80768, 40.76096 ], [ -73.811227, 40.763041 ], [ -73.812764, 40.764125 ], [ -73.816387, 40.76316 ] ] ] } },
{ "type": "Feature", "properties": { "GEOID": "36081117100", "gi_z": -1.68, "borough": "Queens", "pop": 2525.0, "incidents": 149, "lisa": "Low-Low" }, "geometry": { "type": "Polygon", "coordinates": [ [ [ -73.810817, 40.766027 ], [ -73.811227, 40.763041 ], [ -73.80768, 40.76096 ], [ -73.8003, 40.759702 ], [ -73.801428, 40.765286 ], [ -73.805161, 40.765581 ], [ -73.810817, 40.766027 ] ] ] } },
{ "type": "Feature", "properties": { "GEOID": "36081118700", "gi_z": -1.99, "borough": "Queens", "pop": 2507.0, "incidents": 33, "lisa": "Low-Low" }, "geometry": { "type": "Polygon", "coordinates": [ [ [ -73.817288, 40.759776 ], [ -73.816215, 40.75747 ], [ -73.809799, 40.759192 ], [ -73.808867, 40.759115 ], [ -73.808595, 40.761132 ], [ -73.815087, 40.760372 ], [ -73.817288, 40.759776 ] ] ] } },
{ "type": "Feature", "properties": { "GEOID": "36081060600", "gi_z": -2.19, "borough": "Queens", "pop": 1176.0, "incidents": 32, "lisa": "Low-Low" }, "geometry": { "type": "Polygon", "coordinates": [ [ [ -73.737517, 40.694318 ], [ -73.739223, 40.691048 ], [ -73.733107, 40.6892 ], [ -73.732297, 40.692683 ], [ -73.736642, 40.694044 ], [ -73.737517, 40.694318 ] ] ] } },
{ "type": "Feature", "properties": { "GEOID": "36081119300", "gi_z": -1.68, "borough": "Queens", "pop": 2534.0, "incidents": 55, "lisa": "Low-Low" }, "geometry": { "type": "Polygon", "coordinates": [ [ [ -73.804207, 40.758747 ], [ -73.803595, 40.756324 ], [ -73.794747, 40.755628 ], [ -73.794932, 40.757798 ], [ -73.795804, 40.758091 ], [ -73.804207, 40.758747 ] ] ] } },
{ "type": "Feature", "properties": { "GEOID": "36081124100", "gi_z": -1.14, "borough": "Queens", "pop": 3822.0, "incidents": 78, "lisa": "Not significant" }, "geometry": { "type": "Polygon", "coordinates": [ [ [ -73.80717, 40.728269 ], [ -73.804529, 40.721466 ], [ -73.800194, 40.72294 ], [ -73.799332, 40.723235 ], [ -73.798658, 40.731428 ], [ -73.803163, 40.7316 ], [ -73.80717, 40.728269 ] ] ] } },
{ "type": "Feature", "properties": { "GEOID": "36081144700", "gi_z": -1.41, "borough": "Queens", "pop": 3470.0, "incidents": 89, "lisa": "Low-Low" }, "geometry": { "type": "Polygon", "coordinates": [ [ [ -73.777403, 40.758214 ], [ -73.775878, 40.753261 ], [ -73.767148, 40.75565 ], [ -73.768276, 40.758261 ], [ -73.769337, 40.760254 ], [ -73.777403, 40.758214 ] ] ] } },
{ "type": "Feature", "properties": { "GEOID": "36081147900", "gi_z": -1.72, "borough": "Queens", "pop": 4249.0, "incidents": 51, "lisa": "Low-Low" }, "geometry": { "type": "Polygon", "coordinates": [ [ [ -73.739376, 40.776014 ], [ -73.753469, 40.765445 ], [ -73.74877, 40.76408 ], [ -73.741259, 40.765707 ], [ -73.737539, 40.768402 ], [ -73.733962, 40.772449 ], [ -73.739376, 40.776014 ] ] ] } },
{ "type": "Feature", "properties": { "GEOID": "36081150701", "gi_z": -1.49, "borough": "Queens", "pop": 3123.0, "incidents": 49, "lisa": "Low-Low" }, "geometry": { "type": "Polygon", "coordinates": [ [ [ -73.74877, 40.76408 ], [ -73.746592, 40.763907 ], [ -73.741208, 40.756205 ], [ -73.739263, 40.756917 ], [ -73.731862, 40.760542 ], [ -73.737539, 40.768402 ], [ -73.741259, 40.765707 ], [ -73.74877, 40.76408 ] ] ] } },
{ "type": "Feature", "properties": { "GEOID": "36047017000", "gi_z": -1.61, "borough": "Brooklyn", "pop": 3503.0, "incidents": 93, "lisa": "Low-Low" }, "geometry": { "type": "Polygon", "coordinates": [ [ [ -74.011712, 40.612735 ], [ -74.015499, 40.606842 ], [ -74.014695, 40.606424 ], [ -74.008304, 40.612568 ], [ -74.010504, 40.613897 ], [ -74.011712, 40.612735 ] ] ] } },
{ "type": "Feature", "properties": { "GEOID": "36047019900", "gi_z": -0.56, "borough": "Brooklyn", "pop": 4311.0, "incidents": 211, "lisa": "Not significant" }, "geometry": { "type": "Polygon", "coordinates": [ [ [ -73.96949, 40.686288 ], [ -73.968664, 40.682 ], [ -73.967477, 40.681754 ], [ -73.964454, 40.681125 ], [ -73.965525, 40.686744 ], [ -73.96949, 40.686288 ] ] ] } },
{ "type": "Feature", "properties": { "GEOID": "36047020200", "gi_z": -2.11, "borough": "Brooklyn", "pop": 1717.0, "incidents": 21, "lisa": "Low-Low" }, "geometry": { "type": "Polygon", "coordinates": [ [ [ -74.010042, 40.624686 ], [ -74.014203, 40.620685 ], [ -74.012002, 40.619353 ], [ -74.007839, 40.623355 ], [ -74.010042, 40.624686 ] ] ] } },
{ "type": "Feature", "properties": { "GEOID": "36047020700", "gi_z": -0.69, "borough": "Brooklyn", "pop": 4628.0, "incidents": 76, "lisa": "Not significant" }, "geometry": { "type": "Polygon", "coordinates": [ [ [ -73.969498, 40.675906 ], [ -73.968924, 40.672938 ], [ -73.967486, 40.672878 ], [ -73.963331, 40.675561 ], [ -73.969178, 40.676785 ], [ -73.969498, 40.675906 ] ] ] } },
{ "type": "Feature", "properties": { "GEOID": "36047020800", "gi_z": -2.18, "borough": "Brooklyn", "pop": 2573.0, "incidents": 49, "lisa": "Low-Low" }, "geometry": { "type": "Polygon", "coordinates": [ [ [ -74.012142, 40.628684 ], [ -74.013572, 40.627728 ], [ -74.012245, 40.626016 ], [ -74.010042, 40.624686 ], [ -74.007839, 40.623355 ], [ -74.006095, 40.625033 ], [ -74.012142, 40.628684 ] ] ] } },
{ "type": "Feature", "properties": { "GEOID": "36047021600", "gi_z": -1.53, "borough": "Brooklyn", "pop": 3885.0, "incidents": 38, "lisa": "Low-Low" }, "geometry": { "type": "Polygon", "coordinates": [ [ [ -74.004107, 40.63406 ], [ -73.999561, 40.631315 ], [ -73.997359, 40.629986 ], [ -73.995617, 40.631667 ], [ -74.001957, 40.635497 ], [ -74.004107, 40.63406 ] ] ] } },
{ "type": "Feature", "properties": { "GEOID": "36047022000", "gi_z": -1.64, "borough": "Brooklyn", "pop": 5854.0, "incidents": 84, "lisa": "Low-Low" }, "geometry": { "type": "Polygon", "coordinates": [ [ [ -73.996942, 40.638853 ], [ -73.999807, 40.636936 ], [ -73.993866, 40.633347 ], [ -73.99212, 40.635026 ], [ -73.991539, 40.635583 ], [ -73.996942, 40.638853 ] ] ] } },
{ "type": "Feature", "properties": { "GEOID": "36047022200", "gi_z": -1.33, "borough": "Brooklyn", "pop": 4050.0, "incidents": 111, "lisa": "Low-Low" }, "geometry": { "type": "Polygon", "coordinates": [ [ [ -73.99551, 40.63981 ], [ -73.996942, 40.638853 ], [ -73.991539, 40.635583 ], [ -73.990373, 40.636705 ], [ -73.989206, 40.637824 ], [ -73.994077, 40.64077 ], [ -73.99551, 40.63981 ] ] ] } },
{ "type": "Feature", "properties": { "GEOID": "36047022700", "gi_z": 0.13, "borough": "Brooklyn", "pop": 4833.0, "incidents": 404, "lisa": "Not significant" }, "geometry": { "type": "Polygon", "coordinates": [ [ [ -73.961671, 40.682691 ], [ -73.961312, 40.680456 ], [ -73.955309, 40.679273 ], [ -73.953371, 40.680641 ], [ -73.953954, 40.683581 ], [ -73.958841, 40.683018 ], [ -73.961671, 40.682691 ] ] ] } },
{ "type": "Feature", "properties": { "GEOID": "36047023100", "gi_z": 0.3, "borough": "Brooklyn", "pop": 3530.0, "incidents": 85, "lisa": "Not significant" }, "geometry": { "type": "Polygon", "coordinates": [ [ [ -73.962836, 40.688555 ], [ -73.962547, 40.687089 ], [ -73.961671, 40.682691 ], [ -73.958841, 40.683018 ], [ -73.959568, 40.686683 ], [ -73.960006, 40.688881 ], [ -73.962836, 40.688555 ] ] ] } },
{ "type": "Feature", "properties": { "GEOID": "36047023400", "gi_z": -1.68, "borough": "Brooklyn", "pop": 5663.0, "incidents": 45, "lisa": "Low-Low" }, "geometry": { "type": "Polygon", "coordinates": [ [ [ -73.991539, 40.635583 ], [ -73.99212, 40.635026 ], [ -73.985509, 40.631038 ], [ -73.984928, 40.631597 ], [ -73.983763, 40.632717 ], [ -73.990373, 40.636705 ], [ -73.991539, 40.635583 ] ] ] } },
{ "type": "Feature", "properties": { "GEOID": "36047019100", "gi_z": -0.64, "borough": "Brooklyn", "pop": 3029.0, "incidents": 191, "lisa": "Not significant" }, "geometry": { "type": "Polygon", "coordinates": [ [ [ -73.969399, 40.696093 ], [ -73.96881, 40.693121 ], [ -73.965906, 40.693433 ], [ -73.960158, 40.694117 ], [ -73.961051, 40.698326 ], [ -73.962839, 40.698039 ], [ -73.969399, 40.696093 ] ] ] } },
{ "type": "Feature", "properties": { "GEOID": "36047019400", "gi_z": -1.29, "borough": "Brooklyn", "pop": 3293.0, "incidents": 86, "lisa": "Not significant" }, "geometry": { "type": "Polygon", "coordinates": [ [ [ -74.00435, 40.626711 ], [ -74.004932, 40.626151 ], [ -74.00053, 40.62349 ], [ -73.997713, 40.62368 ], [ -73.997241, 40.625289 ], [ -74.002515, 40.628475 ], [ -74.00435, 40.626711 ] ] ] } },
{ "type": "Feature", "properties": { "GEOID": "36047006800", "gi_z": -0.81, "borough": "Brooklyn", "pop": 4117.0, "incidents": 209, "lisa": "Not significant" }, "geometry": { "type": "Polygon", "coordinates": [ [ [ -74.028658, 40.636546 ], [ -74.029633, 40.634153 ], [ -74.024238, 40.632859 ], [ -74.023235, 40.635318 ], [ -74.02291, 40.636108 ], [ -74.028279, 40.637468 ], [ -74.028658, 40.636546 ] ] ] } },
{ "type": "Feature", "properties": { "GEOID": "36047007100", "gi_z": -0.01, "borough": "Brooklyn", "pop": 4050.0, "incidents": 96, "lisa": "Not significant" }, "geometry": { "type": "Polygon", "coordinates": [ [ [ -73.989129, 40.68459 ], [ -73.990424, 40.682694 ], [ -73.987668, 40.680818 ], [ -73.986104, 40.681009 ], [ -73.983953, 40.684182 ], [ -73.988289, 40.685869 ], [ -73.989129, 40.68459 ] ] ] } },
{ "type": "Feature", "properties": { "GEOID": "36047007600", "gi_z": 0.17, "borough": "Brooklyn", "pop": 4096.0, "incidents": 187, "lisa": "Not significant" }, "geometry": { "type": "Polygon", "coordinates": [ [ [ -74.016651, 40.645331 ], [ -74.017877, 40.644201 ], [ -74.013814, 40.641745 ], [ -74.011484, 40.643986 ], [ -74.015533, 40.646418 ], [ -74.016651, 40.645331 ] ] ] } },
{ "type": "Feature", "properties": { "GEOID": "36047007700", "gi_z": -0.61, "borough": "Brooklyn", "pop": 5974.0, "incidents": 193, "lisa": "Not significant" }, "geometry": { "type": "Polygon", "coordinates": [ [ [ -73.996527, 40.68106 ], [ -73.999924, 40.674004 ], [ -73.998619, 40.67183 ], [ -73.995275, 40.675778 ], [ -73.990426, 40.676249 ], [ -73.989388, 40.678285 ], [ -73.996527, 40.68106 ] ] ] } },
{ "type": "Feature", "properties": { "GEOID": "36047048900", "gi_z": 0.59, "borough": "Brooklyn", "pop": 3597.0, "incidents": 41, "lisa": "Not significant" }, "geometry": { "type": "Polygon", "coordinates": [ [ [ -73.94103, 40.704637 ], [ -73.94042, 40.701077 ], [ -73.936982, 40.70191 ], [ -73.939313, 40.704815 ], [ -73.94103, 40.704637 ] ] ] } },
{ "type": "Feature", "properties": { "GEOID": "36047049400", "gi_z": -1.09, "borough": "Brooklyn", "pop": 5710.0, "incidents": 80, "lisa": "Not significant" }, "geometry": { "type": "Polygon", "coordinates": [ [ [ -73.976577, 40.644004 ], [ -73.973941, 40.640882 ], [ -73.971222, 40.64118 ], [ -73.972086, 40.645863 ], [ -73.974657, 40.644806 ], [ -73.976577, 40.644004 ] ] ] } },
{ "type": "Feature", "properties": { "GEOID": "36047049900", "gi_z": -0.4, "borough": "Brooklyn", "pop": 2480.0, "incidents": 91, "lisa": "Not significant" }, "geometry": { "type": "Polygon", "coordinates": [ [ [ -73.949078, 40.72254 ], [ -73.947213, 40.718561 ], [ -73.946791, 40.718821 ], [ -73.944405, 40.72024 ], [ -73.945015, 40.723004 ], [ -73.949078, 40.72254 ] ] ] } },
{ "type": "Feature", "properties": { "GEOID": "36047004700", "gi_z": -1.72, "borough": "Brooklyn", "pop": 1999.0, "incidents": 65, "lisa": "Low-Low" }, "geometry": { "type": "Polygon", "coordinates": [ [ [ -74.001744, 40.692407 ], [ -74.00563, 40.686784 ], [ -74.0083751072696, 40.685953637344412 ], [ -74.004853, 40.685668 ], [ -74.000642, 40.685247 ], [ -73.997793, 40.691188 ], [ -74.001744, 40.692407 ] ] ] } },
{ "type": "Feature", "properties": { "GEOID": "36047060600", "gi_z": -0.68, "borough": "Brooklyn", "pop": 2792.0, "incidents": 150, "lisa": "Not significant" }, "geometry": { "type": "Polygon", "coordinates": [ [ [ -73.96035, 40.587307 ], [ -73.960261, 40.585039 ], [ -73.951238, 40.584925 ], [ -73.952454, 40.588173 ], [ -73.956193, 40.587762 ], [ -73.96035, 40.587307 ] ] ] } },
{ "type": "Feature", "properties": { "GEOID": "36047005201", "gi_z": -1.47, "borough": "Brooklyn", "pop": 1751.0, "incidents": 23, "lisa": "Low-Low" }, "geometry": { "type": "Polygon", "coordinates": [ [ [ -74.041194260762396, 40.622450172728492 ], [ -74.040964216859706, 40.620704500982704 ], [ -74.035437, 40.619956 ], [ -74.034886, 40.62132 ], [ -74.034601, 40.622001 ], [ -74.041194260762396, 40.622450172728492 ] ] ] } },
{ "type": "Feature", "properties": { "GEOID": "36047005900", "gi_z": -1.63, "borough": "Brooklyn", "pop": 1518.0, "incidents": 130, "lisa": "Low-Low" }, "geometry": { "type": "Polygon", "coordinates": [ [ [ -74.0117, 40.679365 ], [ -74.009544, 40.677898 ], [ -74.001354, 40.675791 ], [ -74.001213, 40.67587 ], [ -74.002255, 40.678205 ], [ -74.003346, 40.67963 ], [ -74.005819, 40.683656 ], [ -74.0117, 40.679365 ] ] ] } },
{ "type": "Feature", "properties": { "GEOID": "36047006500", "gi_z": -0.92, "borough": "Brooklyn", "pop": 6089.0, "incidents": 62, "lisa": "Not significant" }, "geometry": { "type": "Polygon", "coordinates": [ [ [ -74.000048, 40.682803 ], [ -74.002255, 40.678205 ], [ -74.001213, 40.67587 ], [ -73.999924, 40.674004 ], [ -73.996527, 40.68106 ], [ -73.996209, 40.681724 ], [ -74.000048, 40.682803 ] ] ] } },
{ "type": "Feature", "properties": { "GEOID": "36047015300", "gi_z": -1.36, "borough": "Brooklyn", "pop": 2638.0, "incidents": 138, "lisa": "Low-Low" }, "geometry": { "type": "Polygon", "coordinates": [ [ [ -73.981927, 40.670448 ], [ -73.983943, 40.66803 ], [ -73.979224, 40.665749 ], [ -73.977717, 40.66757 ], [ -73.977208, 40.668169 ], [ -73.981927, 40.670448 ] ] ] } },
{ "type": "Feature", "properties": { "GEOID": "36047015500", "gi_z": -1.23, "borough": "Brooklyn", "pop": 3443.0, "incidents": 54, "lisa": "Not significant" }, "geometry": { "type": "Polygon", "coordinates": [ [ [ -73.979917, 40.672858 ], [ -73.981927, 40.670448 ], [ -73.977208, 40.668169 ], [ -73.975196, 40.670576 ], [ -73.979917, 40.672858 ] ] ] } },
{ "type": "Feature", "properties": { "GEOID": "36047016300", "gi_z": -0.19, "borough": "Brooklyn", "pop": 4370.0, "incidents": 74, "lisa": "Not significant" }, "geometry": { "type": "Polygon", "coordinates": [ [ [ -73.97064, 40.682414 ], [ -73.971904, 40.676413 ], [ -73.969498, 40.675906 ], [ -73.969178, 40.676785 ], [ -73.968227, 40.679422 ], [ -73.967477, 40.681754 ], [ -73.968664, 40.682 ], [ -73.97064, 40.682414 ] ] ] } },
{ "type": "Feature", "properties": { "GEOID": "36081007900", "gi_z": -1.09, "borough": "Queens", "pop": 2742.0, "incidents": 115, "lisa": "Not significant" }, "geometry": { "type": "Polygon", "coordinates": [ [ [ -73.931278, 40.771516 ], [ -73.933445, 40.768818 ], [ -73.928556, 40.766714 ], [ -73.926473, 40.769271 ], [ -73.927807, 40.769889 ], [ -73.931278, 40.771516 ] ] ] } },
{ "type": "Feature", "properties": { "GEOID": "36081015700", "gi_z": -0.31, "borough": "Queens", "pop": 1371.0, "incidents": 143, "lisa": "Not significant" }, "geometry": { "type": "Polygon", "coordinates": [ [ [ -73.925627, 40.752137 ], [ -73.921619, 40.753028 ], [ -73.918203, 40.7586 ], [ -73.921659, 40.757051 ], [ -73.924157, 40.753961 ], [ -73.925627, 40.752137 ] ] ] } },
{ "type": "Feature", "properties": { "GEOID": "36081016300", "gi_z": -0.93, "borough": "Queens", "pop": 3956.0, "incidents": 62, "lisa": "Not significant" }, "geometry": { "type": "Polygon", "coordinates": [ [ [ -73.912611, 40.755971 ], [ -73.913542, 40.753469 ], [ -73.910451, 40.752961 ], [ -73.910231, 40.752977 ], [ -73.906315, 40.759844 ], [ -73.907794, 40.760518 ], [ -73.910684, 40.758319 ], [ -73.912611, 40.755971 ] ] ] } },
{ "type": "Feature", "properties": { "GEOID": "36081016600", "gi_z": -0.08, "borough": "Queens", "pop": 4015.0, "incidents": 188, "lisa": "Not significant" }, "geometry": { "type": "Polygon", "coordinates": [ [ [ -73.82147, 40.684891 ], [ -73.824173, 40.686234 ], [ -73.821357, 40.680497 ], [ -73.819225, 40.676133 ], [ -73.817076, 40.675796 ], [ -73.820421, 40.682755 ], [ -73.82147, 40.684891 ] ] ] } },
{ "type": "Feature", "properties": { "GEOID": "36081017800", "gi_z": -1.15, "borough": "Queens", "pop": 2086.0, "incidents": 103, "lisa": "Not significant" }, "geometry": { "type": "Polygon", "coordinates": [ [ [ -73.814362, 40.67651 ], [ -73.813869, 40.675478 ], [ -73.809782, 40.675108 ], [ -73.803356, 40.677644 ], [ -73.804235, 40.679416 ], [ -73.814362, 40.67651 ] ] ] } },
{ "type": "Feature", "properties": { "GEOID": "36081018200", "gi_z": -1.06, "borough": "Queens", "pop": 2613.0, "incidents": 104, "lisa": "Not significant" }, "geometry": { "type": "Polygon", "coordinates": [ [ [ -73.803356, 40.677644 ], [ -73.801793, 40.674394 ], [ -73.794726, 40.673761 ], [ -73.795935, 40.676597 ], [ -73.798215, 40.679097 ], [ -73.803356, 40.677644 ] ] ] } },
{ "type": "Feature", "properties": { "GEOID": "36081018300", "gi_z": -0.52, "borough": "Queens", "pop": 5058.0, "incidents": 277, "lisa": "Not significant" }, "geometry": { "type": "Polygon", "coordinates": [ [ [ -73.920798, 40.746891 ], [ -73.921883, 40.741478 ], [ -73.919099, 40.741155 ], [ -73.91873, 40.742991 ], [ -73.918014, 40.746568 ], [ -73.918676, 40.749488 ], [ -73.920798, 40.746891 ] ] ] } },
{ "type": "Feature", "properties": { "GEOID": "36081009600", "gi_z": -0.29, "borough": "Queens", "pop": 3072.0, "incidents": 97, "lisa": "Not significant" }, "geometry": { "type": "Polygon", "coordinates": [ [ [ -73.835056, 40.683015 ], [ -73.833325, 40.678657 ], [ -73.828837, 40.677692 ], [ -73.832112, 40.684358 ], [ -73.835056, 40.683015 ] ] ] } },
{ "type": "Feature", "properties": { "GEOID": "36081010000", "gi_z": -0.51, "borough": "Queens", "pop": 3082.0, "incidents": 155, "lisa": "Not significant" }, "geometry": { "type": "Polygon", "coordinates": [ [ [ -73.82946, 40.6854 ], [ -73.832112, 40.684358 ], [ -73.828837, 40.677692 ], [ -73.825406, 40.677147 ], [ -73.82633, 40.679084 ], [ -73.82946, 40.6854 ] ] ] } },
{ "type": "Feature", "properties": { "GEOID": "36081010600", "gi_z": -0.35, "borough": "Queens", "pop": 2785.0, "incidents": 213, "lisa": "Not significant" }, "geometry": { "type": "Polygon", "coordinates": [ [ [ -73.828511, 40.689239 ], [ -73.82753, 40.687239 ], [ -73.825937, 40.685937 ], [ -73.823901, 40.68176 ], [ -73.821357, 40.680497 ], [ -73.824173, 40.686234 ], [ -73.825011, 40.687952 ], [ -73.825988, 40.689946 ], [ -73.828511, 40.689239 ] ] ] } },
{ "type": "Feature", "properties": { "GEOID": "36081011300", "gi_z": -1.11, "borough": "Queens", "pop": 4445.0, "incidents": 118, "lisa": "Not significant" }, "geometry": { "type": "Polygon", "coordinates": [ [ [ -73.912383, 40.77731 ], [ -73.909617, 40.775366 ], [ -73.906788, 40.773367 ], [ -73.904553, 40.775196 ], [ -73.905955, 40.776188 ], [ -73.910147, 40.77915 ], [ -73.912383, 40.77731 ] ] ] } },
{ "type": "Feature", "properties": { "GEOID": "36081011600", "gi_z": -1.14, "borough": "Queens", "pop": 2226.0, "incidents": 59, "lisa": "Not significant" }, "geometry": { "type": "Polygon", "coordinates": [ [ [ -73.841046, 40.690284 ], [ -73.839923, 40.685995 ], [ -73.837278, 40.686747 ], [ -73.836346, 40.688928 ], [ -73.837511, 40.691297 ], [ -73.838679, 40.690961 ], [ -73.841046, 40.690284 ] ] ] } },
{ "type": "Feature", "properties": { "GEOID": "36081012100", "gi_z": -1.1, "borough": "Queens", "pop": 2141.0, "incidents": 41, "lisa": "Not significant" }, "geometry": { "type": "Polygon", "coordinates": [ [ [ -73.906788, 40.773367 ], [ -73.903191, 40.770825 ], [ -73.902476, 40.77032 ], [ -73.90024, 40.772151 ], [ -73.904553, 40.775196 ], [ -73.906788, 40.773367 ] ] ] } },
{ "type": "Feature", "properties": { "GEOID": "36081013200", "gi_z": -0.69, "borough": "Queens", "pop": 1960.0, "incidents": 117, "lisa": "Not significant" }, "geometry": { "type": "Polygon", "coordinates": [ [ [ -73.836619, 40.70342 ], [ -73.834844, 40.698269 ], [ -73.834066, 40.698695 ], [ -73.830886, 40.700009 ], [ -73.831521, 40.70139 ], [ -73.832132, 40.702794 ], [ -73.836619, 40.70342 ] ] ] } },
{ "type": "Feature", "properties": { "GEOID": "36081013400", "gi_z": -1.36, "borough": "Queens", "pop": 5802.0, "incidents": 82, "lisa": "Not significant" }, "geometry": { "type": "Polygon", "coordinates": [ [ [ -73.837147, 40.707957 ], [ -73.836962, 40.704212 ], [ -73.836619, 40.70342 ], [ -73.832132, 40.702794 ], [ -73.831764, 40.706142 ], [ -73.837147, 40.707957 ] ] ] } },
{ "type": "Feature", "properties": { "GEOID": "36081014100", "gi_z": -0.59, "borough": "Queens", "pop": 1613.0, "incidents": 65, "lisa": "Not significant" }, "geometry": { "type": "Polygon", "coordinates": [ [ [ -73.910942, 40.76885 ], [ -73.908492, 40.766452 ], [ -73.904512, 40.764589 ], [ -73.903512, 40.76585 ], [ -73.902025, 40.767417 ], [ -73.910942, 40.76885 ] ] ] } },
{ "type": "Feature", "properties": { "GEOID": "36081014300", "gi_z": -0.61, "borough": "Queens", "pop": 3853.0, "incidents": 252, "lisa": "Not significant" }, "geometry": { "type": "Polygon", "coordinates": [ [ [ -73.91194, 40.76901 ], [ -73.913701, 40.76548 ], [ -73.910505, 40.763979 ], [ -73.908492, 40.766452 ], [ -73.910942, 40.76885 ], [ -73.91194, 40.76901 ] ] ] } },
{ "type": "Feature", "properties": { "GEOID": "36081015100", "gi_z": -0.89, "borough": "Queens", "pop": 2769.0, "incidents": 82, "lisa": "Not significant" }, "geometry": { "type": "Polygon", "coordinates": [ [ [ -73.913897, 40.759818 ], [ -73.910684, 40.758319 ], [ -73.907794, 40.760518 ], [ -73.911799, 40.76239 ], [ -73.913897, 40.759818 ] ] ] } },
{ "type": "Feature", "properties": { "GEOID": "36081015500", "gi_z": -0.37, "borough": "Queens", "pop": 2119.0, "incidents": 230, "lisa": "Not significant" }, "geometry": { "type": "Polygon", "coordinates": [ [ [ -73.921659, 40.757051 ], [ -73.918203, 40.7586 ], [ -73.916604, 40.757848 ], [ -73.914696, 40.760188 ], [ -73.914992, 40.763892 ], [ -73.915791, 40.764268 ], [ -73.917888, 40.761695 ], [ -73.919799, 40.759349 ], [ -73.921659, 40.757051 ] ] ] } },
{ "type": "Feature", "properties": { "GEOID": "36047098400", "gi_z": -1.84, "borough": "Brooklyn", "pop": 1924.0, "incidents": 46, "lisa": "Low-Low" }, "geometry": { "type": "Polygon", "coordinates": [ [ [ -73.894679, 40.64753 ], [ -73.891021, 40.644245 ], [ -73.888901, 40.64563 ], [ -73.892551, 40.648911 ], [ -73.894679, 40.64753 ] ] ] } },
{ "type": "Feature", "properties": { "GEOID": "36047098800", "gi_z": -1.53, "borough": "Brooklyn", "pop": 2752.0, "incidents": 79, "lisa": "Low-Low" }, "geometry": { "type": "Polygon", "coordinates": [ [ [ -73.90067, 40.64366 ], [ -73.898828, 40.642005 ], [ -73.897011, 40.640374 ], [ -73.893961, 40.642343 ], [ -73.897619, 40.64563 ], [ -73.90067, 40.64366 ] ] ] } },
{ "type": "Feature", "properties": { "GEOID": "36047100400", "gi_z": -1.7, "borough": "Brooklyn", "pop": 2423.0, "incidents": 27, "lisa": "Low-Low" }, "geometry": { "type": "Polygon", "coordinates": [ [ [ -73.907351, 40.630831 ], [ -73.902388, 40.628599 ], [ -73.900513, 40.629688 ], [ -73.904149, 40.632952 ], [ -73.907351, 40.630831 ] ] ] } },
{ "type": "Feature", "properties": { "GEOID": "36047101000", "gi_z": -1.82, "borough": "Brooklyn", "pop": 2577.0, "incidents": 69, "lisa": "Low-Low" }, "geometry": { "type": "Polygon", "coordinates": [ [ [ -73.8983, 40.636736 ], [ -73.89476, 40.633405 ], [ -73.891557, 40.635475 ], [ -73.893375, 40.637108 ], [ -73.895191, 40.638742 ], [ -73.8983, 40.636736 ] ] ] } },
{ "type": "Feature", "properties": { "GEOID": "36047101800", "gi_z": -1.79, "borough": "Brooklyn", "pop": 1789.0, "incidents": 17, "lisa": "Low-Low" }, "geometry": { "type": "Polygon", "coordinates": [ [ [ -73.891252, 40.650026 ], [ -73.892551, 40.648911 ], [ -73.888901, 40.64563 ], [ -73.887386, 40.640981 ], [ -73.883718, 40.63768 ], [ -73.880739, 40.639613 ], [ -73.891252, 40.650026 ] ] ] } },
{ "type": "Feature", "properties": { "GEOID": "36047109800", "gi_z": 0.54, "borough": "Brooklyn", "pop": 2348.0, "incidents": 238, "lisa": "Not significant" }, "geometry": { "type": "Polygon", "coordinates": [ [ [ -73.909449, 40.651522 ], [ -73.907615, 40.649896 ], [ -73.903982, 40.646629 ], [ -73.897943, 40.650515 ], [ -73.89761, 40.653454 ], [ -73.893547, 40.655202 ], [ -73.89611, 40.657754 ], [ -73.898807, 40.657407 ], [ -73.900303, 40.657263 ], [ -73.907856, 40.654589 ], [ -73.908558, 40.652096 ], [ -73.909449, 40.651522 ] ] ] } },
{ "type": "Feature", "properties": { "GEOID": "36047110600", "gi_z": 1.03, "borough": "Brooklyn", "pop": 4117.0, "incidents": 99, "lisa": "Not significant" }, "geometry": { "type": "Polygon", "coordinates": [ [ [ -73.882912, 40.659781 ], [ -73.887786, 40.657683 ], [ -73.885681, 40.65485 ], [ -73.881826, 40.658308 ], [ -73.882912, 40.659781 ] ] ] } },
{ "type": "Feature", "properties": { "GEOID": "36047112400", "gi_z": 0.67, "borough": "Brooklyn", "pop": 3380.0, "incidents": 363, "lisa": "Not significant" }, "geometry": { "type": "Polygon", "coordinates": [ [ [ -73.890694, 40.666852 ], [ -73.889907, 40.663778 ], [ -73.883309, 40.666112 ], [ -73.883597, 40.667905 ], [ -73.886183, 40.667521 ], [ -73.88977, 40.66699 ], [ -73.890694, 40.666852 ] ] ] } },
{ "type": "Feature", "properties": { "GEOID": "36047115000", "gi_z": 1.13, "borough": "Brooklyn", "pop": 2962.0, "incidents": 152, "lisa": "Not significant" }, "geometry": { "type": "Polygon", "coordinates": [ [ [ -73.889151, 40.675496 ], [ -73.888192, 40.671715 ], [ -73.887289, 40.671848 ], [ -73.883889, 40.672355 ], [ -73.884854, 40.676129 ], [ -73.888256, 40.675625 ], [ -73.889151, 40.675496 ] ] ] } },
{ "type": "Feature", "properties": { "GEOID": "36047115200", "gi_z": 1.69, "borough": "Brooklyn", "pop": 2558.0, "incidents": 231, "lisa": "Not significant" }, "geometry": { "type": "Polygon", "coordinates": [ [ [ -73.89367, 40.674822 ], [ -73.892711, 40.671046 ], [ -73.890878, 40.671318 ], [ -73.888192, 40.671715 ], [ -73.889151, 40.675496 ], [ -73.89367, 40.674822 ] ] ] } },
{ "type": "Feature", "properties": { "GEOID": "36047116600", "gi_z": 0.62, "borough": "Brooklyn", "pop": 2998.0, "incidents": 177, "lisa": "Not significant" }, "geometry": { "type": "Polygon", "coordinates": [ [ [ -73.884854, 40.676129 ], [ -73.883889, 40.672355 ], [ -73.879568, 40.672987 ], [ -73.879882, 40.674255 ], [ -73.880505, 40.676766 ], [ -73.883226, 40.67637 ], [ -73.884854, 40.676129 ] ] ] } },
{ "type": "Feature", "properties": { "GEOID": "36047117201", "gi_z": 0.35, "borough": "Brooklyn", "pop": 1961.0, "incidents": 125, "lisa": "Not significant" }, "geometry": { "type": "Polygon", "coordinates": [ [ [ -73.889774, 40.681801 ], [ -73.889006, 40.678557 ], [ -73.884671, 40.67994 ], [ -73.884893, 40.680811 ], [ -73.886505, 40.683349 ], [ -73.888191, 40.682556 ], [ -73.889774, 40.681801 ] ] ] } },
{ "type": "Feature", "properties": { "GEOID": "36047117601", "gi_z": -0.4, "borough": "Brooklyn", "pop": 3029.0, "incidents": 85, "lisa": "Not significant" }, "geometry": { "type": "Polygon", "coordinates": [ [ [ -73.879075, 40.686882 ], [ -73.877867, 40.682039 ], [ -73.874105, 40.683104 ], [ -73.876681, 40.688088 ], [ -73.879075, 40.686882 ] ] ] } },
{ "type": "Feature", "properties": { "GEOID": "36047118202", "gi_z": -0.45, "borough": "Brooklyn", "pop": 3288.0, "incidents": 121, "lisa": "Not significant" }, "geometry": { "type": "Polygon", "coordinates": [ [ [ -73.868059, 40.691184 ], [ -73.870948, 40.690502 ], [ -73.869909, 40.686116 ], [ -73.867018, 40.68683 ], [ -73.868059, 40.691184 ] ] ] } },
{ "type": "Feature", "properties": { "GEOID": "36047119200", "gi_z": 0.82, "borough": "Brooklyn", "pop": 3885.0, "incidents": 203, "lisa": "Not significant" }, "geometry": { "type": "Polygon", "coordinates": [ [ [ -73.880609, 40.679111 ], [ -73.880505, 40.676766 ], [ -73.879882, 40.674255 ], [ -73.875275, 40.674918 ], [ -73.876565, 40.68018 ], [ -73.877339, 40.680055 ], [ -73.877429, 40.680017 ], [ -73.880609, 40.679111 ] ] ] } },
{ "type": "Feature", "properties": { "GEOID": "36047119600", "gi_z": 0.61, "borough": "Brooklyn", "pop": 5979.0, "incidents": 508, "lisa": "Not significant" }, "geometry": { "type": "Polygon", "coordinates": [ [ [ -73.876565, 40.68018 ], [ -73.875275, 40.674918 ], [ -73.874624, 40.672389 ], [ -73.871303, 40.672858 ], [ -73.869447, 40.673143 ], [ -73.870387, 40.676939 ], [ -73.876565, 40.68018 ] ] ] } },
{ "type": "Feature", "properties": { "GEOID": "36047054600", "gi_z": -1.04, "borough": "Brooklyn", "pop": 5373.0, "incidents": 75, "lisa": "Not significant" }, "geometry": { "type": "Polygon", "coordinates": [ [ [ -73.955786, 40.616036 ], [ -73.954796, 40.61082 ], [ -73.950706, 40.61125 ], [ -73.950265, 40.613924 ], [ -73.954587, 40.616169 ], [ -73.955786, 40.616036 ] ] ] } },
{ "type": "Feature", "properties": { "GEOID": "36005002400", "gi_z": 1.88, "borough": "Bronx", "pop": 105.0, "incidents": 65, "lisa": "Low-High" }, "geometry": { "type": "Polygon", "coordinates": [ [ [ -73.873554, 40.82441 ], [ -73.872468, 40.820151 ], [ -73.880981, 40.818238 ], [ -73.871303, 40.813954 ], [ -73.866484, 40.805901 ], [ -73.86115, 40.811421 ], [ -73.865218, 40.814529 ], [ -73.868936, 40.815142 ], [ -73.870501, 40.820364 ], [ -73.871515, 40.824715 ], [ -73.872506, 40.824591 ], [ -73.873554, 40.82441 ] ] ] } },
{ "type": "Feature", "properties": { "GEOID": "36005034800", "gi_z": -0.43, "borough": "Bronx", "pop": 6051.0, "incidents": 250, "lisa": "Not significant" }, "geometry": { "type": "Polygon", "coordinates": [ [ [ -73.856513, 40.874218 ], [ -73.856614, 40.87125 ], [ -73.855781, 40.86544 ], [ -73.852891, 40.865388 ], [ -73.850084, 40.865335 ], [ -73.848597, 40.87167 ], [ -73.853637, 40.873301 ], [ -73.856513, 40.874218 ] ] ] } },
{ "type": "Feature", "properties": { "GEOID": "36005007600", "gi_z": 2.35, "borough": "Bronx", "pop": 5252.0, "incidents": 514, "lisa": "Not significant" }, "geometry": { "type": "Polygon", "coordinates": [ [ [ -73.871102, 40.835755 ], [ -73.870007, 40.83082 ], [ -73.86815, 40.83136 ], [ -73.863657, 40.832652 ], [ -73.862721, 40.833021 ], [ -73.862837, 40.833688 ], [ -73.866806, 40.834837 ], [ -73.871102, 40.835755 ] ] ] } },
{ "type": "Feature", "properties": { "GEOID": "36005015200", "gi_z": -0.47, "borough": "Bronx", "pop": 2562.0, "incidents": 195, "lisa": "Not significant" }, "geometry": { "type": "Polygon", "coordinates": [ [ [ -73.825294, 40.829689 ], [ -73.831106, 40.826819 ], [ -73.824638, 40.824766 ], [ -73.81914, 40.822347 ], [ -73.821676, 40.826202 ], [ -73.825294, 40.829689 ] ] ] } },
{ "type": "Feature", "properties": { "GEOID": "36005018301", "gi_z": 4.05, "borough": "Bronx", "pop": 3933.0, "incidents": 130, "lisa": "Low-High" }, "geometry": { "type": "Polygon", "coordinates": [ [ [ -73.920461, 40.830915 ], [ -73.922669, 40.826854 ], [ -73.921152, 40.826398 ], [ -73.918944, 40.830335 ], [ -73.920461, 40.830915 ] ] ] } },
{ "type": "Feature", "properties": { "GEOID": "36061021303", "gi_z": 2.59, "borough": "Manhattan", "pop": 5804.0, "incidents": 260, "lisa": "High-High" }, "geometry": { "type": "Polygon", "coordinates": [ [ [ -73.952721, 40.818236 ], [ -73.955707, 40.814144 ], [ -73.952101, 40.811442 ], [ -73.950927, 40.812575 ], [ -73.952974, 40.81507 ], [ -73.9522, 40.81895 ], [ -73.952721, 40.818236 ] ] ] } },
{ "type": "Feature", "properties": { "GEOID": "36061024000", "gi_z": 0.63, "borough": "Manhattan", "pop": 2395.0, "incidents": 258, "lisa": "Not significant" }, "geometry": { "type": "Polygon", "coordinates": [ [ [ -73.931788, 40.790173 ], [ -73.936239, 40.785687 ], [ -73.935433, 40.783249 ], [ -73.927708, 40.780964 ], [ -73.925745, 40.778405 ], [ -73.919965, 40.782635 ], [ -73.915344, 40.786116 ], [ -73.910296, 40.790657 ], [ -73.912456, 40.796096 ], [ -73.925081, 40.802521 ], [ -73.927599, 40.79803 ], [ -73.927257, 40.794876 ], [ -73.931788, 40.790173 ] ] ] } },
{ "type": "Feature", "properties": { "GEOID": "36061031704", "gi_z": 1.44, "borough": "Manhattan", "pop": 10097.0, "incidents": 131, "lisa": "Low-High" }, "geometry": { "type": "Polygon", "coordinates": [ [ [ -74.017987221647999, 40.712401949022606 ], [ -74.019215, 40.706554 ], [ -74.016628, 40.704799 ], [ -74.014358, 40.711006 ], [ -74.017987221647999, 40.712401949022606 ] ] ] } },
{ "type": "Feature", "properties": { "GEOID": "36081018502", "gi_z": -0.79, "borough": "Queens", "pop": 3071.0, "incidents": 88, "lisa": "Not significant" }, "geometry": { "type": "Polygon", "coordinates": [ [ [ -73.924664, 40.7418 ], [ -73.92503, 40.739955 ], [ -73.919466, 40.739312 ], [ -73.919099, 40.741155 ], [ -73.921883, 40.741478 ], [ -73.923739, 40.741692 ], [ -73.924664, 40.7418 ] ] ] } },
{ "type": "Feature", "properties": { "GEOID": "36085027706", "gi_z": -1.5, "borough": "Staten Island", "pop": 3107.0, "incidents": 98, "lisa": "Low-Low" }, "geometry": { "type": "Polygon", "coordinates": [ [ [ -74.163317, 40.592508 ], [ -74.167614, 40.588927 ], [ -74.16299, 40.5863 ], [ -74.156366, 40.593197 ], [ -74.1619, 40.595299 ], [ -74.163317, 40.592508 ] ] ] } },
{ "type": "Feature", "properties": { "GEOID": "36081029400", "gi_z": -0.11, "borough": "Queens", "pop": 8578.0, "incidents": 321, "lisa": "Not significant" }, "geometry": { "type": "Polygon", "coordinates": [ [ [ -73.788085, 40.67301 ], [ -73.78941, 40.666841 ], [ -73.771545, 40.667963 ], [ -73.774496, 40.671828 ], [ -73.775672, 40.673387 ], [ -73.779478, 40.678365 ], [ -73.781572, 40.676901 ], [ -73.786868, 40.672824 ], [ -73.788085, 40.67301 ] ] ] } },
{ "type": "Feature", "properties": { "GEOID": "36081030903", "gi_z": 1.12, "borough": "Queens", "pop": 5176.0, "incidents": 169, "lisa": "Not significant" }, "geometry": { "type": "Polygon", "coordinates": [ [ [ -73.892899, 40.760533 ], [ -73.893473, 40.758451 ], [ -73.892803, 40.754778 ], [ -73.890948, 40.754974 ], [ -73.888157, 40.755266 ], [ -73.886298, 40.75546 ], [ -73.887327, 40.761118 ], [ -73.892899, 40.760533 ] ] ] } },
{ "type": "Feature", "properties": { "GEOID": "36081053100", "gi_z": -1.26, "borough": "Queens", "pop": 3244.0, "incidents": 118, "lisa": "Low-Low" }, "geometry": { "type": "Polygon", "coordinates": [ [ [ -73.90741, 40.727209 ], [ -73.912563, 40.723239 ], [ -73.911321, 40.719624 ], [ -73.904096, 40.721031 ], [ -73.904571, 40.723009 ], [ -73.90741, 40.727209 ] ] ] } },
{ "type": "Feature", "properties": { "GEOID": "36081062200", "gi_z": -2.19, "borough": "Queens", "pop": 2069.0, "incidents": 53, "lisa": "Low-Low" }, "geometry": { "type": "Polygon", "coordinates": [ [ [ -73.733107, 40.6892 ], [ -73.732239, 40.688937 ], [ -73.725996, 40.686932 ], [ -73.726503, 40.696886 ], [ -73.727516, 40.697196 ], [ -73.729646, 40.695836 ], [ -73.732297, 40.692683 ], [ -73.733107, 40.6892 ] ] ] } },
{ "type": "Feature", "properties": { "GEOID": "36081071303", "gi_z": -1.07, "borough": "Queens", "pop": 5303.0, "incidents": 57, "lisa": "Not significant" }, "geometry": { "type": "Polygon", "coordinates": [ [ [ -73.853588, 40.727135 ], [ -73.852448, 40.726705 ], [ -73.84733, 40.722933 ], [ -73.848082, 40.72573 ], [ -73.849247, 40.72845 ], [ -73.853588, 40.727135 ] ] ] } },
{ "type": "Feature", "properties": { "GEOID": "36081071306", "gi_z": -1.1, "borough": "Queens", "pop": 7192.0, "incidents": 119, "lisa": "Not significant" }, "geometry": { "type": "Polygon", "coordinates": [ [ [ -73.857981, 40.728735 ], [ -73.858072, 40.724474 ], [ -73.854542, 40.723726 ], [ -73.852448, 40.726705 ], [ -73.853588, 40.727135 ], [ -73.857622, 40.728603 ], [ -73.857981, 40.728735 ] ] ] } },
{ "type": "Feature", "properties": { "GEOID": "36081075702", "gi_z": -0.9, "borough": "Queens", "pop": 5237.0, "incidents": 77, "lisa": "Not significant" }, "geometry": { "type": "Polygon", "coordinates": [ [ [ -73.844277, 40.72763 ], [ -73.843934, 40.726965 ], [ -73.840852, 40.720065 ], [ -73.839812, 40.719602 ], [ -73.835963, 40.721677 ], [ -73.840327, 40.728807 ], [ -73.844277, 40.72763 ] ] ] } },
{ "type": "Feature", "properties": { "GEOID": "36081006501", "gi_z": 0.3, "borough": "Queens", "pop": 2983.0, "incidents": 358, "lisa": "Not significant" }, "geometry": { "type": "Polygon", "coordinates": [ [ [ -73.918116, 40.770029 ], [ -73.919778, 40.766152 ], [ -73.91819, 40.765394 ], [ -73.914874, 40.76947 ], [ -73.918116, 40.770029 ] ] ] } },
{ "type": "Feature", "properties": { "GEOID": "36081129104", "gi_z": -1.32, "borough": "Queens", "pop": 4192.0, "incidents": 74, "lisa": "Not significant" }, "geometry": { "type": "Polygon", "coordinates": [ [ [ -73.757353, 40.741116 ], [ -73.755196, 40.734302 ], [ -73.741676, 40.736827 ], [ -73.740291, 40.738517 ], [ -73.743962, 40.740789 ], [ -73.749968, 40.739746 ], [ -73.753473, 40.742405 ], [ -73.757353, 40.741116 ] ] ] } },
{ "type": "Feature", "properties": { "GEOID": "36081006202", "gi_z": 1.28, "borough": "Queens", "pop": 7327.0, "incidents": 255, "lisa": "Not significant" }, "geometry": { "type": "Polygon", "coordinates": [ [ [ -73.857282, 40.670312 ], [ -73.855685, 40.663867 ], [ -73.857615, 40.660119 ], [ -73.863171, 40.658277 ], [ -73.860676, 40.654868 ], [ -73.860483, 40.654659 ], [ -73.853617, 40.659735 ], [ -73.848813, 40.662804 ], [ -73.851098, 40.669412 ], [ -73.842266, 40.668272 ], [ -73.842429, 40.668784 ], [ -73.842572, 40.669284 ], [ -73.856487, 40.673377 ], [ -73.861318, 40.675021 ], [ -73.861064, 40.674343 ], [ -73.857282, 40.670312 ] ] ] } },
{ "type": "Feature", "properties": { "GEOID": "36081030904", "gi_z": -0.3, "borough": "Queens", "pop": 2721.0, "incidents": 133, "lisa": "Not significant" }, "geometry": { "type": "Polygon", "coordinates": [ [ [ -73.894324, 40.766146 ], [ -73.897345, 40.761977 ], [ -73.892899, 40.760533 ], [ -73.887327, 40.761118 ], [ -73.886397, 40.761216 ], [ -73.887552, 40.76635 ], [ -73.887731, 40.766915 ], [ -73.894324, 40.766146 ] ] ] } },
{ "type": "Feature", "properties": { "GEOID": "36081093402", "gi_z": -0.84, "borough": "Queens", "pop": 4165.0, "incidents": 57, "lisa": "Not significant" }, "geometry": { "type": "Polygon", "coordinates": [ [ [ -73.838752, 40.582629 ], [ -73.845086, 40.581402 ], [ -73.8414991714682, 40.574999774093399 ], [ -73.835635652952504, 40.577025538302877 ], [ -73.838752, 40.582629 ] ] ] } },
{ "type": "Feature", "properties": { "GEOID": "36081099802", "gi_z": -0.32, "borough": "Queens", "pop": 5375.0, "incidents": 108, "lisa": "Not significant" }, "geometry": { "type": "Polygon", "coordinates": [ [ [ -73.762156, 40.596085 ], [ -73.763825255631104, 40.591620481662908 ], [ -73.752798133430204, 40.591830914864893 ], [ -73.753203, 40.595152 ], [ -73.762156, 40.596085 ] ] ] } },
{ "type": "Feature", "properties": { "GEOID": "36005021700", "gi_z": 2.44, "borough": "Bronx", "pop": 5006.0, "incidents": 356, "lisa": "High-High" }, "geometry": { "type": "Polygon", "coordinates": [ [ [ -73.917421, 40.846344 ], [ -73.917402, 40.845036 ], [ -73.916726, 40.84505 ], [ -73.914199, 40.845115 ], [ -73.91168, 40.848639 ], [ -73.909215, 40.851801 ], [ -73.912875, 40.850125 ], [ -73.917421, 40.846344 ] ] ] } },
{ "type": "Feature", "properties": { "GEOID": "36005022200", "gi_z": 1.28, "borough": "Bronx", "pop": 3330.0, "incidents": 488, "lisa": "Not significant" }, "geometry": { "type": "Polygon", "coordinates": [ [ [ -73.861012, 40.834597 ], [ -73.860851, 40.833614 ], [ -73.860344, 40.833294 ], [ -73.851684, 40.834201 ], [ -73.852914, 40.840086 ], [ -73.853035, 40.840735 ], [ -73.854151, 40.840617 ], [ -73.855858, 40.835897 ], [ -73.861012, 40.834597 ] ] ] } },
{ "type": "Feature", "properties": { "GEOID": "36005023703", "gi_z": 3.99, "borough": "Bronx", "pop": 4959.0, "incidents": 633, "lisa": "High-High" }, "geometry": { "type": "Polygon", "coordinates": [ [ [ -73.901913, 40.858094 ], [ -73.899949, 40.85742 ], [ -73.898832, 40.859305 ], [ -73.897068, 40.862534 ], [ -73.899618, 40.862159 ], [ -73.901913, 40.858094 ] ] ] } },
{ "type": "Feature", "properties": { "GEOID": "36005026702", "gi_z": 2.27, "borough": "Bronx", "pop": 6841.0, "incidents": 235, "lisa": "High-High" }, "geometry": { "type": "Polygon", "coordinates": [ [ [ -73.900054, 40.876184 ], [ -73.90265, 40.870585 ], [ -73.898918, 40.869658 ], [ -73.900054, 40.876184 ] ] ] } },
{ "type": "Feature", "properties": { "GEOID": "36005027401", "gi_z": 0.22, "borough": "Bronx", "pop": 4973.0, "incidents": 228, "lisa": "Not significant" }, "geometry": { "type": "Polygon", "coordinates": [ [ [ -73.826241, 40.842994 ], [ -73.826084, 40.841372 ], [ -73.826013, 40.834021 ], [ -73.823816, 40.83433 ], [ -73.818046, 40.835543 ], [ -73.820461, 40.842549 ], [ -73.820141, 40.84802 ], [ -73.824957, 40.846105 ], [ -73.826241, 40.842994 ] ] ] } },
{ "type": "Feature", "properties": { "GEOID": "36005029301", "gi_z": -0.83, "borough": "Bronx", "pop": 1874.0, "incidents": 72, "lisa": "Not significant" }, "geometry": { "type": "Polygon", "coordinates": [ [ [ -73.929421422075905, 40.889690133459709 ], [ -73.933786895522204, 40.882206616177008 ], [ -73.92163, 40.878321 ], [ -73.919221, 40.880768 ], [ -73.918761, 40.88557 ], [ -73.920956, 40.887288 ], [ -73.929421422075905, 40.889690133459709 ] ] ] } },
{ "type": "Feature", "properties": { "GEOID": "36005036000", "gi_z": 0.07, "borough": "Bronx", "pop": 2779.0, "incidents": 116, "lisa": "Not significant" }, "geometry": { "type": "Polygon", "coordinates": [ [ [ -73.845173, 40.869915 ], [ -73.847185, 40.865283 ], [ -73.844366, 40.86523 ], [ -73.840747, 40.865162 ], [ -73.836971, 40.865643 ], [ -73.843586, 40.869088 ], [ -73.845173, 40.869915 ] ] ] } },
{ "type": "Feature", "properties": { "GEOID": "36085006700", "gi_z": -1.61, "borough": "Staten Island", "pop": 3069.0, "incidents": 73, "lisa": "Low-Low" }, "geometry": { "type": "Polygon", "coordinates": [ [ [ -74.107337, 40.63854 ], [ -74.105768, 40.630569 ], [ -74.105063, 40.627178 ], [ -74.103683, 40.630806 ], [ -74.097155, 40.631898 ], [ -74.095885, 40.635643 ], [ -74.092449, 40.635619 ], [ -74.094094, 40.639267 ], [ -74.099961, 40.640181 ], [ -74.105422, 40.638899 ], [ -74.107337, 40.63854 ] ] ] } },
{ "type": "Feature", "properties": { "GEOID": "36005039500", "gi_z": 3.38, "borough": "Bronx", "pop": 4389.0, "incidents": 755, "lisa": "High-High" }, "geometry": { "type": "Polygon", "coordinates": [ [ [ -73.899671, 40.847438 ], [ -73.901304, 40.844477 ], [ -73.894809, 40.843761 ], [ -73.892901, 40.846269 ], [ -73.893374, 40.846401 ], [ -73.896177, 40.846659 ], [ -73.893071, 40.85325 ], [ -73.895609, 40.854571 ], [ -73.899671, 40.847438 ] ] ] } },
{ "type": "Feature", "properties": { "GEOID": "36005040303", "gi_z": 1.18, "borough": "Bronx", "pop": 3999.0, "incidents": 194, "lisa": "Not significant" }, "geometry": { "type": "Polygon", "coordinates": [ [ [ -73.896037, 40.86923 ], [ -73.892996, 40.867882 ], [ -73.890976, 40.870159 ], [ -73.893071, 40.871396 ], [ -73.896037, 40.86923 ] ] ] } },
{ "type": "Feature", "properties": { "GEOID": "36005014701", "gi_z": 1.38, "borough": "Bronx", "pop": 6094.0, "incidents": 122, "lisa": "Not significant" }, "geometry": { "type": "Polygon", "coordinates": [ [ [ -73.907402, 40.836232 ], [ -73.908691, 40.833938 ], [ -73.903435, 40.832216 ], [ -73.901856, 40.834622 ], [ -73.907402, 40.836232 ] ] ] } },
{ "type": "Feature", "properties": { "GEOID": "36005021001", "gi_z": 1.07, "borough": "Bronx", "pop": 7347.0, "incidents": 131, "lisa": "Not significant" }, "geometry": { "type": "Polygon", "coordinates": [ [ [ -73.86358, 40.841278 ], [ -73.86069, 40.83851 ], [ -73.854151, 40.840617 ], [ -73.853035, 40.840735 ], [ -73.853335, 40.84247 ], [ -73.86358, 40.841278 ] ] ] } },
{ "type": "Feature", "properties": { "GEOID": "36005021002", "gi_z": 0.46, "borough": "Bronx", "pop": 7434.0, "incidents": 91, "lisa": "Not significant" }, "geometry": { "type": "Polygon", "coordinates": [ [ [ -73.86069, 40.83851 ], [ -73.859966, 40.837779 ], [ -73.855858, 40.835897 ], [ -73.854151, 40.840617 ], [ -73.86069, 40.83851 ] ] ] } },
{ "type": "Feature", "properties": { "GEOID": "36005028400", "gi_z": 2.07, "borough": "Bronx", "pop": 374.0, "incidents": 207, "lisa": "High-High" }, "geometry": { "type": "Polygon", "coordinates": [ [ [ -73.84494, 40.84821 ], [ -73.842041, 40.840646 ], [ -73.839364, 40.840878 ], [ -73.83763, 40.840293 ], [ -73.836868, 40.843473 ], [ -73.836693, 40.84364 ], [ -73.835801, 40.849677 ], [ -73.835041, 40.853127 ], [ -73.831291, 40.855434 ], [ -73.828521, 40.860746 ], [ -73.836819, 40.857277 ], [ -73.84494, 40.84821 ] ] ] } },
{ "type": "Feature", "properties": { "GEOID": "36047000502", "gi_z": 1.06, "borough": "Brooklyn", "pop": 2704.0, "incidents": 96, "lisa": "Not significant" }, "geometry": { "type": "Polygon", "coordinates": [ [ [ -73.99302, 40.69746 ], [ -73.99508, 40.693147 ], [ -73.993103, 40.692846 ], [ -73.990663, 40.694561 ], [ -73.990746, 40.695034 ], [ -73.991365, 40.69701 ], [ -73.99302, 40.69746 ] ] ] } },
{ "type": "Feature", "properties": { "GEOID": "36047015200", "gi_z": -1.17, "borough": "Brooklyn", "pop": 2294.0, "incidents": 54, "lisa": "Not significant" }, "geometry": { "type": "Polygon", "coordinates": [ [ [ -74.025729, 40.616049 ], [ -74.02755, 40.612925 ], [ -74.024775, 40.609676 ], [ -74.021216, 40.618472 ], [ -74.022933, 40.619502 ], [ -74.025729, 40.616049 ] ] ] } },
{ "type": "Feature", "properties": { "GEOID": "36047050804", "gi_z": -0.14, "borough": "Brooklyn", "pop": 6637.0, "incidents": 83, "lisa": "Not significant" }, "geometry": { "type": "Polygon", "coordinates": [ [ [ -73.9619, 40.654871 ], [ -73.964654, 40.650887 ], [ -73.96302, 40.651532 ], [ -73.961407, 40.65217 ], [ -73.9619, 40.654871 ] ] ] } },
{ "type": "Feature", "properties": { "GEOID": "36047051002", "gi_z": -0.25, "borough": "Brooklyn", "pop": 3675.0, "incidents": 120, "lisa": "Not significant" }, "geometry": { "type": "Polygon", "coordinates": [ [ [ -73.962186, 40.649789 ], [ -73.963075, 40.64944 ], [ -73.961672, 40.647115 ], [ -73.958141, 40.647504 ], [ -73.958707, 40.650387 ], [ -73.962186, 40.649789 ] ] ] } },
{ "type": "Feature", "properties": { "GEOID": "36085012806", "gi_z": -1.67, "borough": "Staten Island", "pop": 6075.0, "incidents": 72, "lisa": "Low-Low" }, "geometry": { "type": "Polygon", "coordinates": [ [ [ -74.116362, 40.563915 ], [ -74.120052, 40.560394 ], [ -74.113264, 40.556396 ], [ -74.109377950623994, 40.552705122262701 ], [ -74.104993, 40.554482 ], [ -74.100131369512795, 40.558851193603097 ], [ -74.113762, 40.566497 ], [ -74.116362, 40.563915 ] ] ] } },
{ "type": "Feature", "properties": { "GEOID": "36047069602", "gi_z": -1.74, "borough": "Brooklyn", "pop": 5847.0, "incidents": 121, "lisa": "Low-Low" }, "geometry": { "type": "Polygon", "coordinates": [ [ [ -73.91747, 40.621513 ], [ -73.917265, 40.619548 ], [ -73.911682, 40.616851 ], [ -73.91026, 40.61778 ], [ -73.908928, 40.618877 ], [ -73.906958, 40.622709 ], [ -73.902744, 40.620068 ], [ -73.901989, 40.620563 ], [ -73.90178, 40.624816 ], [ -73.90848, 40.627979 ], [ -73.91747, 40.621513 ] ] ] } },
{ "type": "Feature", "properties": { "GEOID": "36047076800", "gi_z": -1.84, "borough": "Brooklyn", "pop": 3895.0, "incidents": 94, "lisa": "Low-Low" }, "geometry": { "type": "Polygon", "coordinates": [ [ [ -73.964268, 40.619984 ], [ -73.963361, 40.615204 ], [ -73.959583, 40.61562 ], [ -73.958655, 40.615721 ], [ -73.957632, 40.620714 ], [ -73.958088, 40.623105 ], [ -73.96094, 40.622791 ], [ -73.964268, 40.619984 ] ] ] } },
{ "type": "Feature", "properties": { "GEOID": "36047119800", "gi_z": 2.03, "borough": "Brooklyn", "pop": 3514.0, "incidents": 410, "lisa": "Not significant" }, "geometry": { "type": "Polygon", "coordinates": [ [ [ -73.89999, 40.6769 ], [ -73.899307, 40.673982 ], [ -73.89367, 40.674822 ], [ -73.889151, 40.675496 ], [ -73.888256, 40.675625 ], [ -73.889006, 40.678557 ], [ -73.896537, 40.678594 ], [ -73.89999, 40.6769 ] ] ] } },
{ "type": "Feature", "properties": { "GEOID": "36047150200", "gi_z": -1.96, "borough": "Brooklyn", "pop": 2884.0, "incidents": 65, "lisa": "Low-Low" }, "geometry": { "type": "Polygon", "coordinates": [ [ [ -73.987296, 40.660442 ], [ -73.988428, 40.65925 ], [ -73.981796, 40.655246 ], [ -73.980712, 40.649524 ], [ -73.976347, 40.65122 ], [ -73.978039, 40.654747 ], [ -73.980653, 40.656381 ], [ -73.985071, 40.659029 ], [ -73.987296, 40.660442 ] ] ] } },
{ "type": "Feature", "properties": { "GEOID": "36047035602", "gi_z": 0.74, "borough": "Brooklyn", "pop": 6581.0, "incidents": 113, "lisa": "Not significant" }, "geometry": { "type": "Polygon", "coordinates": [ [ [ -73.971834, 40.579805 ], [ -73.973028, 40.57605 ], [ -73.968868, 40.575236 ], [ -73.968535, 40.576291 ], [ -73.968074, 40.578313 ], [ -73.967602, 40.580362 ], [ -73.971834, 40.579805 ] ] ] } },
{ "type": "Feature", "properties": { "GEOID": "36047079802", "gi_z": -0.55, "borough": "Brooklyn", "pop": 5004.0, "incidents": 244, "lisa": "Not significant" }, "geometry": { "type": "Polygon", "coordinates": [ [ [ -73.960662, 40.660947 ], [ -73.962814, 40.660504 ], [ -73.9619, 40.654871 ], [ -73.959861, 40.655635 ], [ -73.960426, 40.658072 ], [ -73.960662, 40.660947 ] ] ] } },
{ "type": "Feature", "properties": { "GEOID": "36081018101", "gi_z": -0.98, "borough": "Queens", "pop": 3532.0, "incidents": 129, "lisa": "Not significant" }, "geometry": { "type": "Polygon", "coordinates": [ [ [ -73.92451, 40.747321 ], [ -73.925588, 40.741908 ], [ -73.924664, 40.7418 ], [ -73.923739, 40.741692 ], [ -73.922653, 40.747107 ], [ -73.92451, 40.747321 ] ] ] } },
{ "type": "Feature", "properties": { "GEOID": "36005009302", "gi_z": 2.8, "borough": "Bronx", "pop": 319.0, "incidents": 284, "lisa": "High-High" }, "geometry": { "type": "Polygon", "coordinates": [ [ [ -73.903074, 40.80988 ], [ -73.902184, 40.804877 ], [ -73.892504, 40.801206 ], [ -73.867118, 40.793742 ], [ -73.863147, 40.797497 ], [ -73.879357, 40.805658 ], [ -73.880413, 40.809393 ], [ -73.882025, 40.81083 ], [ -73.890036, 40.809629 ], [ -73.890975, 40.813213 ], [ -73.895428, 40.815845 ], [ -73.898448, 40.813177 ], [ -73.903074, 40.80988 ] ] ] } },
{ "type": "Feature", "properties": { "GEOID": "36005051601", "gi_z": -0.47, "borough": "Bronx", "pop": 3828.0, "incidents": 123, "lisa": "Not significant" }, "geometry": { "type": "Polygon", "coordinates": [ [ [ -73.792287998481896, 40.855442440251394 ], [ -73.789902, 40.850364 ], [ -73.791124, 40.847185 ], [ -73.785637, 40.838021 ], [ -73.781534, 40.838948 ], [ -73.78313, 40.844495 ], [ -73.782169, 40.846718 ], [ -73.787905, 40.854078 ], [ -73.792287998481896, 40.855442440251394 ] ] ] } },
{ "type": "Feature", "properties": { "GEOID": "36005046209", "gi_z": 1.04, "borough": "Bronx", "pop": 4436.0, "incidents": 219, "lisa": "Not significant" }, "geometry": { "type": "Polygon", "coordinates": [ [ [ -73.838743, 40.881266 ], [ -73.834, 40.878388 ], [ -73.832451, 40.880216 ], [ -73.821807, 40.886126 ], [ -73.819814, 40.885574 ], [ -73.824492, 40.887378 ], [ -73.833618, 40.884186 ], [ -73.838743, 40.881266 ] ] ] } },
{ "type": "Feature", "properties": { "GEOID": "36005048401", "gi_z": 1.42, "borough": "Bronx", "pop": 3892.0, "incidents": 327, "lisa": "Not significant" }, "geometry": { "type": "Polygon", "coordinates": [ [ [ -73.84044, 40.884734 ], [ -73.838743, 40.881266 ], [ -73.833618, 40.884186 ], [ -73.824492, 40.887378 ], [ -73.829473, 40.889083 ], [ -73.835549, 40.889133 ], [ -73.836434, 40.888935 ], [ -73.835271, 40.88591 ], [ -73.84044, 40.884734 ] ] ] } },
{ "type": "Feature", "properties": { "GEOID": "36085017702", "gi_z": -1.59, "borough": "Staten Island", "pop": 2117.0, "incidents": 29, "lisa": "Low-Low" }, "geometry": { "type": "Polygon", "coordinates": [ [ [ -74.092609, 40.60323 ], [ -74.097546, 40.601985 ], [ -74.104272, 40.595264 ], [ -74.100817, 40.592668 ], [ -74.097221, 40.595365 ], [ -74.091779, 40.599239 ], [ -74.092609, 40.60323 ] ] ] } },
{ "type": "Feature", "properties": { "GEOID": "36085022602", "gi_z": -1.73, "borough": "Staten Island", "pop": 1373.0, "incidents": 69, "lisa": "Low-Low" }, "geometry": { "type": "Polygon", "coordinates": [ [ [ -74.212111516185502, 40.557637970595302 ], [ -74.218902, 40.554568 ], [ -74.228258, 40.555405 ], [ -74.247808, 40.543396 ], [ -74.241732, 40.531273 ], [ -74.2424289804745, 40.525032277575811 ], [ -74.23946, 40.521279 ], [ -74.23085, 40.520566 ], [ -74.229482, 40.519084 ], [ -74.22691, 40.519172 ], [ -74.223735, 40.518203 ], [ -74.225058, 40.520435 ], [ -74.223617, 40.526292 ], [ -74.22453, 40.537029 ], [ -74.223469, 40.543571 ], [ -74.22065, 40.548605 ], [ -74.217526, 40.554622 ], [ -74.213502, 40.555668 ], [ -74.207032, 40.557616 ], [ -74.212111516185502, 40.557637970595302 ] ] ] } },
{ "type": "Feature", "properties": { "GEOID": "36085018703", "gi_z": -1.95, "borough": "Staten Island", "pop": 3835.0, "incidents": 51, "lisa": "Low-Low" }, "geometry": { "type": "Polygon", "coordinates": [ [ [ -74.132123, 40.608275 ], [ -74.13099, 40.599503 ], [ -74.13092, 40.598856 ], [ -74.125453, 40.598137 ], [ -74.127323, 40.608661 ], [ -74.132123, 40.608275 ] ] ] } },
{ "type": "Feature", "properties": { "GEOID": "36085020701", "gi_z": -0.2, "borough": "Staten Island", "pop": 3364.0, "incidents": 109, "lisa": "Not significant" }, "geometry": { "type": "Polygon", "coordinates": [ [ [ -74.143244936726106, 40.639391296415894 ], [ -74.145631, 40.635246 ], [ -74.136409, 40.634896 ], [ -74.133651, 40.640304 ], [ -74.136514476594499, 40.641552157401087 ], [ -74.143244936726106, 40.639391296415894 ] ] ] } },
{ "type": "Feature", "properties": { "GEOID": "36085004004", "gi_z": -1.61, "borough": "Staten Island", "pop": 3834.0, "incidents": 63, "lisa": "Low-Low" }, "geometry": { "type": "Polygon", "coordinates": [ [ [ -74.087487, 40.612932 ], [ -74.090568, 40.609002 ], [ -74.081644, 40.606178 ], [ -74.080695, 40.607389 ], [ -74.082976, 40.611461 ], [ -74.087487, 40.612932 ] ] ] } },
{ "type": "Feature", "properties": { "GEOID": "36005013800", "gi_z": -1.05, "borough": "Bronx", "pop": 3062.0, "incidents": 95, "lisa": "Not significant" }, "geometry": { "type": "Polygon", "coordinates": [ [ [ -73.81914, 40.822347 ], [ -73.818889, 40.821855 ], [ -73.810022, 40.818637 ], [ -73.804474, 40.816177 ], [ -73.798313935439793, 40.816223271219599 ], [ -73.804518, 40.818546 ], [ -73.80702, 40.825248 ], [ -73.813761351565105, 40.825473952737113 ], [ -73.818322, 40.827835 ], [ -73.81914, 40.822347 ] ] ] } },
{ "type": "Feature", "properties": { "GEOID": "36005041800", "gi_z": 1.47, "borough": "Bronx", "pop": 3396.0, "incidents": 207, "lisa": "Not significant" }, "geometry": { "type": "Polygon", "coordinates": [ [ [ -73.862875, 40.895154 ], [ -73.86136, 40.894663 ], [ -73.856956, 40.894168 ], [ -73.854299, 40.89845 ], [ -73.859258, 40.900338 ], [ -73.861113, 40.897589 ], [ -73.862875, 40.895154 ] ] ] } },
{ "type": "Feature", "properties": { "GEOID": "36005031000", "gi_z": 1.08, "borough": "Bronx", "pop": 4618.0, "incidents": 225, "lisa": "Not significant" }, "geometry": { "type": "Polygon", "coordinates": [ [ [ -73.840747, 40.865162 ], [ -73.840972, 40.857949 ], [ -73.836819, 40.857277 ], [ -73.828521, 40.860746 ], [ -73.828372, 40.860947 ], [ -73.829594, 40.862173 ], [ -73.836971, 40.865643 ], [ -73.840747, 40.865162 ] ] ] } },
{ "type": "Feature", "properties": { "GEOID": "36005034300", "gi_z": -0.57, "borough": "Bronx", "pop": 1647.0, "incidents": 44, "lisa": "Not significant" }, "geometry": { "type": "Polygon", "coordinates": [ [ [ -73.899505, 40.911978 ], [ -73.900007, 40.908129 ], [ -73.896546, 40.907507 ], [ -73.899505, 40.911978 ] ] ] } },
{ "type": "Feature", "properties": { "GEOID": "36005019300", "gi_z": 2.28, "borough": "Bronx", "pop": 5949.0, "incidents": 323, "lisa": "High-High" }, "geometry": { "type": "Polygon", "coordinates": [ [ [ -73.933006, 40.835679 ], [ -73.933144, 40.834815 ], [ -73.925364, 40.832625 ], [ -73.924394, 40.834484 ], [ -73.92926, 40.836094 ], [ -73.928139, 40.838771 ], [ -73.930406, 40.840279 ], [ -73.933006, 40.835679 ] ] ] } },
{ "type": "Feature", "properties": { "GEOID": "36005034400", "gi_z": -0.43, "borough": "Bronx", "pop": 1717.0, "incidents": 83, "lisa": "Not significant" }, "geometry": { "type": "Polygon", "coordinates": [ [ [ -73.858488, 40.871284 ], [ -73.858673, 40.865495 ], [ -73.855781, 40.86544 ], [ -73.856614, 40.87125 ], [ -73.858488, 40.871284 ] ] ] } },
{ "type": "Feature", "properties": { "GEOID": "36005045101", "gi_z": -0.31, "borough": "Bronx", "pop": 1695.0, "incidents": 111, "lisa": "Not significant" }, "geometry": { "type": "Polygon", "coordinates": [ [ [ -73.867447, 40.898953 ], [ -73.866917, 40.896083 ], [ -73.863559, 40.895377 ], [ -73.862875, 40.895154 ], [ -73.861113, 40.897589 ], [ -73.867447, 40.898953 ] ] ] } },
{ "type": "Feature", "properties": { "GEOID": "36005036501", "gi_z": 2.7, "borough": "Bronx", "pop": 4287.0, "incidents": 293, "lisa": "High-High" }, "geometry": { "type": "Polygon", "coordinates": [ [ [ -73.883778, 40.848682 ], [ -73.889017, 40.84437 ], [ -73.88566, 40.84271 ], [ -73.883109, 40.848273 ], [ -73.883778, 40.848682 ] ] ] } },
{ "type": "Feature", "properties": { "GEOID": "36005021302", "gi_z": 1.88, "borough": "Bronx", "pop": 5898.0, "incidents": 210, "lisa": "High-High" }, "geometry": { "type": "Polygon", "coordinates": [ [ [ -73.922818, 40.844262 ], [ -73.921357, 40.840189 ], [ -73.917955, 40.843102 ], [ -73.917402, 40.845036 ], [ -73.922633, 40.844727 ], [ -73.922818, 40.844262 ] ] ] } },
{ "type": "Feature", "properties": { "GEOID": "36005007900", "gi_z": 3.49, "borough": "Bronx", "pop": 6829.0, "incidents": 406, "lisa": "High-High" }, "geometry": { "type": "Polygon", "coordinates": [ [ [ -73.908225, 40.816203 ], [ -73.907245, 40.812855 ], [ -73.90633, 40.812667 ], [ -73.904466, 40.812282 ], [ -73.902579, 40.81737 ], [ -73.901668, 40.819534 ], [ -73.901602, 40.819695 ], [ -73.905313, 40.817925 ], [ -73.908225, 40.816203 ] ] ] } },
{ "type": "Feature", "properties": { "GEOID": "36005008500", "gi_z": 4.74, "borough": "Bronx", "pop": 5866.0, "incidents": 396, "lisa": "High-High" }, "geometry": { "type": "Polygon", "coordinates": [ [ [ -73.901668, 40.819534 ], [ -73.902579, 40.81737 ], [ -73.898448, 40.813177 ], [ -73.895428, 40.815845 ], [ -73.897045, 40.816802 ], [ -73.901668, 40.819534 ] ] ] } },
{ "type": "Feature", "properties": { "GEOID": "36005028600", "gi_z": 0.18, "borough": "Bronx", "pop": 1248.0, "incidents": 94, "lisa": "Not significant" }, "geometry": { "type": "Polygon", "coordinates": [ [ [ -73.851368, 40.850304 ], [ -73.849073, 40.847062 ], [ -73.847885, 40.845989 ], [ -73.844929, 40.850144 ], [ -73.848214, 40.851091 ], [ -73.851368, 40.850304 ] ] ] } },
{ "type": "Feature", "properties": { "GEOID": "36005028500", "gi_z": 0.8, "borough": "Bronx", "pop": 3422.0, "incidents": 208, "lisa": "Not significant" }, "geometry": { "type": "Polygon", "coordinates": [ [ [ -73.904135, 40.887089 ], [ -73.907026, 40.885827 ], [ -73.909336, 40.881346 ], [ -73.908012, 40.8824 ], [ -73.904721, 40.885242 ], [ -73.901587, 40.883482 ], [ -73.89984, 40.886537 ], [ -73.89794, 40.89049 ], [ -73.902859, 40.889165 ], [ -73.904135, 40.887089 ] ] ] } },
{ "type": "Feature", "properties": { "GEOID": "36005040900", "gi_z": 1.98, "borough": "Bronx", "pop": 3323.0, "incidents": 567, "lisa": "Not significant" }, "geometry": { "type": "Polygon", "coordinates": [ [ [ -73.900054, 40.876184 ], [ -73.898918, 40.869658 ], [ -73.896561, 40.868565 ], [ -73.896037, 40.86923 ], [ -73.893071, 40.871396 ], [ -73.889372, 40.873382 ], [ -73.885656, 40.87889 ], [ -73.886967, 40.882814 ], [ -73.892719, 40.882664 ], [ -73.896434, 40.881857 ], [ -73.898065, 40.878501 ], [ -73.89958, 40.876608 ], [ -73.900054, 40.876184 ] ] ] } },
{ "type": "Feature", "properties": { "GEOID": "36005023501", "gi_z": 2.38, "borough": "Bronx", "pop": 2963.0, "incidents": 343, "lisa": "High-High" }, "geometry": { "type": "Polygon", "coordinates": [ [ [ -73.902988, 40.854773 ], [ -73.906993, 40.850371 ], [ -73.905999, 40.849392 ], [ -73.90186, 40.854586 ], [ -73.902988, 40.854773 ] ] ] } },
{ "type": "Feature", "properties": { "GEOID": "36081005100", "gi_z": -0.06, "borough": "Queens", "pop": 2303.0, "incidents": 131, "lisa": "Not significant" }, "geometry": { "type": "Polygon", "coordinates": [ [ [ -73.932152, 40.75771 ], [ -73.935798, 40.755796 ], [ -73.931252, 40.753375 ], [ -73.928956, 40.756213 ], [ -73.932152, 40.75771 ] ] ] } },
{ "type": "Feature", "properties": { "GEOID": "36081005500", "gi_z": -0.41, "borough": "Queens", "pop": 1350.0, "incidents": 107, "lisa": "Not significant" }, "geometry": { "type": "Polygon", "coordinates": [ [ [ -73.928956, 40.756213 ], [ -73.931252, 40.753375 ], [ -73.928742, 40.752042 ], [ -73.925627, 40.752137 ], [ -73.924157, 40.753961 ], [ -73.928956, 40.756213 ] ] ] } },
{ "type": "Feature", "properties": { "GEOID": "36081016400", "gi_z": -0.31, "borough": "Queens", "pop": 3180.0, "incidents": 67, "lisa": "Not significant" }, "geometry": { "type": "Polygon", "coordinates": [ [ [ -73.82147, 40.684891 ], [ -73.820421, 40.682755 ], [ -73.817811, 40.683495 ], [ -73.811645, 40.685656 ], [ -73.814974, 40.686695 ], [ -73.82147, 40.684891 ] ] ] } },
{ "type": "Feature", "properties": { "GEOID": "36081009800", "gi_z": -0.23, "borough": "Queens", "pop": 2216.0, "incidents": 199, "lisa": "Not significant" }, "geometry": { "type": "Polygon", "coordinates": [ [ [ -73.835951, 40.684844 ], [ -73.835056, 40.683015 ], [ -73.832112, 40.684358 ], [ -73.82946, 40.6854 ], [ -73.825937, 40.685937 ], [ -73.82753, 40.687239 ], [ -73.831723, 40.686051 ], [ -73.835951, 40.684844 ] ] ] } },
{ "type": "Feature", "properties": { "GEOID": "36081011100", "gi_z": -0.69, "borough": "Queens", "pop": 2939.0, "incidents": 39, "lisa": "Not significant" }, "geometry": { "type": "Polygon", "coordinates": [ [ [ -73.910835, 40.779635 ], [ -73.910147, 40.77915 ], [ -73.905955, 40.776188 ], [ -73.903793, 40.777957 ], [ -73.908671, 40.781401 ], [ -73.910835, 40.779635 ] ] ] } },
{ "type": "Feature", "properties": { "GEOID": "36081014500", "gi_z": -0.42, "borough": "Queens", "pop": 2429.0, "incidents": 37, "lisa": "Not significant" }, "geometry": { "type": "Polygon", "coordinates": [ [ [ -73.910505, 40.763979 ], [ -73.90651, 40.762109 ], [ -73.904512, 40.764589 ], [ -73.908492, 40.766452 ], [ -73.910505, 40.763979 ] ] ] } },
{ "type": "Feature", "properties": { "GEOID": "36081002000", "gi_z": -1.32, "borough": "Queens", "pop": 1774.0, "incidents": 49, "lisa": "Not significant" }, "geometry": { "type": "Polygon", "coordinates": [ [ [ -73.849562, 40.694422 ], [ -73.852165, 40.693661 ], [ -73.848985, 40.688038 ], [ -73.847051, 40.688586 ], [ -73.849562, 40.694422 ] ] ] } },
{ "type": "Feature", "properties": { "GEOID": "36081003900", "gi_z": -0.38, "borough": "Queens", "pop": 1480.0, "incidents": 123, "lisa": "Not significant" }, "geometry": { "type": "Polygon", "coordinates": [ [ [ -73.944167, 40.759308 ], [ -73.942456, 40.758683 ], [ -73.937635, 40.766475 ], [ -73.93859, 40.766817 ], [ -73.944167, 40.759308 ] ] ] } },
{ "type": "Feature", "properties": { "GEOID": "36081032800", "gi_z": -0.55, "borough": "Queens", "pop": 2882.0, "incidents": 89, "lisa": "Not significant" }, "geometry": { "type": "Polygon", "coordinates": [ [ [ -73.760315, 40.67511 ], [ -73.756362, 40.672429 ], [ -73.757631, 40.666451 ], [ -73.755262, 40.666395 ], [ -73.750862, 40.669651 ], [ -73.750772, 40.669796 ], [ -73.755657, 40.676157 ], [ -73.760315, 40.67511 ] ] ] } },
{ "type": "Feature", "properties": { "GEOID": "36081023200", "gi_z": 0.06, "borough": "Queens", "pop": 4896.0, "incidents": 113, "lisa": "Not significant" }, "geometry": { "type": "Polygon", "coordinates": [ [ [ -73.809834, 40.712812 ], [ -73.813927, 40.712769 ], [ -73.816416, 40.709865 ], [ -73.812012, 40.705945 ], [ -73.806949, 40.707367 ], [ -73.808046, 40.709357 ], [ -73.809834, 40.712812 ] ] ] } },
{ "type": "Feature", "properties": { "GEOID": "36081027000", "gi_z": -1.58, "borough": "Queens", "pop": 1937.0, "incidents": 54, "lisa": "Low-Low" }, "geometry": { "type": "Polygon", "coordinates": [ [ [ -73.795615, 40.688657 ], [ -73.793908, 40.686305 ], [ -73.792107, 40.687048 ], [ -73.790385, 40.687754 ], [ -73.786439, 40.688782 ], [ -73.789796, 40.69096 ], [ -73.795615, 40.688657 ] ] ] } },
{ "type": "Feature", "properties": { "GEOID": "36081028300", "gi_z": 4.08, "borough": "Queens", "pop": 7578.0, "incidents": 620, "lisa": "High-High" }, "geometry": { "type": "Polygon", "coordinates": [ [ [ -73.886298, 40.75546 ], [ -73.885787, 40.74744 ], [ -73.882999, 40.747734 ], [ -73.884439, 40.755657 ], [ -73.886298, 40.75546 ] ] ] } },
{ "type": "Feature", "properties": { "GEOID": "36081028900", "gi_z": 3.02, "borough": "Queens", "pop": 4859.0, "incidents": 319, "lisa": "High-High" }, "geometry": { "type": "Polygon", "coordinates": [ [ [ -73.893734, 40.754681 ], [ -73.892409, 40.747135 ], [ -73.891431, 40.746845 ], [ -73.890501, 40.746942 ], [ -73.890948, 40.754974 ], [ -73.892803, 40.754778 ], [ -73.893734, 40.754681 ] ] ] } },
{ "type": "Feature", "properties": { "GEOID": "36081053601", "gi_z": -1.54, "borough": "Queens", "pop": 1761.0, "incidents": 28, "lisa": "Low-Low" }, "geometry": { "type": "Polygon", "coordinates": [ [ [ -73.746818, 40.709132 ], [ -73.746591, 40.705128 ], [ -73.744134, 40.702742 ], [ -73.743307, 40.70296 ], [ -73.744858, 40.70967 ], [ -73.746818, 40.709132 ] ] ] } },
{ "type": "Feature", "properties": { "GEOID": "36081036500", "gi_z": 0.0, "borough": "Queens", "pop": 3289.0, "incidents": 116, "lisa": "Not significant" }, "geometry": { "type": "Polygon", "coordinates": [ [ [ -73.868255, 40.761806 ], [ -73.867463, 40.757442 ], [ -73.86657, 40.757536 ], [ -73.862807, 40.757759 ], [ -73.864335, 40.761143 ], [ -73.868255, 40.761806 ] ] ] } },
{ "type": "Feature", "properties": { "GEOID": "36081042700", "gi_z": 0.49, "borough": "Queens", "pop": 4260.0, "incidents": 190, "lisa": "Not significant" }, "geometry": { "type": "Polygon", "coordinates": [ [ [ -73.858874, 40.744395 ], [ -73.858681, 40.744031 ], [ -73.852358, 40.741375 ], [ -73.850116, 40.740724 ], [ -73.852918, 40.746171 ], [ -73.858874, 40.744395 ] ] ] } },
{ "type": "Feature", "properties": { "GEOID": "36081045700", "gi_z": 0.77, "borough": "Queens", "pop": 3185.0, "incidents": 86, "lisa": "Not significant" }, "geometry": { "type": "Polygon", "coordinates": [ [ [ -73.873567, 40.738117 ], [ -73.872656, 40.735743 ], [ -73.866095, 40.737251 ], [ -73.86704, 40.739572 ], [ -73.873567, 40.738117 ] ] ] } },
{ "type": "Feature", "properties": { "GEOID": "36081046600", "gi_z": -0.2, "borough": "Queens", "pop": 4066.0, "incidents": 227, "lisa": "Not significant" }, "geometry": { "type": "Polygon", "coordinates": [ [ [ -73.791402, 40.713021 ], [ -73.789012, 40.712073 ], [ -73.785353, 40.712284 ], [ -73.780589, 40.713428 ], [ -73.783141, 40.716434 ], [ -73.791402, 40.713021 ] ] ] } },
{ "type": "Feature", "properties": { "GEOID": "36081050202", "gi_z": -1.35, "borough": "Queens", "pop": 1398.0, "incidents": 28, "lisa": "Not significant" }, "geometry": { "type": "Polygon", "coordinates": [ [ [ -73.762549, 40.710916 ], [ -73.761406, 40.708163 ], [ -73.758718, 40.708811 ], [ -73.756037, 40.709456 ], [ -73.757182, 40.712213 ], [ -73.762549, 40.710916 ] ] ] } },
{ "type": "Feature", "properties": { "GEOID": "36081059400", "gi_z": -2.05, "borough": "Queens", "pop": 1667.0, "incidents": 22, "lisa": "Low-Low" }, "geometry": { "type": "Polygon", "coordinates": [ [ [ -73.73397, 40.699151 ], [ -73.734877, 40.697411 ], [ -73.729646, 40.695836 ], [ -73.727516, 40.697196 ], [ -73.727613, 40.699359 ], [ -73.733419, 40.700992 ], [ -73.73397, 40.699151 ] ] ] } },
{ "type": "Feature", "properties": { "GEOID": "36081062500", "gi_z": -1.13, "borough": "Queens", "pop": 2637.0, "incidents": 79, "lisa": "Not significant" }, "geometry": { "type": "Polygon", "coordinates": [ [ [ -73.885532, 40.706446 ], [ -73.885549, 40.706155 ], [ -73.883747, 40.701705 ], [ -73.879167, 40.702076 ], [ -73.881232, 40.706372 ], [ -73.885532, 40.706446 ] ] ] } },
{ "type": "Feature", "properties": { "GEOID": "36081063700", "gi_z": -1.77, "borough": "Queens", "pop": 3455.0, "incidents": 115, "lisa": "Low-Low" }, "geometry": { "type": "Polygon", "coordinates": [ [ [ -73.870165, 40.709208 ], [ -73.86911, 40.707089 ], [ -73.869015, 40.70677 ], [ -73.864269, 40.706686 ], [ -73.863794, 40.703334 ], [ -73.863254, 40.703392 ], [ -73.85594, 40.706395 ], [ -73.857298, 40.711465 ], [ -73.859632, 40.713598 ], [ -73.870165, 40.709208 ] ] ] } },
{ "type": "Feature", "properties": { "GEOID": "36081066900", "gi_z": -1.83, "borough": "Queens", "pop": 1692.0, "incidents": 17, "lisa": "Low-Low" }, "geometry": { "type": "Polygon", "coordinates": [ [ [ -73.890175, 40.724947 ], [ -73.88724, 40.72128 ], [ -73.882435, 40.723509 ], [ -73.882588, 40.725083 ], [ -73.887077, 40.724638 ], [ -73.890175, 40.724947 ] ] ] } },
{ "type": "Feature", "properties": { "GEOID": "36081055800", "gi_z": -1.42, "borough": "Queens", "pop": 1649.0, "incidents": 22, "lisa": "Not significant" }, "geometry": { "type": "Polygon", "coordinates": [ [ [ -73.741047, 40.725257 ], [ -73.74548, 40.722529 ], [ -73.741961, 40.720357 ], [ -73.737763, 40.722166 ], [ -73.741047, 40.725257 ] ] ] } },
{ "type": "Feature", "properties": { "GEOID": "36081056700", "gi_z": -0.78, "borough": "Queens", "pop": 4601.0, "incidents": 106, "lisa": "Not significant" }, "geometry": { "type": "Polygon", "coordinates": [ [ [ -73.896772, 40.696799 ], [ -73.893981, 40.693076 ], [ -73.888286, 40.695237 ], [ -73.888189, 40.69886 ], [ -73.892886, 40.69774 ], [ -73.89384, 40.70086 ], [ -73.896772, 40.696799 ] ] ] } },
{ "type": "Feature", "properties": { "GEOID": "36081086100", "gi_z": -1.9, "borough": "Queens", "pop": 2007.0, "incidents": 58, "lisa": "Low-Low" }, "geometry": { "type": "Polygon", "coordinates": [ [ [ -73.820636, 40.758872 ], [ -73.819233, 40.757947 ], [ -73.818408, 40.75383 ], [ -73.817721, 40.754276 ], [ -73.815339, 40.755432 ], [ -73.816215, 40.75747 ], [ -73.817288, 40.759776 ], [ -73.820636, 40.758872 ] ] ] } },
{ "type": "Feature", "properties": { "GEOID": "36081090700", "gi_z": -0.41, "borough": "Queens", "pop": 1533.0, "incidents": 128, "lisa": "Not significant" }, "geometry": { "type": "Polygon", "coordinates": [ [ [ -73.852642, 40.77208 ], [ -73.853702, 40.76948 ], [ -73.849215, 40.764209 ], [ -73.839417, 40.765428 ], [ -73.833428, 40.771434 ], [ -73.831713, 40.772474 ], [ -73.825285, 40.781697 ], [ -73.838699, 40.781677 ], [ -73.839604, 40.781693 ], [ -73.843387, 40.778609 ], [ -73.844602, 40.773057 ], [ -73.852642, 40.77208 ] ] ] } },
{ "type": "Feature", "properties": { "GEOID": "36081068200", "gi_z": -0.98, "borough": "Queens", "pop": 1091.0, "incidents": 49, "lisa": "Not significant" }, "geometry": { "type": "Polygon", "coordinates": [ [ [ -73.750862, 40.669651 ], [ -73.755262, 40.666395 ], [ -73.745366, 40.666404 ], [ -73.750862, 40.669651 ] ] ] } },
{ "type": "Feature", "properties": { "GEOID": "36081079200", "gi_z": -0.31, "borough": "Queens", "pop": 2732.0, "incidents": 161, "lisa": "Not significant" }, "geometry": { "type": "Polygon", "coordinates": [ [ [ -73.801255, 40.67126 ], [ -73.80166, 40.666756 ], [ -73.792174, 40.66704 ], [ -73.792438, 40.670328 ], [ -73.801255, 40.67126 ] ] ] } },
{ "type": "Feature", "properties": { "GEOID": "36081084000", "gi_z": -0.6, "borough": "Queens", "pop": 6942.0, "incidents": 236, "lisa": "Not significant" }, "geometry": { "type": "Polygon", "coordinates": [ [ [ -73.824673, 40.677031 ], [ -73.825818, 40.673353 ], [ -73.812068, 40.670866 ], [ -73.809782, 40.675108 ], [ -73.813869, 40.675478 ], [ -73.817076, 40.675796 ], [ -73.819225, 40.676133 ], [ -73.824673, 40.677031 ] ] ] } },
{ "type": "Feature", "properties": { "GEOID": "36081140902", "gi_z": -1.22, "borough": "Queens", "pop": 2505.0, "incidents": 50, "lisa": "Not significant" }, "geometry": { "type": "Polygon", "coordinates": [ [ [ -73.786354, 40.746537 ], [ -73.786713, 40.740911 ], [ -73.783132, 40.7419 ], [ -73.775759, 40.743367 ], [ -73.778312, 40.748745 ], [ -73.786354, 40.746537 ] ] ] } },
{ "type": "Feature", "properties": { "GEOID": "36081098700", "gi_z": -0.71, "borough": "Queens", "pop": 2591.0, "incidents": 93, "lisa": "Not significant" }, "geometry": { "type": "Polygon", "coordinates": [ [ [ -73.811299, 40.805397 ], [ -73.810145, 40.797147 ], [ -73.813561, 40.794464 ], [ -73.811523, 40.78937 ], [ -73.813374, 40.787156 ], [ -73.806277, 40.786299 ], [ -73.807331, 40.791552 ], [ -73.800037, 40.796245 ], [ -73.799745, 40.802199 ], [ -73.811299, 40.805397 ] ] ] } },
{ "type": "Feature", "properties": { "GEOID": "36081118500", "gi_z": -1.54, "borough": "Queens", "pop": 1999.0, "incidents": 32, "lisa": "Low-Low" }, "geometry": { "type": "Polygon", "coordinates": [ [ [ -73.808595, 40.761132 ], [ -73.808867, 40.759115 ], [ -73.804207, 40.758747 ], [ -73.795804, 40.758091 ], [ -73.8003, 40.759702 ], [ -73.80768, 40.76096 ], [ -73.808595, 40.761132 ] ] ] } },
{ "type": "Feature", "properties": { "GEOID": "36081121500", "gi_z": -0.48, "borough": "Queens", "pop": 4420.0, "incidents": 138, "lisa": "Not significant" }, "geometry": { "type": "Polygon", "coordinates": [ [ [ -73.814309, 40.742974 ], [ -73.815057, 40.738987 ], [ -73.809414, 40.738603 ], [ -73.804667, 40.738445 ], [ -73.796302, 40.738333 ], [ -73.796951, 40.741933 ], [ -73.808238, 40.742011 ], [ -73.814309, 40.742974 ] ] ] } },
{ "type": "Feature", "properties": { "GEOID": "36081152901", "gi_z": -1.63, "borough": "Queens", "pop": 5613.0, "incidents": 98, "lisa": "Low-Low" }, "geometry": { "type": "Polygon", "coordinates": [ [ [ -73.739263, 40.756917 ], [ -73.741647, 40.753085 ], [ -73.73543, 40.747161 ], [ -73.733763, 40.742869 ], [ -73.728649, 40.748068 ], [ -73.727962, 40.750026 ], [ -73.725764, 40.752189 ], [ -73.731862, 40.760542 ], [ -73.739263, 40.756917 ] ] ] } },
{ "type": "Feature", "properties": { "GEOID": "36047040800", "gi_z": -1.41, "borough": "Brooklyn", "pop": 3676.0, "incidents": 49, "lisa": "Not significant" }, "geometry": { "type": "Polygon", "coordinates": [ [ [ -73.981679, 40.60316 ], [ -73.979858, 40.598548 ], [ -73.976935, 40.59887 ], [ -73.977828, 40.603586 ], [ -73.981679, 40.60316 ] ] ] } },
{ "type": "Feature", "properties": { "GEOID": "36047044700", "gi_z": 1.47, "borough": "Brooklyn", "pop": 2337.0, "incidents": 317, "lisa": "Not significant" }, "geometry": { "type": "Polygon", "coordinates": [ [ [ -73.926089, 40.70568 ], [ -73.923834, 40.704398 ], [ -73.923083, 40.703975 ], [ -73.919222, 40.707815 ], [ -73.921892, 40.709396 ], [ -73.926089, 40.70568 ] ] ] } },
{ "type": "Feature", "properties": { "GEOID": "36047046800", "gi_z": -1.98, "borough": "Brooklyn", "pop": 1826.0, "incidents": 61, "lisa": "Low-Low" }, "geometry": { "type": "Polygon", "coordinates": [ [ [ -73.981566, 40.624095 ], [ -73.986101, 40.623183 ], [ -73.982282, 40.619962 ], [ -73.977379, 40.617883 ], [ -73.975378, 40.620793 ], [ -73.977033, 40.62153 ], [ -73.981566, 40.624095 ] ] ] } },
{ "type": "Feature", "properties": { "GEOID": "36047043300", "gi_z": 2.34, "borough": "Brooklyn", "pop": 4029.0, "incidents": 466, "lisa": "Not significant" }, "geometry": { "type": "Polygon", "coordinates": [ [ [ -73.916316, 40.700122 ], [ -73.919321, 40.697061 ], [ -73.917818, 40.696208 ], [ -73.915562, 40.694922 ], [ -73.912556, 40.697982 ], [ -73.914061, 40.698838 ], [ -73.916316, 40.700122 ] ] ] } },
{ "type": "Feature", "properties": { "GEOID": "36047044400", "gi_z": -1.92, "borough": "Brooklyn", "pop": 2677.0, "incidents": 58, "lisa": "Low-Low" }, "geometry": { "type": "Polygon", "coordinates": [ [ [ -73.973358, 40.616541 ], [ -73.972903, 40.614153 ], [ -73.967286, 40.614773 ], [ -73.965287, 40.614992 ], [ -73.965739, 40.61738 ], [ -73.969112, 40.61701 ], [ -73.973358, 40.616541 ] ] ] } },
{ "type": "Feature", "properties": { "GEOID": "36047055500", "gi_z": 0.56, "borough": "Brooklyn", "pop": 8974.0, "incidents": 312, "lisa": "Not significant" }, "geometry": { "type": "Polygon", "coordinates": [ [ [ -73.967578, 40.716496 ], [ -73.962777, 40.715106 ], [ -73.959009, 40.718636 ], [ -73.96355, 40.721571 ], [ -73.966511, 40.717917 ], [ -73.967578, 40.716496 ] ] ] } },
{ "type": "Feature", "properties": { "GEOID": "36047057100", "gi_z": -0.53, "borough": "Brooklyn", "pop": 3923.0, "incidents": 117, "lisa": "Not significant" }, "geometry": { "type": "Polygon", "coordinates": [ [ [ -73.945879, 40.727354 ], [ -73.950875, 40.725721 ], [ -73.949078, 40.72254 ], [ -73.945015, 40.723004 ], [ -73.94543, 40.725518 ], [ -73.945879, 40.727354 ] ] ] } },
{ "type": "Feature", "properties": { "GEOID": "36047059000", "gi_z": -1.04, "borough": "Brooklyn", "pop": 1903.0, "incidents": 67, "lisa": "Not significant" }, "geometry": { "type": "Polygon", "coordinates": [ [ [ -73.957003, 40.592002 ], [ -73.956193, 40.587762 ], [ -73.952454, 40.588173 ], [ -73.95326, 40.592413 ], [ -73.956077, 40.592101 ], [ -73.957003, 40.592002 ] ] ] } },
{ "type": "Feature", "properties": { "GEOID": "36047052700", "gi_z": 0.96, "borough": "Brooklyn", "pop": 5553.0, "incidents": 340, "lisa": "Not significant" }, "geometry": { "type": "Polygon", "coordinates": [ [ [ -73.956624, 40.710384 ], [ -73.957904, 40.708427 ], [ -73.950237, 40.705473 ], [ -73.95083, 40.709143 ], [ -73.956624, 40.710384 ] ] ] } },
{ "type": "Feature", "properties": { "GEOID": "36047053500", "gi_z": -1.11, "borough": "Brooklyn", "pop": 4611.0, "incidents": 75, "lisa": "Not significant" }, "geometry": { "type": "Polygon", "coordinates": [ [ [ -73.962743, 40.707685 ], [ -73.964849, 40.707454 ], [ -73.961854, 40.704786 ], [ -73.960341, 40.703437 ], [ -73.958456, 40.707252 ], [ -73.962743, 40.707685 ] ] ] } },
{ "type": "Feature", "properties": { "GEOID": "36047066200", "gi_z": -1.65, "borough": "Brooklyn", "pop": 1159.0, "incidents": 43, "lisa": "Low-Low" }, "geometry": { "type": "Polygon", "coordinates": [ [ [ -73.92846, 40.611613 ], [ -73.926249, 40.607414 ], [ -73.919693, 40.607311 ], [ -73.922498, 40.609809 ], [ -73.92617, 40.61306 ], [ -73.92846, 40.611613 ] ] ] } },
{ "type": "Feature", "properties": { "GEOID": "36047077000", "gi_z": -1.29, "borough": "Brooklyn", "pop": 2780.0, "incidents": 81, "lisa": "Not significant" }, "geometry": { "type": "Polygon", "coordinates": [ [ [ -73.9584, 40.636327 ], [ -73.958198, 40.635289 ], [ -73.956241, 40.635509 ], [ -73.951059, 40.633635 ], [ -73.949449, 40.634508 ], [ -73.951101, 40.636073 ], [ -73.9536, 40.638422 ], [ -73.953743, 40.638566 ], [ -73.9584, 40.636327 ] ] ] } },
{ "type": "Feature", "properties": { "GEOID": "36047083000", "gi_z": -0.76, "borough": "Brooklyn", "pop": 5673.0, "incidents": 277, "lisa": "Not significant" }, "geometry": { "type": "Polygon", "coordinates": [ [ [ -73.94779, 40.643305 ], [ -73.948265, 40.638607 ], [ -73.945373, 40.638787 ], [ -73.942503, 40.638965 ], [ -73.943965, 40.643543 ], [ -73.945869, 40.643424 ], [ -73.94779, 40.643305 ] ] ] } },
{ "type": "Feature", "properties": { "GEOID": "36047086400", "gi_z": -0.65, "borough": "Brooklyn", "pop": 2219.0, "incidents": 121, "lisa": "Not significant" }, "geometry": { "type": "Polygon", "coordinates": [ [ [ -73.924654, 40.657007 ], [ -73.92561, 40.652446 ], [ -73.922849, 40.652463 ], [ -73.920773, 40.652554 ], [ -73.921776, 40.654424 ], [ -73.923599, 40.656053 ], [ -73.924654, 40.657007 ] ] ] } },
{ "type": "Feature", "properties": { "GEOID": "36047069800", "gi_z": -1.76, "borough": "Brooklyn", "pop": 1397.0, "incidents": 94, "lisa": "Low-Low" }, "geometry": { "type": "Polygon", "coordinates": [ [ [ -73.919009, 40.61212 ], [ -73.922498, 40.609809 ], [ -73.919693, 40.607311 ], [ -73.919296, 40.606947 ], [ -73.917254, 40.606731 ], [ -73.914056, 40.608984 ], [ -73.911682, 40.616851 ], [ -73.917265, 40.619548 ], [ -73.91714, 40.61839 ], [ -73.913877, 40.615432 ], [ -73.919009, 40.61212 ] ] ] } },
{ "type": "Feature", "properties": { "GEOID": "36047099200", "gi_z": -1.8, "borough": "Brooklyn", "pop": 1642.0, "incidents": 37, "lisa": "Low-Low" }, "geometry": { "type": "Polygon", "coordinates": [ [ [ -73.901933, 40.640001 ], [ -73.90413, 40.638578 ], [ -73.901264, 40.634818 ], [ -73.8983, 40.636736 ], [ -73.901933, 40.640001 ] ] ] } },
{ "type": "Feature", "properties": { "GEOID": "36047112000", "gi_z": 2.25, "borough": "Brooklyn", "pop": 3249.0, "incidents": 243, "lisa": "High-High" }, "geometry": { "type": "Polygon", "coordinates": [ [ [ -73.883597, 40.667905 ], [ -73.883309, 40.666112 ], [ -73.881856, 40.66415 ], [ -73.876953, 40.666259 ], [ -73.878489, 40.668655 ], [ -73.882782, 40.668026 ], [ -73.883597, 40.667905 ] ] ] } },
{ "type": "Feature", "properties": { "GEOID": "36047089400", "gi_z": 0.79, "borough": "Brooklyn", "pop": 3513.0, "incidents": 182, "lisa": "Not significant" }, "geometry": { "type": "Polygon", "coordinates": [ [ [ -73.919097, 40.66423 ], [ -73.918299, 40.661162 ], [ -73.915567, 40.658393 ], [ -73.914131, 40.660181 ], [ -73.916267, 40.664654 ], [ -73.919097, 40.66423 ] ] ] } },
{ "type": "Feature", "properties": { "GEOID": "36047090200", "gi_z": 0.88, "borough": "Brooklyn", "pop": 4017.0, "incidents": 119, "lisa": "Not significant" }, "geometry": { "type": "Polygon", "coordinates": [ [ [ -73.917482, 40.669393 ], [ -73.916267, 40.664654 ], [ -73.912516, 40.665209 ], [ -73.914039, 40.670897 ], [ -73.914873, 40.670533 ], [ -73.917482, 40.669393 ] ] ] } },
{ "type": "Feature", "properties": { "GEOID": "36047016000", "gi_z": -1.76, "borough": "Brooklyn", "pop": 4426.0, "incidents": 222, "lisa": "High-Low" }, "geometry": { "type": "Polygon", "coordinates": [ [ [ -74.029564, 40.619833 ], [ -74.030485, 40.616518 ], [ -74.026302, 40.616335 ], [ -74.025729, 40.616049 ], [ -74.022933, 40.619502 ], [ -74.026214, 40.621491 ], [ -74.02835, 40.622799 ], [ -74.029564, 40.619833 ] ] ] } },
{ "type": "Feature", "properties": { "GEOID": "36047022100", "gi_z": 1.1, "borough": "Brooklyn", "pop": 3724.0, "incidents": 139, "lisa": "Not significant" }, "geometry": { "type": "Polygon", "coordinates": [ [ [ -73.955309, 40.679273 ], [ -73.956703, 40.674171 ], [ -73.952937, 40.673571 ], [ -73.952768, 40.675355 ], [ -73.953005, 40.678815 ], [ -73.955309, 40.679273 ] ] ] } },
{ "type": "Feature", "properties": { "GEOID": "36047017400", "gi_z": -1.69, "borough": "Brooklyn", "pop": 1925.0, "incidents": 46, "lisa": "Low-Low" }, "geometry": { "type": "Polygon", "coordinates": [ [ [ -74.014754744458102, 40.602160438731303 ], [ -74.011150153804493, 40.600869290866306 ], [ -74.008369, 40.605217 ], [ -74.010823, 40.606701 ], [ -74.01237, 40.605214 ], [ -74.014754744458102, 40.602160438731303 ] ] ] } },
{ "type": "Feature", "properties": { "GEOID": "36047018600", "gi_z": -1.85, "borough": "Brooklyn", "pop": 1907.0, "incidents": 24, "lisa": "Low-Low" }, "geometry": { "type": "Polygon", "coordinates": [ [ [ -74.007599, 40.616695 ], [ -74.008177, 40.616133 ], [ -74.003778, 40.613475 ], [ -74.002031, 40.615153 ], [ -74.006434, 40.617814 ], [ -74.007599, 40.616695 ] ] ] } },
{ "type": "Feature", "properties": { "GEOID": "36047011800", "gi_z": -0.81, "borough": "Brooklyn", "pop": 1867.0, "incidents": 208, "lisa": "Not significant" }, "geometry": { "type": "Polygon", "coordinates": [ [ [ -74.013961, 40.638153 ], [ -74.016306, 40.635896 ], [ -74.007023, 40.63211 ], [ -74.005564, 40.633084 ], [ -74.007356, 40.634164 ], [ -74.009557, 40.635493 ], [ -74.01176, 40.636823 ], [ -74.013961, 40.638153 ] ] ] } },
{ "type": "Feature", "properties": { "GEOID": "36047014500", "gi_z": -0.52, "borough": "Brooklyn", "pop": 4681.0, "incidents": 100, "lisa": "Not significant" }, "geometry": { "type": "Polygon", "coordinates": [ [ [ -73.996958, 40.664393 ], [ -73.999301, 40.662157 ], [ -73.995169, 40.659669 ], [ -73.992383, 40.658899 ], [ -73.990635, 40.660579 ], [ -73.996958, 40.664393 ] ] ] } },
{ "type": "Feature", "properties": { "GEOID": "36047024300", "gi_z": 0.14, "borough": "Brooklyn", "pop": 4419.0, "incidents": 139, "lisa": "Not significant" }, "geometry": { "type": "Polygon", "coordinates": [ [ [ -73.955122, 40.689444 ], [ -73.954684, 40.687245 ], [ -73.954246, 40.685047 ], [ -73.95059, 40.685467 ], [ -73.951464, 40.689864 ], [ -73.955122, 40.689444 ] ] ] } },
{ "type": "Feature", "properties": { "GEOID": "36047024900", "gi_z": 0.35, "borough": "Brooklyn", "pop": 4147.0, "incidents": 333, "lisa": "Not significant" }, "geometry": { "type": "Polygon", "coordinates": [ [ [ -73.95059, 40.685467 ], [ -73.949557, 40.68039 ], [ -73.946274, 40.680213 ], [ -73.94658, 40.682181 ], [ -73.947165, 40.685113 ], [ -73.94731, 40.685846 ], [ -73.95059, 40.685467 ] ] ] } },
{ "type": "Feature", "properties": { "GEOID": "36047117202", "gi_z": -0.15, "borough": "Brooklyn", "pop": 4720.0, "incidents": 94, "lisa": "Not significant" }, "geometry": { "type": "Polygon", "coordinates": [ [ [ -73.886505, 40.683349 ], [ -73.884893, 40.680811 ], [ -73.881168, 40.681354 ], [ -73.882203, 40.68536 ], [ -73.886505, 40.683349 ] ] ] } },
{ "type": "Feature", "properties": { "GEOID": "36047122000", "gi_z": 0.72, "borough": "Brooklyn", "pop": 6991.0, "incidents": 405, "lisa": "Not significant" }, "geometry": { "type": "Polygon", "coordinates": [ [ [ -73.870112, 40.668014 ], [ -73.871875, 40.666764 ], [ -73.869485, 40.663546 ], [ -73.867181, 40.660452 ], [ -73.863815, 40.656029 ], [ -73.860676, 40.654868 ], [ -73.863171, 40.658277 ], [ -73.857615, 40.660119 ], [ -73.855685, 40.663867 ], [ -73.857282, 40.670312 ], [ -73.862845, 40.669522 ], [ -73.862042, 40.666253 ], [ -73.867518, 40.665473 ], [ -73.86833, 40.668728 ], [ -73.870112, 40.668014 ] ] ] } },
{ "type": "Feature", "properties": { "GEOID": "36047030400", "gi_z": -0.67, "borough": "Brooklyn", "pop": 4525.0, "incidents": 140, "lisa": "Not significant" }, "geometry": { "type": "Polygon", "coordinates": [ [ [ -73.999315786363198, 40.593102441783614 ], [ -73.996288677915004, 40.589226864266401 ], [ -73.989621, 40.590982 ], [ -73.987988, 40.592553 ], [ -73.995225, 40.597093 ], [ -73.999315786363198, 40.593102441783614 ] ] ] } },
{ "type": "Feature", "properties": { "GEOID": "36047027500", "gi_z": -0.34, "borough": "Brooklyn", "pop": 5272.0, "incidents": 138, "lisa": "Not significant" }, "geometry": { "type": "Polygon", "coordinates": [ [ [ -73.941348, 40.685031 ], [ -73.940914, 40.682833 ], [ -73.940769, 40.6821 ], [ -73.935008, 40.682764 ], [ -73.93559, 40.685695 ], [ -73.941348, 40.685031 ] ] ] } },
{ "type": "Feature", "properties": { "GEOID": "36047027900", "gi_z": -0.07, "borough": "Brooklyn", "pop": 4266.0, "incidents": 115, "lisa": "Not significant" }, "geometry": { "type": "Polygon", "coordinates": [ [ [ -73.942516, 40.690892 ], [ -73.942076, 40.688697 ], [ -73.941932, 40.687963 ], [ -73.936172, 40.688627 ], [ -73.936758, 40.691556 ], [ -73.942516, 40.690892 ] ] ] } },
{ "type": "Feature", "properties": { "GEOID": "36047036001", "gi_z": -0.06, "borough": "Brooklyn", "pop": 2844.0, "incidents": 100, "lisa": "Not significant" }, "geometry": { "type": "Polygon", "coordinates": [ [ [ -73.968535, 40.576291 ], [ -73.968868, 40.575236 ], [ -73.962881, 40.574983 ], [ -73.963279, 40.577212 ], [ -73.968535, 40.576291 ] ] ] } },
{ "type": "Feature", "properties": { "GEOID": "36047039300", "gi_z": 0.93, "borough": "Brooklyn", "pop": 3798.0, "incidents": 265, "lisa": "Not significant" }, "geometry": { "type": "Polygon", "coordinates": [ [ [ -73.935222, 40.696986 ], [ -73.931458, 40.694855 ], [ -73.927811, 40.692774 ], [ -73.926499, 40.695712 ], [ -73.92725, 40.696142 ], [ -73.929316, 40.69764 ], [ -73.932267, 40.697315 ], [ -73.935222, 40.696986 ] ] ] } },
{ "type": "Feature", "properties": { "GEOID": "36047033500", "gi_z": -1.06, "borough": "Brooklyn", "pop": 3743.0, "incidents": 101, "lisa": "Not significant" }, "geometry": { "type": "Polygon", "coordinates": [ [ [ -73.947818, 40.668784 ], [ -73.947984, 40.667031 ], [ -73.936907, 40.666426 ], [ -73.936749, 40.668128 ], [ -73.947818, 40.668784 ] ] ] } },
{ "type": "Feature", "properties": { "GEOID": "36047035400", "gi_z": 0.78, "borough": "Brooklyn", "pop": 6075.0, "incidents": 641, "lisa": "Not significant" }, "geometry": { "type": "Polygon", "coordinates": [ [ [ -73.976271, 40.579821 ], [ -73.976619, 40.575301 ], [ -73.973028, 40.57605 ], [ -73.971834, 40.579805 ], [ -73.967335, 40.581515 ], [ -73.966614, 40.584575 ], [ -73.969063, 40.584 ], [ -73.974638, 40.583114 ], [ -73.976271, 40.579821 ] ] ] } },
{ "type": "Feature", "properties": { "GEOID": "36047050401", "gi_z": -1.31, "borough": "Brooklyn", "pop": 2518.0, "incidents": 62, "lisa": "Not significant" }, "geometry": { "type": "Polygon", "coordinates": [ [ [ -73.976347, 40.65122 ], [ -73.974959, 40.647796 ], [ -73.971397, 40.648258 ], [ -73.972683, 40.652639 ], [ -73.976347, 40.65122 ] ] ] } },
{ "type": "Feature", "properties": { "GEOID": "36047120803", "gi_z": 0.16, "borough": "Brooklyn", "pop": 1350.0, "incidents": 104, "lisa": "Not significant" }, "geometry": { "type": "Polygon", "coordinates": [ [ [ -73.863919, 40.673942 ], [ -73.862845, 40.669522 ], [ -73.857282, 40.670312 ], [ -73.861064, 40.674343 ], [ -73.861764, 40.674233 ], [ -73.863919, 40.673942 ] ] ] } },
{ "type": "Feature", "properties": { "GEOID": "36047059404", "gi_z": -1.19, "borough": "Brooklyn", "pop": 3934.0, "incidents": 61, "lisa": "Not significant" }, "geometry": { "type": "Polygon", "coordinates": [ [ [ -73.950152, 40.592754 ], [ -73.949345, 40.588514 ], [ -73.943609, 40.589147 ], [ -73.944012, 40.591265 ], [ -73.945374, 40.59328 ], [ -73.950152, 40.592754 ] ] ] } },
{ "type": "Feature", "properties": { "GEOID": "36047005302", "gi_z": -0.97, "borough": "Brooklyn", "pop": 123.0, "incidents": 102, "lisa": "Not significant" }, "geometry": { "type": "Polygon", "coordinates": [ [ [ -74.018774792880393, 40.670806931984323 ], [ -74.017819, 40.66572 ], [ -74.011663, 40.66515 ], [ -74.009855, 40.668625 ], [ -74.002189985184799, 40.667339739300822 ], [ -73.998619, 40.67183 ], [ -73.999924, 40.674004 ], [ -74.001213, 40.67587 ], [ -74.001354, 40.675791 ], [ -74.002608, 40.673182 ], [ -74.009611, 40.675121 ], [ -74.011886, 40.670438 ], [ -74.018774792880393, 40.670806931984323 ] ] ] } },
{ "type": "Feature", "properties": { "GEOID": "36047044901", "gi_z": -0.54, "borough": "Brooklyn", "pop": 2715.0, "incidents": 169, "lisa": "Not significant" }, "geometry": { "type": "Polygon", "coordinates": [ [ [ -73.941094, 40.722309 ], [ -73.938696, 40.715323 ], [ -73.935613, 40.715191 ], [ -73.934704, 40.717209 ], [ -73.936764, 40.724839 ], [ -73.940221, 40.722892 ], [ -73.941094, 40.722309 ] ] ] } },
{ "type": "Feature", "properties": { "GEOID": "36047078801", "gi_z": -0.56, "borough": "Brooklyn", "pop": 1695.0, "incidents": 131, "lisa": "Not significant" }, "geometry": { "type": "Polygon", "coordinates": [ [ [ -73.951158, 40.638428 ], [ -73.9536, 40.638422 ], [ -73.951101, 40.636073 ], [ -73.948015, 40.636267 ], [ -73.948265, 40.638607 ], [ -73.951158, 40.638428 ] ] ] } },
{ "type": "Feature", "properties": { "GEOID": "36047014102", "gi_z": -1.44, "borough": "Brooklyn", "pop": 2032.0, "incidents": 63, "lisa": "Low-Low" }, "geometry": { "type": "Polygon", "coordinates": [ [ [ -73.991734, 40.666736 ], [ -73.99277, 40.665507 ], [ -73.988335, 40.662805 ], [ -73.986951, 40.664425 ], [ -73.991734, 40.666736 ] ] ] } },
{ "type": "Feature", "properties": { "GEOID": "36047010801", "gi_z": -0.95, "borough": "Brooklyn", "pop": 1878.0, "incidents": 61, "lisa": "Not significant" }, "geometry": { "type": "Polygon", "coordinates": [ [ [ -74.004747, 40.643567 ], [ -74.007079, 40.641325 ], [ -74.004877, 40.639995 ], [ -74.002545, 40.642236 ], [ -74.004747, 40.643567 ] ] ] } },
{ "type": "Feature", "properties": { "GEOID": "36047053101", "gi_z": -1.11, "borough": "Brooklyn", "pop": 3020.0, "incidents": 30, "lisa": "Not significant" }, "geometry": { "type": "Polygon", "coordinates": [ [ [ -73.957457, 40.700822 ], [ -73.957167, 40.699708 ], [ -73.952551, 40.702051 ], [ -73.953812, 40.703181 ], [ -73.957457, 40.700822 ] ] ] } },
{ "type": "Feature", "properties": { "GEOID": "36047001502", "gi_z": 4.13, "borough": "Brooklyn", "pop": 5238.0, "incidents": 490, "lisa": "High-High" }, "geometry": { "type": "Polygon", "coordinates": [ [ [ -73.985143, 40.694885 ], [ -73.985363, 40.690667 ], [ -73.983506, 40.689921 ], [ -73.98136, 40.689928 ], [ -73.982512, 40.693614 ], [ -73.985143, 40.694885 ] ] ] } },
{ "type": "Feature", "properties": { "GEOID": "36081101004", "gi_z": -0.36, "borough": "Queens", "pop": 6314.0, "incidents": 125, "lisa": "Not significant" }, "geometry": { "type": "Polygon", "coordinates": [ [ [ -73.752478, 40.599245 ], [ -73.753203, 40.595152 ], [ -73.752798133430204, 40.591830914864893 ], [ -73.750311, 40.59064 ], [ -73.74338, 40.592847 ], [ -73.745405, 40.601955 ], [ -73.752478, 40.599245 ] ] ] } },
{ "type": "Feature", "properties": { "GEOID": "36081100804", "gi_z": -0.57, "borough": "Queens", "pop": 5308.0, "incidents": 78, "lisa": "Not significant" }, "geometry": { "type": "Polygon", "coordinates": [ [ [ -73.772374, 40.607295 ], [ -73.771156, 40.598298 ], [ -73.763868, 40.599727 ], [ -73.760401, 40.602433 ], [ -73.760953, 40.606452 ], [ -73.772374, 40.607295 ] ] ] } },
{ "type": "Feature", "properties": { "GEOID": "36081033405", "gi_z": -0.71, "borough": "Queens", "pop": 3643.0, "incidents": 56, "lisa": "Not significant" }, "geometry": { "type": "Polygon", "coordinates": [ [ [ -73.771178, 40.672531 ], [ -73.76466, 40.671318 ], [ -73.763805, 40.67377 ], [ -73.769241, 40.677089 ], [ -73.771178, 40.672531 ] ] ] } },
{ "type": "Feature", "properties": { "GEOID": "36081025401", "gi_z": -0.32, "borough": "Queens", "pop": 3750.0, "incidents": 168, "lisa": "Not significant" }, "geometry": { "type": "Polygon", "coordinates": [ [ [ -73.801196, 40.695337 ], [ -73.798823, 40.69248 ], [ -73.798031, 40.691621 ], [ -73.793635, 40.693471 ], [ -73.797537, 40.698199 ], [ -73.801196, 40.695337 ] ] ] } },
{ "type": "Feature", "properties": { "GEOID": "36081066402", "gi_z": -1.29, "borough": "Queens", "pop": 3525.0, "incidents": 68, "lisa": "Not significant" }, "geometry": { "type": "Polygon", "coordinates": [ [ [ -73.742976, 40.660285 ], [ -73.74506, 40.657407 ], [ -73.741532, 40.657359 ], [ -73.739376, 40.653796 ], [ -73.729705, 40.65359 ], [ -73.729604, 40.65569 ], [ -73.736679, 40.65587 ], [ -73.738142, 40.658154 ], [ -73.742976, 40.660285 ] ] ] } },
{ "type": "Feature", "properties": { "GEOID": "36081033403", "gi_z": -0.15, "borough": "Queens", "pop": 4328.0, "incidents": 253, "lisa": "Not significant" }, "geometry": { "type": "Polygon", "coordinates": [ [ [ -73.7747, 40.680487 ], [ -73.779478, 40.678365 ], [ -73.775672, 40.673387 ], [ -73.771988, 40.678798 ], [ -73.7747, 40.680487 ] ] ] } },
{ "type": "Feature", "properties": { "GEOID": "36081033404", "gi_z": 0.01, "borough": "Queens", "pop": 6091.0, "incidents": 67, "lisa": "Not significant" }, "geometry": { "type": "Polygon", "coordinates": [ [ [ -73.775672, 40.673387 ], [ -73.774496, 40.671828 ], [ -73.771178, 40.672531 ], [ -73.769241, 40.677089 ], [ -73.771988, 40.678798 ], [ -73.775672, 40.673387 ] ] ] } },
{ "type": "Feature", "properties": { "GEOID": "36081040701", "gi_z": 0.75, "borough": "Queens", "pop": 3181.0, "incidents": 140, "lisa": "Not significant" }, "geometry": { "type": "Polygon", "coordinates": [ [ [ -73.866557, 40.749464 ], [ -73.864072, 40.746074 ], [ -73.862531, 40.746534 ], [ -73.864185, 40.74972 ], [ -73.866557, 40.749464 ] ] ] } },
{ "type": "Feature", "properties": { "GEOID": "36081049201", "gi_z": -1.63, "borough": "Queens", "pop": 2545.0, "incidents": 87, "lisa": "Low-Low" }, "geometry": { "type": "Polygon", "coordinates": [ [ [ -73.766244, 40.726403 ], [ -73.764796, 40.724684 ], [ -73.759441, 40.721063 ], [ -73.755771, 40.72364 ], [ -73.754969, 40.72416 ], [ -73.75688, 40.726279 ], [ -73.766244, 40.726403 ] ] ] } },
{ "type": "Feature", "properties": { "GEOID": "36005043501", "gi_z": 1.39, "borough": "Bronx", "pop": 1011.0, "incidents": 241, "lisa": "Not significant" }, "geometry": { "type": "Polygon", "coordinates": [ [ [ -73.87092, 40.880258 ], [ -73.870944, 40.878511 ], [ -73.869435, 40.878129 ], [ -73.867053, 40.882255 ], [ -73.865982, 40.884391 ], [ -73.8646, 40.8883 ], [ -73.862652, 40.891822 ], [ -73.86136, 40.894663 ], [ -73.862875, 40.895154 ], [ -73.863559, 40.895377 ], [ -73.87092, 40.880258 ] ] ] } },
{ "type": "Feature", "properties": { "GEOID": "36005033801", "gi_z": 0.3, "borough": "Bronx", "pop": 2011.0, "incidents": 109, "lisa": "Not significant" }, "geometry": { "type": "Polygon", "coordinates": [ [ [ -73.867222, 40.869695 ], [ -73.86736, 40.865429 ], [ -73.864461, 40.865489 ], [ -73.864326, 40.869656 ], [ -73.867222, 40.869695 ] ] ] } },
{ "type": "Feature", "properties": { "GEOID": "36061030900", "gi_z": 1.74, "borough": "Manhattan", "pop": 10253.0, "incidents": 298, "lisa": "Not significant" }, "geometry": { "type": "Polygon", "coordinates": [ [ [ -73.91031, 40.879047 ], [ -73.9152, 40.875581 ], [ -73.910485, 40.874015 ], [ -73.908605, 40.871678 ], [ -73.907, 40.873455 ], [ -73.907198, 40.876389 ], [ -73.91031, 40.879047 ] ] ] } },
{ "type": "Feature", "properties": { "GEOID": "36061004400", "gi_z": 1.37, "borough": "Manhattan", "pop": 16963.0, "incidents": 312, "lisa": "Not significant" }, "geometry": { "type": "Polygon", "coordinates": [ [ [ -73.980275, 40.73441 ], [ -73.982564, 40.731361 ], [ -73.978001, 40.729429 ], [ -73.973298, 40.727428 ], [ -73.962645, 40.722747 ], [ -73.961611, 40.724951 ], [ -73.961436, 40.727298 ], [ -73.979864, 40.734975 ], [ -73.980275, 40.73441 ] ] ] } },
{ "type": "Feature", "properties": { "GEOID": "36061013203", "gi_z": -1.35, "borough": "Manhattan", "pop": 4276.0, "incidents": 33, "lisa": "Not significant" }, "geometry": { "type": "Polygon", "coordinates": [ [ [ -73.952686, 40.77234 ], [ -73.954112, 40.770389 ], [ -73.951858, 40.769441 ], [ -73.950435, 40.771391 ], [ -73.952686, 40.77234 ] ] ] } },
{ "type": "Feature", "properties": { "GEOID": "36081066301", "gi_z": -1.9, "borough": "Queens", "pop": 2712.0, "incidents": 61, "lisa": "Low-Low" }, "geometry": { "type": "Polygon", "coordinates": [ [ [ -73.88092, 40.721603 ], [ -73.881307, 40.721416 ], [ -73.879167, 40.719431 ], [ -73.877941, 40.717898 ], [ -73.869869, 40.721638 ], [ -73.872802, 40.725304 ], [ -73.88092, 40.721603 ] ] ] } },
{ "type": "Feature", "properties": { "GEOID": "36081088903", "gi_z": -0.32, "borough": "Queens", "pop": 4707.0, "incidents": 93, "lisa": "Not significant" }, "geometry": { "type": "Polygon", "coordinates": [ [ [ -73.831713, 40.772474 ], [ -73.826566, 40.770642 ], [ -73.825831, 40.775915 ], [ -73.823313, 40.779579 ], [ -73.824998, 40.7817 ], [ -73.825285, 40.781697 ], [ -73.831713, 40.772474 ] ] ] } },
{ "type": "Feature", "properties": { "GEOID": "36081028801", "gi_z": -1.16, "borough": "Queens", "pop": 2813.0, "incidents": 90, "lisa": "Not significant" }, "geometry": { "type": "Polygon", "coordinates": [ [ [ -73.792093, 40.680476 ], [ -73.791128, 40.677773 ], [ -73.78989, 40.675202 ], [ -73.786981, 40.675122 ], [ -73.788408, 40.681992 ], [ -73.792093, 40.680476 ] ] ] } },
{ "type": "Feature", "properties": { "GEOID": "36081027102", "gi_z": 1.4, "borough": "Queens", "pop": 2643.0, "incidents": 93, "lisa": "Not significant" }, "geometry": { "type": "Polygon", "coordinates": [ [ [ -73.878406, 40.748216 ], [ -73.879818, 40.746442 ], [ -73.877904, 40.74559 ], [ -73.876252, 40.748439 ], [ -73.87648, 40.748416 ], [ -73.878406, 40.748216 ] ] ] } },
{ "type": "Feature", "properties": { "GEOID": "36081046901", "gi_z": -0.15, "borough": "Queens", "pop": 4691.0, "incidents": 160, "lisa": "Not significant" }, "geometry": { "type": "Polygon", "coordinates": [ [ [ -73.877904, 40.74559 ], [ -73.881004, 40.741841 ], [ -73.880278, 40.741297 ], [ -73.878479, 40.742151 ], [ -73.876282, 40.744869 ], [ -73.877904, 40.74559 ] ] ] } },
{ "type": "Feature", "properties": { "GEOID": "36081000702", "gi_z": 0.74, "borough": "Queens", "pop": 4643.0, "incidents": 174, "lisa": "Not significant" }, "geometry": { "type": "Polygon", "coordinates": [ [ [ -73.95505, 40.747334 ], [ -73.955741, 40.745251 ], [ -73.948761, 40.743903 ], [ -73.945056, 40.747664 ], [ -73.952213, 40.749056 ], [ -73.95505, 40.747334 ] ] ] } },
{ "type": "Feature", "properties": { "GEOID": "36081017901", "gi_z": -0.53, "borough": "Queens", "pop": 1045.0, "incidents": 45, "lisa": "Not significant" }, "geometry": { "type": "Polygon", "coordinates": [ [ [ -73.927444, 40.742123 ], [ -73.925588, 40.741908 ], [ -73.92451, 40.747321 ], [ -73.926353, 40.747551 ], [ -73.927444, 40.742123 ] ] ] } },
{ "type": "Feature", "properties": { "GEOID": "36081030906", "gi_z": -0.03, "borough": "Queens", "pop": 4116.0, "incidents": 69, "lisa": "Not significant" }, "geometry": { "type": "Polygon", "coordinates": [ [ [ -73.899703, 40.757783 ], [ -73.898738, 40.754154 ], [ -73.893734, 40.754681 ], [ -73.892803, 40.754778 ], [ -73.893473, 40.758451 ], [ -73.899703, 40.757783 ] ] ] } },
{ "type": "Feature", "properties": { "GEOID": "36081091603", "gi_z": -1.69, "borough": "Queens", "pop": 4413.0, "incidents": 10, "lisa": "Low-Low" }, "geometry": { "type": "Polygon", "coordinates": [ [ [ -73.883063984567997, 40.56823520814951 ], [ -73.892091, 40.568267 ], [ -73.899751, 40.563441 ], [ -73.905844, 40.562501 ], [ -73.911243, 40.564874 ], [ -73.925461, 40.561273 ], [ -73.931616, 40.557527 ], [ -73.929099, 40.553093 ], [ -73.920987, 40.556275 ], [ -73.909839, 40.556683 ], [ -73.909231, 40.560758 ], [ -73.902306, 40.562128 ], [ -73.88277, 40.567597 ], [ -73.883063984567997, 40.56823520814951 ] ] ] } },
{ "type": "Feature", "properties": { "GEOID": "36081040302", "gi_z": 2.52, "borough": "Queens", "pop": 4409.0, "incidents": 328, "lisa": "High-High" }, "geometry": { "type": "Polygon", "coordinates": [ [ [ -73.861211, 40.753934 ], [ -73.863582, 40.753491 ], [ -73.861751, 40.749968 ], [ -73.858763, 40.750717 ], [ -73.860409, 40.753937 ], [ -73.861211, 40.753934 ] ] ] } },
{ "type": "Feature", "properties": { "GEOID": "36081040901", "gi_z": 0.52, "borough": "Queens", "pop": 1818.0, "incidents": 104, "lisa": "Not significant" }, "geometry": { "type": "Polygon", "coordinates": [ [ [ -73.868458, 40.749264 ], [ -73.866088, 40.745474 ], [ -73.864072, 40.746074 ], [ -73.866557, 40.749464 ], [ -73.868458, 40.749264 ] ] ] } },
{ "type": "Feature", "properties": { "GEOID": "36061012602", "gi_z": 0.48, "borough": "Manhattan", "pop": 4980.0, "incidents": 85, "lisa": "Not significant" }, "geometry": { "type": "Polygon", "coordinates": [ [ [ -73.961559, 40.768437 ], [ -73.962014, 40.767812 ], [ -73.959777, 40.766868 ], [ -73.957404, 40.77012 ], [ -73.959645, 40.771064 ], [ -73.961559, 40.768437 ] ] ] } },
{ "type": "Feature", "properties": { "GEOID": "36061023804", "gi_z": -1.64, "borough": "Manhattan", "pop": 3546.0, "incidents": 18, "lisa": "Low-Low" }, "geometry": { "type": "Polygon", "coordinates": [ [ [ -73.96156, 40.749458 ], [ -73.957732, 40.747775 ], [ -73.956842, 40.748828 ], [ -73.95084, 40.755219 ], [ -73.947832, 40.758989 ], [ -73.952541, 40.76049 ], [ -73.953843, 40.759355 ], [ -73.955527, 40.757243 ], [ -73.958614, 40.753848 ], [ -73.96156, 40.749458 ] ] ] } },
{ "type": "Feature", "properties": { "GEOID": "36061004002", "gi_z": 1.2, "borough": "Manhattan", "pop": 6268.0, "incidents": 132, "lisa": "Not significant" }, "geometry": { "type": "Polygon", "coordinates": [ [ [ -73.98718, 40.733292 ], [ -73.989482, 40.730133 ], [ -73.987239, 40.729192 ], [ -73.984941, 40.732347 ], [ -73.98718, 40.733292 ] ] ] } },
{ "type": "Feature", "properties": { "GEOID": "36061013603", "gi_z": -1.37, "borough": "Manhattan", "pop": 4459.0, "incidents": 40, "lisa": "Not significant" }, "geometry": { "type": "Polygon", "coordinates": [ [ [ -73.951261, 40.774292 ], [ -73.952686, 40.77234 ], [ -73.950435, 40.771391 ], [ -73.94901, 40.773342 ], [ -73.951261, 40.774292 ] ] ] } },
{ "type": "Feature", "properties": { "GEOID": "36061012902", "gi_z": 3.31, "borough": "Manhattan", "pop": 2594.0, "incidents": 187, "lisa": "High-High" }, "geometry": { "type": "Polygon", "coordinates": [ [ [ -74.004653254495906, 40.770391185829801 ], [ -74.00658318016562, 40.767748131554704 ], [ -73.993609, 40.762184 ], [ -73.991788, 40.764684 ], [ -74.004653254495906, 40.770391185829801 ] ] ] } },
{ "type": "Feature", "properties": { "GEOID": "36061002901", "gi_z": 2.05, "borough": "Manhattan", "pop": 562.0, "incidents": 272, "lisa": "High-High" }, "geometry": { "type": "Polygon", "coordinates": [ [ [ -73.999956, 40.718017 ], [ -74.004858, 40.712453 ], [ -74.001419, 40.709815 ], [ -74.00051, 40.710984 ], [ -74.000891, 40.713015 ], [ -73.999313, 40.71755 ], [ -73.999956, 40.718017 ] ] ] } },
{ "type": "Feature", "properties": { "GEOID": "36005009000", "gi_z": 0.15, "borough": "Bronx", "pop": 3861.0, "incidents": 251, "lisa": "Not significant" }, "geometry": { "type": "Polygon", "coordinates": [ [ [ -73.849018, 40.82326 ], [ -73.847539, 40.816905 ], [ -73.846097, 40.813079 ], [ -73.843134, 40.811603 ], [ -73.846654, 40.801024 ], [ -73.835409, 40.802199 ], [ -73.830676, 40.803108 ], [ -73.831833, 40.804939 ], [ -73.837984, 40.806226 ], [ -73.840426, 40.811873 ], [ -73.83998, 40.816391 ], [ -73.836032, 40.817856 ], [ -73.836838, 40.828464 ], [ -73.842385, 40.828688 ], [ -73.843917, 40.828447 ], [ -73.842898, 40.824083 ], [ -73.849018, 40.82326 ] ] ] } },
{ "type": "Feature", "properties": { "GEOID": "36005024501", "gi_z": 0.4, "borough": "Bronx", "pop": 4856.0, "incidents": 129, "lisa": "Not significant" }, "geometry": { "type": "Polygon", "coordinates": [ [ [ -73.918167, 40.852983 ], [ -73.916447, 40.851905 ], [ -73.915452, 40.850494 ], [ -73.912273, 40.853759 ], [ -73.91619, 40.854582 ], [ -73.916935, 40.854609 ], [ -73.918167, 40.852983 ] ] ] } },
{ "type": "Feature", "properties": { "GEOID": "36005033500", "gi_z": -0.43, "borough": "Bronx", "pop": 2236.0, "incidents": 123, "lisa": "Not significant" }, "geometry": { "type": "Polygon", "coordinates": [ [ [ -73.907463, 40.899394 ], [ -73.909064, 40.889508 ], [ -73.908418, 40.889122 ], [ -73.904135, 40.887089 ], [ -73.902859, 40.889165 ], [ -73.90108, 40.893414 ], [ -73.905412, 40.894117 ], [ -73.901068, 40.898619 ], [ -73.901958, 40.901294 ], [ -73.907463, 40.899394 ] ] ] } },
{ "type": "Feature", "properties": { "GEOID": "36005027600", "gi_z": 1.23, "borough": "Bronx", "pop": 154.0, "incidents": 185, "lisa": "Not significant" }, "geometry": { "type": "Polygon", "coordinates": [ [ [ -73.828521, 40.860746 ], [ -73.831291, 40.855434 ], [ -73.827185, 40.851711 ], [ -73.827997, 40.848624 ], [ -73.826113, 40.845339 ], [ -73.826241, 40.842994 ], [ -73.824957, 40.846105 ], [ -73.820141, 40.84802 ], [ -73.815678898860199, 40.848677650672805 ], [ -73.816641, 40.853487 ], [ -73.8126, 40.854386 ], [ -73.8126, 40.8587 ], [ -73.817832779515697, 40.863343990284505 ], [ -73.819884, 40.861754 ], [ -73.827026, 40.859263 ], [ -73.828261, 40.860853 ], [ -73.828372, 40.860947 ], [ -73.828521, 40.860746 ] ] ] } },
{ "type": "Feature", "properties": { "GEOID": "36047035601", "gi_z": 0.69, "borough": "Brooklyn", "pop": 2326.0, "incidents": 52, "lisa": "Not significant" }, "geometry": { "type": "Polygon", "coordinates": [ [ [ -73.967335, 40.581515 ], [ -73.971834, 40.579805 ], [ -73.967602, 40.580362 ], [ -73.967335, 40.581515 ] ] ] } },
{ "type": "Feature", "properties": { "GEOID": "36047056100", "gi_z": 0.2, "borough": "Brooklyn", "pop": 3698.0, "incidents": 282, "lisa": "Not significant" }, "geometry": { "type": "Polygon", "coordinates": [ [ [ -73.961436, 40.727298 ], [ -73.961611, 40.724951 ], [ -73.956273, 40.72339 ], [ -73.950875, 40.725721 ], [ -73.952412, 40.728418 ], [ -73.953658, 40.728823 ], [ -73.961215, 40.728151 ], [ -73.961436, 40.727298 ] ] ] } },
{ "type": "Feature", "properties": { "GEOID": "36047029200", "gi_z": -0.62, "borough": "Brooklyn", "pop": 2501.0, "incidents": 96, "lisa": "Not significant" }, "geometry": { "type": "Polygon", "coordinates": [ [ [ -74.004948, 40.598172 ], [ -74.005504366790205, 40.597617968089807 ], [ -74.001389679792396, 40.594671430813307 ], [ -73.99734, 40.598552 ], [ -73.995594, 40.600233 ], [ -73.997824, 40.601578 ], [ -74.002692, 40.597043 ], [ -74.004948, 40.598172 ] ] ] } },
{ "type": "Feature", "properties": { "GEOID": "36081026901", "gi_z": 3.51, "borough": "Queens", "pop": 4532.0, "incidents": 547, "lisa": "High-High" }, "geometry": { "type": "Polygon", "coordinates": [ [ [ -73.885787, 40.74744 ], [ -73.883843, 40.745797 ], [ -73.880747, 40.745233 ], [ -73.879818, 40.746442 ], [ -73.878406, 40.748216 ], [ -73.881137, 40.747927 ], [ -73.882999, 40.747734 ], [ -73.885787, 40.74744 ] ] ] } },
{ "type": "Feature", "properties": { "GEOID": "36081061301", "gi_z": -1.26, "borough": "Queens", "pop": 5205.0, "incidents": 202, "lisa": "High-Low" }, "geometry": { "type": "Polygon", "coordinates": [ [ [ -73.895025, 40.712478 ], [ -73.900596, 40.712697 ], [ -73.898453, 40.70904 ], [ -73.89694, 40.706499 ], [ -73.896331, 40.705274 ], [ -73.892744, 40.701851 ], [ -73.889119, 40.705599 ], [ -73.885549, 40.706155 ], [ -73.885532, 40.706446 ], [ -73.888703, 40.707669 ], [ -73.888546, 40.712275 ], [ -73.895025, 40.712478 ] ] ] } },
{ "type": "Feature", "properties": { "GEOID": "36081012500", "gi_z": -0.31, "borough": "Queens", "pop": 1360.0, "incidents": 103, "lisa": "Not significant" }, "geometry": { "type": "Polygon", "coordinates": [ [ [ -73.917077, 40.773475 ], [ -73.920076, 40.772067 ], [ -73.918116, 40.770029 ], [ -73.914874, 40.76947 ], [ -73.91194, 40.76901 ], [ -73.910942, 40.76885 ], [ -73.910241, 40.769427 ], [ -73.91431, 40.771523 ], [ -73.917077, 40.773475 ] ] ] } },
{ "type": "Feature", "properties": { "GEOID": "36061029900", "gi_z": 1.88, "borough": "Manhattan", "pop": 3532.0, "incidents": 452, "lisa": "Not significant" }, "geometry": { "type": "Polygon", "coordinates": [ [ [ -73.924742, 40.861594 ], [ -73.920958, 40.855112 ], [ -73.91929, 40.857475 ], [ -73.91434, 40.862521 ], [ -73.909804, 40.868282 ], [ -73.908605, 40.871678 ], [ -73.910485, 40.874015 ], [ -73.914009, 40.87116 ], [ -73.915183, 40.869551 ], [ -73.917044, 40.867026 ], [ -73.920611, 40.863113 ], [ -73.924742, 40.861594 ] ] ] } },
{ "type": "Feature", "properties": { "GEOID": "36081044302", "gi_z": 0.2, "borough": "Queens", "pop": 4864.0, "incidents": 241, "lisa": "Not significant" }, "geometry": { "type": "Polygon", "coordinates": [ [ [ -73.867557, 40.741678 ], [ -73.86704, 40.739572 ], [ -73.866095, 40.737251 ], [ -73.86583, 40.736643 ], [ -73.860072, 40.738373 ], [ -73.86241, 40.74289 ], [ -73.867557, 40.741678 ] ] ] } },
{ "type": "Feature", "properties": { "GEOID": "36081100801", "gi_z": -0.19, "borough": "Queens", "pop": 2911.0, "incidents": 41, "lisa": "Not significant" }, "geometry": { "type": "Polygon", "coordinates": [ [ [ -73.75891, 40.611206 ], [ -73.765244, 40.614942 ], [ -73.772268, 40.615136 ], [ -73.777321, 40.613078 ], [ -73.772374, 40.607295 ], [ -73.760953, 40.606452 ], [ -73.75891, 40.611206 ] ] ] } },
{ "type": "Feature", "properties": { "GEOID": "36081077906", "gi_z": -0.78, "borough": "Queens", "pop": 3946.0, "incidents": 125, "lisa": "Not significant" }, "geometry": { "type": "Polygon", "coordinates": [ [ [ -73.823537, 40.729999 ], [ -73.821853, 40.726675 ], [ -73.817171, 40.72727 ], [ -73.81444, 40.728094 ], [ -73.814916, 40.732038 ], [ -73.823537, 40.729999 ] ] ] } },
{ "type": "Feature", "properties": { "GEOID": "36081097204", "gi_z": -1.13, "borough": "Queens", "pop": 4254.0, "incidents": 93, "lisa": "Not significant" }, "geometry": { "type": "Polygon", "coordinates": [ [ [ -73.789133, 40.594044 ], [ -73.788996, 40.592411 ], [ -73.772713, 40.593321 ], [ -73.77387, 40.595772 ], [ -73.781836, 40.595267 ], [ -73.789133, 40.594044 ] ] ] } },
{ "type": "Feature", "properties": { "GEOID": "36081138502", "gi_z": -1.8, "borough": "Queens", "pop": 92.0, "incidents": 64, "lisa": "Low-Low" }, "geometry": { "type": "Polygon", "coordinates": [ [ [ -73.753469, 40.765445 ], [ -73.759206, 40.764321 ], [ -73.758001, 40.76038 ], [ -73.75585, 40.757765 ], [ -73.750048, 40.758405 ], [ -73.746808, 40.752028 ], [ -73.743967, 40.74763 ], [ -73.744776, 40.743281 ], [ -73.753473, 40.742405 ], [ -73.749968, 40.739746 ], [ -73.743962, 40.740789 ], [ -73.740291, 40.738517 ], [ -73.733763, 40.742869 ], [ -73.73543, 40.747161 ], [ -73.741647, 40.753085 ], [ -73.739263, 40.756917 ], [ -73.741208, 40.756205 ], [ -73.746592, 40.763907 ], [ -73.74877, 40.76408 ], [ -73.753469, 40.765445 ] ] ] } },
{ "type": "Feature", "properties": { "GEOID": "36085027705", "gi_z": -1.47, "borough": "Staten Island", "pop": 6119.0, "incidents": 46, "lisa": "Low-Low" }, "geometry": { "type": "Polygon", "coordinates": [ [ [ -74.156366, 40.593197 ], [ -74.16299, 40.5863 ], [ -74.157666, 40.583375 ], [ -74.15097, 40.590176 ], [ -74.156366, 40.593197 ] ] ] } },
{ "type": "Feature", "properties": { "GEOID": "36085001100", "gi_z": -0.11, "borough": "Staten Island", "pop": 4852.0, "incidents": 170, "lisa": "Not significant" }, "geometry": { "type": "Polygon", "coordinates": [ [ [ -74.087206, 40.639896 ], [ -74.085879, 40.636692 ], [ -74.083734, 40.635737 ], [ -74.078132, 40.638172 ], [ -74.077899, 40.638094 ], [ -74.078846, 40.641995 ], [ -74.087206, 40.639896 ] ] ] } },
{ "type": "Feature", "properties": { "GEOID": "36085003300", "gi_z": -0.62, "borough": "Staten Island", "pop": 3821.0, "incidents": 49, "lisa": "Not significant" }, "geometry": { "type": "Polygon", "coordinates": [ [ [ -74.094071, 40.617704 ], [ -74.087414, 40.61593 ], [ -74.08525, 40.622801 ], [ -74.081407, 40.630301 ], [ -74.085749, 40.633955 ], [ -74.088904, 40.630292 ], [ -74.091581, 40.626546 ], [ -74.088719, 40.625899 ], [ -74.088675, 40.621031 ], [ -74.094071, 40.617704 ] ] ] } },
{ "type": "Feature", "properties": { "GEOID": "36085024700", "gi_z": -0.67, "borough": "Staten Island", "pop": 2835.0, "incidents": 52, "lisa": "Not significant" }, "geometry": { "type": "Polygon", "coordinates": [ [ [ -74.14691, 40.631156 ], [ -74.146145, 40.62493 ], [ -74.138266, 40.624248 ], [ -74.136742, 40.628662 ], [ -74.14691, 40.631156 ] ] ] } },
{ "type": "Feature", "properties": { "GEOID": "36085031901", "gi_z": -1.14, "borough": "Staten Island", "pop": 3948.0, "incidents": 62, "lisa": "Not significant" }, "geometry": { "type": "Polygon", "coordinates": [ [ [ -74.166275, 40.63365 ], [ -74.166559, 40.627367 ], [ -74.160502, 40.62653 ], [ -74.160311, 40.633788 ], [ -74.166275, 40.63365 ] ] ] } },
{ "type": "Feature", "properties": { "GEOID": "36047005400", "gi_z": -1.14, "borough": "Brooklyn", "pop": 3425.0, "incidents": 71, "lisa": "Not significant" }, "geometry": { "type": "Polygon", "coordinates": [ [ [ -74.040564845637405, 40.6176739009518 ], [ -74.040302387458496, 40.6156822557829 ], [ -74.035682, 40.616671 ], [ -74.031515, 40.61533 ], [ -74.030485, 40.616518 ], [ -74.03599, 40.618596 ], [ -74.040564845637405, 40.6176739009518 ] ] ] } },
{ "type": "Feature", "properties": { "GEOID": "36047016400", "gi_z": -1.01, "borough": "Brooklyn", "pop": 980.0, "incidents": 5, "lisa": "Not significant" }, "geometry": { "type": "Polygon", "coordinates": [ [ [ -74.026302, 40.616335 ], [ -74.031451, 40.611117 ], [ -74.0353019178837, 40.609487710199609 ], [ -74.031384, 40.605201 ], [ -74.020133, 40.603413 ], [ -74.021502, 40.607828 ], [ -74.024775, 40.609676 ], [ -74.02755, 40.612925 ], [ -74.025729, 40.616049 ], [ -74.026302, 40.616335 ] ] ] } },
{ "type": "Feature", "properties": { "GEOID": "36081010300", "gi_z": -0.65, "borough": "Queens", "pop": 3915.0, "incidents": 123, "lisa": "Not significant" }, "geometry": { "type": "Polygon", "coordinates": [ [ [ -73.919965, 40.782635 ], [ -73.917966, 40.781256 ], [ -73.912383, 40.77731 ], [ -73.910147, 40.77915 ], [ -73.910835, 40.779635 ], [ -73.916805, 40.784251 ], [ -73.915236, 40.786041 ], [ -73.915344, 40.786116 ], [ -73.919965, 40.782635 ] ] ] } },
{ "type": "Feature", "properties": { "GEOID": "36005004300", "gi_z": 5.92, "borough": "Bronx", "pop": 5400.0, "incidents": 590, "lisa": "High-High" }, "geometry": { "type": "Polygon", "coordinates": [ [ [ -73.920482, 40.814564 ], [ -73.922088, 40.813731 ], [ -73.914847, 40.810994 ], [ -73.912954, 40.814269 ], [ -73.917625, 40.816055 ], [ -73.920482, 40.814564 ] ] ] } },
{ "type": "Feature", "properties": { "GEOID": "36081011900", "gi_z": -1.05, "borough": "Queens", "pop": 1602.0, "incidents": 51, "lisa": "Not significant" }, "geometry": { "type": "Polygon", "coordinates": [ [ [ -73.906788, 40.773367 ], [ -73.908217, 40.771085 ], [ -73.903191, 40.770825 ], [ -73.906788, 40.773367 ] ] ] } },
{ "type": "Feature", "properties": { "GEOID": "36081013800", "gi_z": -1.13, "borough": "Queens", "pop": 4018.0, "incidents": 63, "lisa": "Not significant" }, "geometry": { "type": "Polygon", "coordinates": [ [ [ -73.829687, 40.709348 ], [ -73.824441, 40.704062 ], [ -73.822459, 40.703656 ], [ -73.822256, 40.705456 ], [ -73.827722, 40.710603 ], [ -73.829687, 40.709348 ] ] ] } },
{ "type": "Feature", "properties": { "GEOID": "36081014700", "gi_z": -0.51, "borough": "Queens", "pop": 3066.0, "incidents": 139, "lisa": "Not significant" }, "geometry": { "type": "Polygon", "coordinates": [ [ [ -73.914992, 40.763892 ], [ -73.911799, 40.76239 ], [ -73.907794, 40.760518 ], [ -73.90651, 40.762109 ], [ -73.910505, 40.763979 ], [ -73.913701, 40.76548 ], [ -73.914992, 40.763892 ] ] ] } },
{ "type": "Feature", "properties": { "GEOID": "36005005400", "gi_z": 3.61, "borough": "Bronx", "pop": 5482.0, "incidents": 498, "lisa": "High-High" }, "geometry": { "type": "Polygon", "coordinates": [ [ [ -73.883887, 40.829809 ], [ -73.883832, 40.828271 ], [ -73.881046, 40.828432 ], [ -73.876402, 40.828977 ], [ -73.875507, 40.829234 ], [ -73.876067, 40.831638 ], [ -73.882354, 40.831505 ], [ -73.883887, 40.829809 ] ] ] } },
{ "type": "Feature", "properties": { "GEOID": "36005023302", "gi_z": 2.39, "borough": "Bronx", "pop": 3955.0, "incidents": 84, "lisa": "Low-High" }, "geometry": { "type": "Polygon", "coordinates": [ [ [ -73.907487, 40.847804 ], [ -73.904621, 40.847392 ], [ -73.901955, 40.848059 ], [ -73.902102, 40.848319 ], [ -73.903281, 40.848692 ], [ -73.906059, 40.849321 ], [ -73.907487, 40.847804 ] ] ] } },
{ "type": "Feature", "properties": { "GEOID": "36005034200", "gi_z": -0.73, "borough": "Bronx", "pop": 1625.0, "incidents": 84, "lisa": "Not significant" }, "geometry": { "type": "Polygon", "coordinates": [ [ [ -73.861379, 40.871336 ], [ -73.861562, 40.86555 ], [ -73.859613, 40.865512 ], [ -73.858673, 40.865495 ], [ -73.858488, 40.871284 ], [ -73.861379, 40.871336 ] ] ] } },
{ "type": "Feature", "properties": { "GEOID": "36005032800", "gi_z": 0.5, "borough": "Bronx", "pop": 4132.0, "incidents": 172, "lisa": "Not significant" }, "geometry": { "type": "Polygon", "coordinates": [ [ [ -73.864461, 40.865489 ], [ -73.864671, 40.857906 ], [ -73.861791, 40.857983 ], [ -73.861562, 40.86555 ], [ -73.864461, 40.865489 ] ] ] } },
{ "type": "Feature", "properties": { "GEOID": "36005012500", "gi_z": 2.64, "borough": "Bronx", "pop": 4001.0, "incidents": 356, "lisa": "High-High" }, "geometry": { "type": "Polygon", "coordinates": [ [ [ -73.896696, 40.830414 ], [ -73.895603, 40.828316 ], [ -73.894836, 40.82624 ], [ -73.890905, 40.826788 ], [ -73.890873, 40.830136 ], [ -73.89336, 40.830152 ], [ -73.896696, 40.830414 ] ] ] } },
{ "type": "Feature", "properties": { "GEOID": "36005036502", "gi_z": 1.94, "borough": "Bronx", "pop": 2287.0, "incidents": 213, "lisa": "High-High" }, "geometry": { "type": "Polygon", "coordinates": [ [ [ -73.889017, 40.84437 ], [ -73.890554, 40.842678 ], [ -73.886185, 40.840105 ], [ -73.88566, 40.84271 ], [ -73.889017, 40.84437 ] ] ] } },
{ "type": "Feature", "properties": { "GEOID": "36005018400", "gi_z": 0.77, "borough": "Bronx", "pop": 3886.0, "incidents": 224, "lisa": "Not significant" }, "geometry": { "type": "Polygon", "coordinates": [ [ [ -73.835007, 40.838107 ], [ -73.828189, 40.832951 ], [ -73.826013, 40.834021 ], [ -73.826084, 40.841372 ], [ -73.835007, 40.838107 ] ] ] } },
{ "type": "Feature", "properties": { "GEOID": "36005021602", "gi_z": 2.15, "borough": "Bronx", "pop": 6027.0, "incidents": 236, "lisa": "High-High" }, "geometry": { "type": "Polygon", "coordinates": [ [ [ -73.864465, 40.841088 ], [ -73.862837, 40.833688 ], [ -73.862721, 40.833021 ], [ -73.860851, 40.833614 ], [ -73.861012, 40.834597 ], [ -73.859966, 40.837779 ], [ -73.86069, 40.83851 ], [ -73.86358, 40.841278 ], [ -73.864465, 40.841088 ] ] ] } },
{ "type": "Feature", "properties": { "GEOID": "36061001401", "gi_z": 4.4, "borough": "Manhattan", "pop": 3707.0, "incidents": 109, "lisa": "Low-High" }, "geometry": { "type": "Polygon", "coordinates": [ [ [ -73.989155, 40.716708 ], [ -73.99022, 40.714405 ], [ -73.987165, 40.714312 ], [ -73.985344, 40.714462 ], [ -73.982453, 40.714699 ], [ -73.985013, 40.715438 ], [ -73.988367, 40.716446 ], [ -73.989155, 40.716708 ] ] ] } },
{ "type": "Feature", "properties": { "GEOID": "36061017300", "gi_z": 0.65, "borough": "Manhattan", "pop": 9343.0, "incidents": 135, "lisa": "Not significant" }, "geometry": { "type": "Polygon", "coordinates": [ [ [ -73.973147, 40.790244 ], [ -73.975016, 40.787687 ], [ -73.969335, 40.785294 ], [ -73.96745, 40.787861 ], [ -73.973147, 40.790244 ] ] ] } },
{ "type": "Feature", "properties": { "GEOID": "36061021200", "gi_z": 2.42, "borough": "Manhattan", "pop": 5225.0, "incidents": 537, "lisa": "Not significant" }, "geometry": { "type": "Polygon", "coordinates": [ [ [ -73.941347, 40.813438 ], [ -73.942249, 40.812201 ], [ -73.939018, 40.810856 ], [ -73.935756, 40.815326 ], [ -73.938991, 40.816663 ], [ -73.939457, 40.816027 ], [ -73.941347, 40.813438 ] ] ] } },
{ "type": "Feature", "properties": { "GEOID": "36061015200", "gi_z": -1.31, "borough": "Manhattan", "pop": 7667.0, "incidents": 100, "lisa": "Not significant" }, "geometry": { "type": "Polygon", "coordinates": [ [ [ -73.947049, 40.780064 ], [ -73.947968, 40.778807 ], [ -73.941937, 40.776031 ], [ -73.944337, 40.773108 ], [ -73.94019, 40.772955 ], [ -73.937466, 40.772504 ], [ -73.935855, 40.777212 ], [ -73.934412, 40.778093 ], [ -73.937608, 40.781754 ], [ -73.944723, 40.783247 ], [ -73.94567, 40.781947 ], [ -73.947049, 40.780064 ] ] ] } },
{ "type": "Feature", "properties": { "GEOID": "36061024900", "gi_z": 1.91, "borough": "Manhattan", "pop": 984.0, "incidents": 239, "lisa": "High-High" }, "geometry": { "type": "Polygon", "coordinates": [ [ [ -73.936464, 40.840482 ], [ -73.938343, 40.837909 ], [ -73.936691, 40.837193 ], [ -73.935567, 40.841713 ], [ -73.936464, 40.840482 ] ] ] } },
{ "type": "Feature", "properties": { "GEOID": "36061023900", "gi_z": 2.45, "borough": "Manhattan", "pop": 3184.0, "incidents": 134, "lisa": "Low-High" }, "geometry": { "type": "Polygon", "coordinates": [ [ [ -73.941577, 40.833487 ], [ -73.94298, 40.831568 ], [ -73.940346, 40.830458 ], [ -73.939155, 40.833278 ], [ -73.94036, 40.833786 ], [ -73.941577, 40.833487 ] ] ] } },
{ "type": "Feature", "properties": { "GEOID": "36061001402", "gi_z": 4.75, "borough": "Manhattan", "pop": 3463.0, "incidents": 354, "lisa": "High-High" }, "geometry": { "type": "Polygon", "coordinates": [ [ [ -73.986752, 40.719593 ], [ -73.988367, 40.716446 ], [ -73.985013, 40.715438 ], [ -73.983395, 40.718571 ], [ -73.985074, 40.719083 ], [ -73.986752, 40.719593 ] ] ] } },
{ "type": "Feature", "properties": { "GEOID": "36061003200", "gi_z": 1.93, "borough": "Manhattan", "pop": 7866.0, "incidents": 578, "lisa": "Not significant" }, "geometry": { "type": "Polygon", "coordinates": [ [ [ -73.984875, 40.728194 ], [ -73.987502, 40.724584 ], [ -73.982964, 40.722671 ], [ -73.981637, 40.724494 ], [ -73.980333, 40.726281 ], [ -73.979906, 40.726866 ], [ -73.984875, 40.728194 ] ] ] } },
{ "type": "Feature", "properties": { "GEOID": "36061002000", "gi_z": -0.31, "borough": "Manhattan", "pop": 5048.0, "incidents": 68, "lisa": "Not significant" }, "geometry": { "type": "Polygon", "coordinates": [ [ [ -73.978231, 40.720674 ], [ -73.978753, 40.719934 ], [ -73.967716, 40.71604 ], [ -73.967578, 40.716496 ], [ -73.966511, 40.717917 ], [ -73.976893, 40.722498 ], [ -73.978231, 40.720674 ] ] ] } },
{ "type": "Feature", "properties": { "GEOID": "36061007300", "gi_z": 3.95, "borough": "Manhattan", "pop": 5393.0, "incidents": 595, "lisa": "High-High" }, "geometry": { "type": "Polygon", "coordinates": [ [ [ -74.006407, 40.733054 ], [ -74.006624, 40.731669 ], [ -74.002124, 40.732841 ], [ -74.001948, 40.736414 ], [ -74.00596, 40.735845 ], [ -74.006407, 40.733054 ] ] ] } },
{ "type": "Feature", "properties": { "GEOID": "36047048100", "gi_z": 0.21, "borough": "Brooklyn", "pop": 3010.0, "incidents": 74, "lisa": "Not significant" }, "geometry": { "type": "Polygon", "coordinates": [ [ [ -73.942066, 40.714729 ], [ -73.941713, 40.714007 ], [ -73.940688, 40.711962 ], [ -73.934802, 40.713373 ], [ -73.935613, 40.715191 ], [ -73.938696, 40.715323 ], [ -73.942066, 40.714729 ] ] ] } },
{ "type": "Feature", "properties": { "GEOID": "36061011000", "gi_z": 0.48, "borough": "Manhattan", "pop": 6760.0, "incidents": 244, "lisa": "Not significant" }, "geometry": { "type": "Polygon", "coordinates": [ [ [ -73.964755, 40.764058 ], [ -73.966583, 40.761552 ], [ -73.964314, 40.760599 ], [ -73.961966, 40.759619 ], [ -73.959695, 40.76274 ], [ -73.964299, 40.764683 ], [ -73.964755, 40.764058 ] ] ] } },
{ "type": "Feature", "properties": { "GEOID": "36061021400", "gi_z": 1.71, "borough": "Manhattan", "pop": 2953.0, "incidents": 183, "lisa": "Not significant" }, "geometry": { "type": "Polygon", "coordinates": [ [ [ -73.937641, 40.818517 ], [ -73.938991, 40.816663 ], [ -73.935756, 40.815326 ], [ -73.934475, 40.819697 ], [ -73.936227, 40.820438 ], [ -73.937641, 40.818517 ] ] ] } },
{ "type": "Feature", "properties": { "GEOID": "36081069702", "gi_z": -1.34, "borough": "Queens", "pop": 4269.0, "incidents": 56, "lisa": "Not significant" }, "geometry": { "type": "Polygon", "coordinates": [ [ [ -73.864514, 40.72676 ], [ -73.867285, 40.722257 ], [ -73.865476, 40.720281 ], [ -73.863018, 40.717708 ], [ -73.858522, 40.721529 ], [ -73.862038, 40.725957 ], [ -73.864514, 40.72676 ] ] ] } },
{ "type": "Feature", "properties": { "GEOID": "36081076902", "gi_z": -0.82, "borough": "Queens", "pop": 1570.0, "incidents": 147, "lisa": "Not significant" }, "geometry": { "type": "Polygon", "coordinates": [ [ [ -73.834962, 40.717172 ], [ -73.833634, 40.712989 ], [ -73.830982, 40.71431 ], [ -73.831385, 40.714529 ], [ -73.834962, 40.717172 ] ] ] } },
{ "type": "Feature", "properties": { "GEOID": "36047053300", "gi_z": -1.14, "borough": "Brooklyn", "pop": 6551.0, "incidents": 46, "lisa": "Not significant" }, "geometry": { "type": "Polygon", "coordinates": [ [ [ -73.960341, 40.703437 ], [ -73.957457, 40.700822 ], [ -73.953812, 40.703181 ], [ -73.958456, 40.707252 ], [ -73.960341, 40.703437 ] ] ] } },
{ "type": "Feature", "properties": { "GEOID": "36047060800", "gi_z": -1.15, "borough": "Brooklyn", "pop": 3549.0, "incidents": 276, "lisa": "High-Low" }, "geometry": { "type": "Polygon", "coordinates": [ [ [ -73.960261, 40.585039 ], [ -73.960027, 40.583209 ], [ -73.956536, 40.582659 ], [ -73.954032, 40.582517 ], [ -73.944308, 40.582201 ], [ -73.940947, 40.581913 ], [ -73.939139, 40.585983 ], [ -73.951238, 40.584925 ], [ -73.960261, 40.585039 ] ] ] } },
{ "type": "Feature", "properties": { "GEOID": "36081109900", "gi_z": -1.65, "borough": "Queens", "pop": 3398.0, "incidents": 79, "lisa": "Low-Low" }, "geometry": { "type": "Polygon", "coordinates": [ [ [ -73.791902, 40.768936 ], [ -73.788075, 40.764199 ], [ -73.78146, 40.767066 ], [ -73.783727, 40.771361 ], [ -73.791902, 40.768936 ] ] ] } },
{ "type": "Feature", "properties": { "GEOID": "36081116100", "gi_z": 0.04, "borough": "Queens", "pop": 3624.0, "incidents": 54, "lisa": "Not significant" }, "geometry": { "type": "Polygon", "coordinates": [ [ [ -73.827863, 40.765363 ], [ -73.828114, 40.764056 ], [ -73.823482, 40.764652 ], [ -73.823727, 40.765826 ], [ -73.824669, 40.770407 ], [ -73.826558, 40.770137 ], [ -73.827863, 40.765363 ] ] ] } },
{ "type": "Feature", "properties": { "GEOID": "36081120500", "gi_z": -1.51, "borough": "Queens", "pop": 2669.0, "incidents": 57, "lisa": "Low-Low" }, "geometry": { "type": "Polygon", "coordinates": [ [ [ -73.820849, 40.752242 ], [ -73.816543, 40.74826 ], [ -73.813334, 40.750372 ], [ -73.817721, 40.754276 ], [ -73.818408, 40.75383 ], [ -73.820849, 40.752242 ] ] ] } },
{ "type": "Feature", "properties": { "GEOID": "36081147100", "gi_z": -1.32, "borough": "Queens", "pop": 3810.0, "incidents": 129, "lisa": "Low-Low" }, "geometry": { "type": "Polygon", "coordinates": [ [ [ -73.769337, 40.760254 ], [ -73.768276, 40.758261 ], [ -73.762395, 40.759497 ], [ -73.758001, 40.76038 ], [ -73.759206, 40.764321 ], [ -73.766405, 40.76362 ], [ -73.769337, 40.760254 ] ] ] } },
{ "type": "Feature", "properties": { "GEOID": "36061029300", "gi_z": 2.54, "borough": "Manhattan", "pop": 8011.0, "incidents": 515, "lisa": "Not significant" }, "geometry": { "type": "Polygon", "coordinates": [ [ [ -73.92311, 40.867016 ], [ -73.920611, 40.863113 ], [ -73.917044, 40.867026 ], [ -73.921214, 40.867693 ], [ -73.92311, 40.867016 ] ] ] } },
{ "type": "Feature", "properties": { "GEOID": "36061019200", "gi_z": 2.0, "borough": "Manhattan", "pop": 3868.0, "incidents": 103, "lisa": "Low-High" }, "geometry": { "type": "Polygon", "coordinates": [ [ [ -73.931773, 40.800979 ], [ -73.933991, 40.797932 ], [ -73.927257, 40.794876 ], [ -73.927599, 40.79803 ], [ -73.925081, 40.802521 ], [ -73.928225, 40.80385 ], [ -73.931773, 40.800979 ] ] ] } },
{ "type": "Feature", "properties": { "GEOID": "36061014401", "gi_z": -1.15, "borough": "Manhattan", "pop": 5006.0, "incidents": 38, "lisa": "Not significant" }, "geometry": { "type": "Polygon", "coordinates": [ [ [ -73.949374, 40.776876 ], [ -73.950339, 40.775564 ], [ -73.945728, 40.773622 ], [ -73.949374, 40.776876 ] ] ] } },
{ "type": "Feature", "properties": { "GEOID": "36085013204", "gi_z": -2.09, "borough": "Staten Island", "pop": 4948.0, "incidents": 32, "lisa": "Low-Low" }, "geometry": { "type": "Polygon", "coordinates": [ [ [ -74.1317, 40.564536 ], [ -74.135749, 40.55885 ], [ -74.138851, 40.556951 ], [ -74.133184, 40.552344 ], [ -74.127301, 40.557295 ], [ -74.120052, 40.560394 ], [ -74.12942, 40.565721 ], [ -74.1317, 40.564536 ] ] ] } },
{ "type": "Feature", "properties": { "GEOID": "36085011201", "gi_z": -1.77, "borough": "Staten Island", "pop": 5411.0, "incidents": 73, "lisa": "Low-Low" }, "geometry": { "type": "Polygon", "coordinates": [ [ [ -74.09844, 40.581242 ], [ -74.100391, 40.579689 ], [ -74.087678, 40.573071 ], [ -74.084846696226407, 40.571548709626803 ], [ -74.076031, 40.578301 ], [ -74.088496, 40.584789 ], [ -74.092616, 40.58594 ], [ -74.09844, 40.581242 ] ] ] } },
{ "type": "Feature", "properties": { "GEOID": "36085013201", "gi_z": -1.9, "borough": "Staten Island", "pop": 1657.0, "incidents": 11, "lisa": "Low-Low" }, "geometry": { "type": "Polygon", "coordinates": [ [ [ -74.124899, 40.568949 ], [ -74.12942, 40.565721 ], [ -74.120052, 40.560394 ], [ -74.116362, 40.563915 ], [ -74.124899, 40.568949 ] ] ] } },
{ "type": "Feature", "properties": { "GEOID": "36085029102", "gi_z": -1.11, "borough": "Staten Island", "pop": 3355.0, "incidents": 85, "lisa": "Not significant" }, "geometry": { "type": "Polygon", "coordinates": [ [ [ -74.196190765716295, 40.635265081474294 ], [ -74.20058, 40.631448 ], [ -74.201812, 40.619507 ], [ -74.200994, 40.616906 ], [ -74.196096, 40.616169 ], [ -74.195407, 40.601806 ], [ -74.19682, 40.597037 ], [ -74.204054, 40.589336 ], [ -74.205193065512006, 40.579999187542199 ], [ -74.200584, 40.579511 ], [ -74.199471, 40.582296 ], [ -74.194184, 40.585069 ], [ -74.189956, 40.585675 ], [ -74.179541, 40.596746 ], [ -74.178239, 40.599811 ], [ -74.184078, 40.602661 ], [ -74.175625, 40.612218 ], [ -74.168725, 40.621209 ], [ -74.174108, 40.62226 ], [ -74.178845, 40.626106 ], [ -74.196190765716295, 40.635265081474294 ] ] ] } },
{ "type": "Feature", "properties": { "GEOID": "36061005600", "gi_z": 5.72, "borough": "Manhattan", "pop": 3822.0, "incidents": 424, "lisa": "High-High" }, "geometry": { "type": "Polygon", "coordinates": [ [ [ -73.987298, 40.744682 ], [ -73.990518, 40.740262 ], [ -73.987302, 40.738903 ], [ -73.984078, 40.743326 ], [ -73.987298, 40.744682 ] ] ] } },
{ "type": "Feature", "properties": { "GEOID": "36061006400", "gi_z": 2.12, "borough": "Manhattan", "pop": 7729.0, "incidents": 518, "lisa": "Not significant" }, "geometry": { "type": "Polygon", "coordinates": [ [ [ -73.984082, 40.737546 ], [ -73.984934, 40.736376 ], [ -73.980275, 40.73441 ], [ -73.979864, 40.734975 ], [ -73.978498, 40.736791 ], [ -73.978052, 40.737554 ], [ -73.982665, 40.739497 ], [ -73.984082, 40.737546 ] ] ] } },
{ "type": "Feature", "properties": { "GEOID": "36061026300", "gi_z": 3.82, "borough": "Manhattan", "pop": 8342.0, "incidents": 401, "lisa": "High-High" }, "geometry": { "type": "Polygon", "coordinates": [ [ [ -73.939524, 40.847838 ], [ -73.940518, 40.845369 ], [ -73.937518, 40.844137 ], [ -73.934239, 40.848626 ], [ -73.936397, 40.849541 ], [ -73.939524, 40.847838 ] ] ] } },
{ "type": "Feature", "properties": { "GEOID": "36061021100", "gi_z": 0.53, "borough": "Manhattan", "pop": 9865.0, "incidents": 243, "lisa": "Not significant" }, "geometry": { "type": "Polygon", "coordinates": [ [ [ -73.967964031224994, 40.820849266613287 ], [ -73.971250004954697, 40.816340214555403 ], [ -73.961111, 40.81183 ], [ -73.958272, 40.810629 ], [ -73.957808, 40.811264 ], [ -73.956269, 40.813375 ], [ -73.959493, 40.817007 ], [ -73.967964031224994, 40.820849266613287 ] ] ] } },
{ "type": "Feature", "properties": { "GEOID": "36047072800", "gi_z": -1.83, "borough": "Brooklyn", "pop": 3153.0, "incidents": 36, "lisa": "Low-Low" }, "geometry": { "type": "Polygon", "coordinates": [ [ [ -73.931983, 40.630269 ], [ -73.931743, 40.62793 ], [ -73.924298, 40.628386 ], [ -73.920418, 40.630904 ], [ -73.930054, 40.630389 ], [ -73.931983, 40.630269 ] ] ] } },
{ "type": "Feature", "properties": { "GEOID": "36047074600", "gi_z": -2.37, "borough": "Brooklyn", "pop": 2385.0, "incidents": 60, "lisa": "Low-Low" }, "geometry": { "type": "Polygon", "coordinates": [ [ [ -73.946514, 40.619494 ], [ -73.945737, 40.615363 ], [ -73.944827, 40.616046 ], [ -73.943145, 40.617426 ], [ -73.939716, 40.618406 ], [ -73.936867, 40.620253 ], [ -73.936336, 40.620611 ], [ -73.940805, 40.620125 ], [ -73.944518, 40.619714 ], [ -73.946514, 40.619494 ] ] ] } },
{ "type": "Feature", "properties": { "GEOID": "36047094401", "gi_z": -1.15, "borough": "Brooklyn", "pop": 3158.0, "incidents": 120, "lisa": "Not significant" }, "geometry": { "type": "Polygon", "coordinates": [ [ [ -73.925743, 40.640014 ], [ -73.927448, 40.635259 ], [ -73.922832, 40.635543 ], [ -73.919172, 40.63747 ], [ -73.919556, 40.641185 ], [ -73.919729, 40.642725 ], [ -73.925382, 40.642384 ], [ -73.925743, 40.640014 ] ] ] } },
{ "type": "Feature", "properties": { "GEOID": "36061005502", "gi_z": 2.73, "borough": "Manhattan", "pop": 1899.0, "incidents": 483, "lisa": "High-High" }, "geometry": { "type": "Polygon", "coordinates": [ [ [ -73.996772, 40.725432 ], [ -73.992604, 40.724136 ], [ -73.991794, 40.726391 ], [ -73.991548, 40.727089 ], [ -73.994252, 40.728412 ], [ -73.996772, 40.725432 ] ] ] } },
{ "type": "Feature", "properties": { "GEOID": "36061006100", "gi_z": 4.16, "borough": "Manhattan", "pop": 5319.0, "incidents": 1056, "lisa": "High-High" }, "geometry": { "type": "Polygon", "coordinates": [ [ [ -73.993617, 40.736005 ], [ -73.995489, 40.733437 ], [ -73.99146, 40.731738 ], [ -73.99039, 40.731289 ], [ -73.989903, 40.734435 ], [ -73.993617, 40.736005 ] ] ] } },
{ "type": "Feature", "properties": { "GEOID": "36061023802", "gi_z": -1.56, "borough": "Manhattan", "pop": 4704.0, "incidents": 37, "lisa": "Low-Low" }, "geometry": { "type": "Polygon", "coordinates": [ [ [ -73.949972, 40.763646 ], [ -73.944715, 40.762879 ], [ -73.941312, 40.766918 ], [ -73.934956, 40.77173 ], [ -73.937466, 40.772504 ], [ -73.94019, 40.772955 ], [ -73.945138, 40.769107 ], [ -73.94773, 40.766084 ], [ -73.949972, 40.763646 ] ] ] } },
{ "type": "Feature", "properties": { "GEOID": "36005003700", "gi_z": 2.94, "borough": "Bronx", "pop": 418.0, "incidents": 209, "lisa": "High-High" }, "geometry": { "type": "Polygon", "coordinates": [ [ [ -73.914847, 40.810994 ], [ -73.915178, 40.810427 ], [ -73.910693, 40.808809 ], [ -73.910948, 40.813621 ], [ -73.912954, 40.814269 ], [ -73.914847, 40.810994 ] ] ] } },
{ "type": "Feature", "properties": { "GEOID": "36005040502", "gi_z": 2.66, "borough": "Bronx", "pop": 5615.0, "incidents": 223, "lisa": "High-High" }, "geometry": { "type": "Polygon", "coordinates": [ [ [ -73.892132, 40.864633 ], [ -73.890161, 40.863477 ], [ -73.885937, 40.865924 ], [ -73.888314, 40.868547 ], [ -73.892132, 40.864633 ] ] ] } },
{ "type": "Feature", "properties": { "GEOID": "36047079601", "gi_z": -0.41, "borough": "Brooklyn", "pop": 3232.0, "incidents": 85, "lisa": "Not significant" }, "geometry": { "type": "Polygon", "coordinates": [ [ [ -73.960426, 40.658072 ], [ -73.959861, 40.655635 ], [ -73.959696, 40.654839 ], [ -73.9563, 40.655049 ], [ -73.956388, 40.655875 ], [ -73.956649, 40.658306 ], [ -73.960426, 40.658072 ] ] ] } },
{ "type": "Feature", "properties": { "GEOID": "36081071305", "gi_z": -0.72, "borough": "Queens", "pop": 6007.0, "incidents": 61, "lisa": "Not significant" }, "geometry": { "type": "Polygon", "coordinates": [ [ [ -73.852448, 40.726705 ], [ -73.854542, 40.723726 ], [ -73.84733, 40.722933 ], [ -73.852448, 40.726705 ] ] ] } },
{ "type": "Feature", "properties": { "GEOID": "36081044301", "gi_z": 0.37, "borough": "Queens", "pop": 4217.0, "incidents": 221, "lisa": "Not significant" }, "geometry": { "type": "Polygon", "coordinates": [ [ [ -73.862666, 40.74341 ], [ -73.86241, 40.74289 ], [ -73.860072, 40.738373 ], [ -73.856454, 40.740363 ], [ -73.859449, 40.743036 ], [ -73.862666, 40.74341 ] ] ] } },
{ "type": "Feature", "properties": { "GEOID": "36081129103", "gi_z": -1.07, "borough": "Queens", "pop": 4179.0, "incidents": 69, "lisa": "Not significant" }, "geometry": { "type": "Polygon", "coordinates": [ [ [ -73.763609, 40.739175 ], [ -73.7637, 40.732864 ], [ -73.755196, 40.734302 ], [ -73.757353, 40.741116 ], [ -73.763609, 40.739175 ] ] ] } },
{ "type": "Feature", "properties": { "GEOID": "36085019800", "gi_z": -1.94, "borough": "Staten Island", "pop": 7350.0, "incidents": 89, "lisa": "Low-Low" }, "geometry": { "type": "Polygon", "coordinates": [ [ [ -74.22691, 40.519172 ], [ -74.223215, 40.508659 ], [ -74.221909068509802, 40.502397307787305 ], [ -74.219787, 40.502603 ], [ -74.208899, 40.511462 ], [ -74.200783, 40.513207 ], [ -74.194803, 40.510141 ], [ -74.1845, 40.519459 ], [ -74.177976285961506, 40.519609456989023 ], [ -74.179339, 40.522514 ], [ -74.183824, 40.520855 ], [ -74.191744, 40.531917 ], [ -74.201171, 40.526754 ], [ -74.214098, 40.524098 ], [ -74.217356, 40.52093 ], [ -74.223735, 40.518203 ], [ -74.22691, 40.519172 ] ] ] } },
{ "type": "Feature", "properties": { "GEOID": "36047011700", "gi_z": -1.19, "borough": "Brooklyn", "pop": 2792.0, "incidents": 115, "lisa": "Not significant" }, "geometry": { "type": "Polygon", "coordinates": [ [ [ -73.994384, 40.671403 ], [ -73.996528, 40.668894 ], [ -73.994845, 40.666805 ], [ -73.99277, 40.665507 ], [ -73.991734, 40.666736 ], [ -73.99073, 40.667941 ], [ -73.989723, 40.669146 ], [ -73.994384, 40.671403 ] ] ] } },
{ "type": "Feature", "properties": { "GEOID": "36047012901", "gi_z": 1.15, "borough": "Brooklyn", "pop": 2539.0, "incidents": 338, "lisa": "Not significant" }, "geometry": { "type": "Polygon", "coordinates": [ [ [ -73.979605, 40.682489 ], [ -73.981324, 40.679952 ], [ -73.978676, 40.679047 ], [ -73.977457, 40.684052 ], [ -73.978026, 40.684864 ], [ -73.979605, 40.682489 ] ] ] } },
{ "type": "Feature", "properties": { "GEOID": "36005046208", "gi_z": 2.22, "borough": "Bronx", "pop": 5145.0, "incidents": 345, "lisa": "High-High" }, "geometry": { "type": "Polygon", "coordinates": [ [ [ -73.843241, 40.879109 ], [ -73.839248, 40.876619 ], [ -73.837402, 40.871109 ], [ -73.83273, 40.868457 ], [ -73.834881, 40.875505 ], [ -73.834, 40.878388 ], [ -73.838743, 40.881266 ], [ -73.843241, 40.879109 ] ] ] } },
{ "type": "Feature", "properties": { "GEOID": "36005018502", "gi_z": 4.09, "borough": "Bronx", "pop": 5525.0, "incidents": 434, "lisa": "High-High" }, "geometry": { "type": "Polygon", "coordinates": [ [ [ -73.906571, 40.829452 ], [ -73.908709, 40.824067 ], [ -73.908418, 40.822181 ], [ -73.906457, 40.821715 ], [ -73.904922, 40.825287 ], [ -73.902275, 40.829637 ], [ -73.904506, 40.830625 ], [ -73.906571, 40.829452 ] ] ] } },
{ "type": "Feature", "properties": { "GEOID": "36061021600", "gi_z": 1.05, "borough": "Manhattan", "pop": 8912.0, "incidents": 386, "lisa": "Not significant" }, "geometry": { "type": "Polygon", "coordinates": [ [ [ -73.956321, 40.803115 ], [ -73.958195, 40.800553 ], [ -73.952483, 40.798253 ], [ -73.950636, 40.80072 ], [ -73.956321, 40.803115 ] ] ] } },
{ "type": "Feature", "properties": { "GEOID": "36061015801", "gi_z": -0.64, "borough": "Manhattan", "pop": 5188.0, "incidents": 191, "lisa": "Not significant" }, "geometry": { "type": "Polygon", "coordinates": [ [ [ -73.952551, 40.786549 ], [ -73.954877, 40.783363 ], [ -73.951659, 40.782008 ], [ -73.950282, 40.783891 ], [ -73.949332, 40.785194 ], [ -73.952551, 40.786549 ] ] ] } },
{ "type": "Feature", "properties": { "GEOID": "36061016300", "gi_z": 1.14, "borough": "Manhattan", "pop": 7253.0, "incidents": 193, "lisa": "Not significant" }, "geometry": { "type": "Polygon", "coordinates": [ [ [ -73.991405036777493, 40.788603005923285 ], [ -73.994866853107595, 40.783838879394601 ], [ -73.985679, 40.780313 ], [ -73.980673, 40.779925 ], [ -73.978823, 40.782465 ], [ -73.991405036777493, 40.788603005923285 ] ] ] } },
{ "type": "Feature", "properties": { "GEOID": "36061022301", "gi_z": 2.28, "borough": "Manhattan", "pop": 7226.0, "incidents": 373, "lisa": "High-High" }, "geometry": { "type": "Polygon", "coordinates": [ [ [ -73.963657546337004, 40.826298288308287 ], [ -73.965091811046506, 40.824483504390209 ], [ -73.955451, 40.819377 ], [ -73.952721, 40.818236 ], [ -73.9522, 40.81895 ], [ -73.950829, 40.820829 ], [ -73.963657546337004, 40.826298288308287 ] ] ] } },
{ "type": "Feature", "properties": { "GEOID": "36061014900", "gi_z": -0.17, "borough": "Manhattan", "pop": 6074.0, "incidents": 133, "lisa": "Not significant" }, "geometry": { "type": "Polygon", "coordinates": [ [ [ -73.984412, 40.774808 ], [ -73.986238, 40.772299 ], [ -73.980564, 40.769905 ], [ -73.978728, 40.772417 ], [ -73.981573, 40.773602 ], [ -73.984412, 40.774808 ] ] ] } },
{ "type": "Feature", "properties": { "GEOID": "36085017701", "gi_z": -2.27, "borough": "Staten Island", "pop": 4246.0, "incidents": 49, "lisa": "Low-Low" }, "geometry": { "type": "Polygon", "coordinates": [ [ [ -74.121339, 40.609684 ], [ -74.12117, 40.608834 ], [ -74.11596, 40.607452 ], [ -74.114871, 40.602137 ], [ -74.111302, 40.598208 ], [ -74.110641, 40.593252 ], [ -74.10688, 40.590376 ], [ -74.100905, 40.59102 ], [ -74.100817, 40.592668 ], [ -74.104272, 40.595264 ], [ -74.097546, 40.601985 ], [ -74.092609, 40.60323 ], [ -74.090568, 40.609002 ], [ -74.097658, 40.610503 ], [ -74.110535, 40.610254 ], [ -74.115014, 40.61108 ], [ -74.121339, 40.609684 ] ] ] } },
{ "type": "Feature", "properties": { "GEOID": "36005043102", "gi_z": 1.54, "borough": "Bronx", "pop": 4458.0, "incidents": 155, "lisa": "Not significant" }, "geometry": { "type": "Polygon", "coordinates": [ [ [ -73.878126, 40.882154 ], [ -73.878487, 40.881076 ], [ -73.876781, 40.880259 ], [ -73.874387, 40.879055 ], [ -73.871596, 40.878646 ], [ -73.870944, 40.878511 ], [ -73.87092, 40.880258 ], [ -73.878126, 40.882154 ] ] ] } },
{ "type": "Feature", "properties": { "GEOID": "36061005900", "gi_z": 5.38, "borough": "Manhattan", "pop": 5120.0, "incidents": 374, "lisa": "High-High" }, "geometry": { "type": "Polygon", "coordinates": [ [ [ -73.995489, 40.733437 ], [ -73.996974, 40.731409 ], [ -73.996572, 40.729552 ], [ -73.995061, 40.72881 ], [ -73.99146, 40.731738 ], [ -73.995489, 40.733437 ] ] ] } },
{ "type": "Feature", "properties": { "GEOID": "36061005800", "gi_z": 6.26, "borough": "Manhattan", "pop": 3986.0, "incidents": 327, "lisa": "High-High" }, "geometry": { "type": "Polygon", "coordinates": [ [ [ -73.993292, 40.742233 ], [ -73.993739, 40.741617 ], [ -73.990518, 40.740262 ], [ -73.987298, 40.744682 ], [ -73.990518, 40.746038 ], [ -73.991419, 40.744802 ], [ -73.993292, 40.742233 ] ] ] } },
{ "type": "Feature", "properties": { "GEOID": "36047070601", "gi_z": -1.08, "borough": "Brooklyn", "pop": 2437.0, "incidents": 42, "lisa": "Not significant" }, "geometry": { "type": "Polygon", "coordinates": [ [ [ -73.908928, 40.618877 ], [ -73.91026, 40.61778 ], [ -73.904927, 40.613237 ], [ -73.901373, 40.613278 ], [ -73.89835, 40.61731 ], [ -73.901989, 40.620563 ], [ -73.902744, 40.620068 ], [ -73.908928, 40.618877 ] ] ] } },
{ "type": "Feature", "properties": { "GEOID": "36047014700", "gi_z": -1.2, "borough": "Brooklyn", "pop": 2373.0, "incidents": 53, "lisa": "Not significant" }, "geometry": { "type": "Polygon", "coordinates": [ [ [ -73.990635, 40.660579 ], [ -73.992383, 40.658899 ], [ -73.988428, 40.65925 ], [ -73.987296, 40.660442 ], [ -73.988769, 40.662432 ], [ -73.990635, 40.660579 ] ] ] } },
{ "type": "Feature", "properties": { "GEOID": "36081025800", "gi_z": -1.07, "borough": "Queens", "pop": 2693.0, "incidents": 97, "lisa": "Not significant" }, "geometry": { "type": "Polygon", "coordinates": [ [ [ -73.786901, 40.698386 ], [ -73.791247, 40.696565 ], [ -73.788931, 40.693398 ], [ -73.782771, 40.695995 ], [ -73.786901, 40.698386 ] ] ] } },
{ "type": "Feature", "properties": { "GEOID": "36081026400", "gi_z": -1.85, "borough": "Queens", "pop": 2479.0, "incidents": 78, "lisa": "Low-Low" }, "geometry": { "type": "Polygon", "coordinates": [ [ [ -73.789796, 40.69096 ], [ -73.786439, 40.688782 ], [ -73.783266, 40.689994 ], [ -73.785299, 40.692857 ], [ -73.781464, 40.69447 ], [ -73.782771, 40.695995 ], [ -73.788931, 40.693398 ], [ -73.789796, 40.69096 ] ] ] } },
{ "type": "Feature", "properties": { "GEOID": "36081052800", "gi_z": -1.52, "borough": "Queens", "pop": 1577.0, "incidents": 31, "lisa": "Low-Low" }, "geometry": { "type": "Polygon", "coordinates": [ [ [ -73.76198, 40.694591 ], [ -73.762385, 40.691668 ], [ -73.755082, 40.69366 ], [ -73.75484, 40.693728 ], [ -73.756442, 40.697286 ], [ -73.75733, 40.697053 ], [ -73.76198, 40.694591 ] ] ] } },
{ "type": "Feature", "properties": { "GEOID": "36047026100", "gi_z": -0.24, "borough": "Brooklyn", "pop": 5743.0, "incidents": 171, "lisa": "Not significant" }, "geometry": { "type": "Polygon", "coordinates": [ [ [ -73.948914, 40.693905 ], [ -73.948185, 40.690242 ], [ -73.942516, 40.690892 ], [ -73.9431, 40.693823 ], [ -73.943243, 40.694558 ], [ -73.948914, 40.693905 ] ] ] } },
{ "type": "Feature", "properties": { "GEOID": "36047029600", "gi_z": -1.06, "borough": "Brooklyn", "pop": 6463.0, "incidents": 138, "lisa": "Not significant" }, "geometry": { "type": "Polygon", "coordinates": [ [ [ -73.99734, 40.598552 ], [ -73.995225, 40.597093 ], [ -73.993363, 40.598889 ], [ -73.991599, 40.600581 ], [ -73.988643, 40.603421 ], [ -73.990873, 40.60477 ], [ -73.995594, 40.600233 ], [ -73.99734, 40.598552 ] ] ] } },
{ "type": "Feature", "properties": { "GEOID": "36047031500", "gi_z": 0.32, "borough": "Brooklyn", "pop": 5179.0, "incidents": 269, "lisa": "Not significant" }, "geometry": { "type": "Polygon", "coordinates": [ [ [ -73.953005, 40.678815 ], [ -73.952768, 40.675355 ], [ -73.94723, 40.675053 ], [ -73.946911, 40.678392 ], [ -73.953005, 40.678815 ] ] ] } },
{ "type": "Feature", "properties": { "GEOID": "36081048500", "gi_z": -0.55, "borough": "Queens", "pop": 5205.0, "incidents": 134, "lisa": "Not significant" }, "geometry": { "type": "Polygon", "coordinates": [ [ [ -73.890887, 40.740687 ], [ -73.894685, 40.740233 ], [ -73.887253, 40.738836 ], [ -73.881785, 40.737807 ], [ -73.877431, 40.738601 ], [ -73.880278, 40.741297 ], [ -73.881004, 40.741841 ], [ -73.887511, 40.741083 ], [ -73.890887, 40.740687 ] ] ] } },
{ "type": "Feature", "properties": { "GEOID": "36081049700", "gi_z": -0.76, "borough": "Queens", "pop": 2693.0, "incidents": 49, "lisa": "Not significant" }, "geometry": { "type": "Polygon", "coordinates": [ [ [ -73.892334, 40.731159 ], [ -73.88806, 40.730087 ], [ -73.888566, 40.734592 ], [ -73.89175, 40.734485 ], [ -73.892334, 40.731159 ] ] ] } },
{ "type": "Feature", "properties": { "GEOID": "36081155103", "gi_z": -1.55, "borough": "Queens", "pop": 4328.0, "incidents": 36, "lisa": "Low-Low" }, "geometry": { "type": "Polygon", "coordinates": [ [ [ -73.728649, 40.748068 ], [ -73.72768, 40.749639 ], [ -73.719887, 40.74937 ], [ -73.718944, 40.746944 ], [ -73.712769, 40.751912 ], [ -73.715411, 40.755678 ], [ -73.721489, 40.756427 ], [ -73.725764, 40.752189 ], [ -73.727962, 40.750026 ], [ -73.728649, 40.748068 ] ] ] } },
{ "type": "Feature", "properties": { "GEOID": "36081053501", "gi_z": -1.26, "borough": "Queens", "pop": 1162.0, "incidents": 44, "lisa": "Not significant" }, "geometry": { "type": "Polygon", "coordinates": [ [ [ -73.915663, 40.713469 ], [ -73.91467, 40.713437 ], [ -73.913038, 40.713332 ], [ -73.910778, 40.713188 ], [ -73.90966, 40.717793 ], [ -73.911321, 40.719624 ], [ -73.915167, 40.718555 ], [ -73.915663, 40.713469 ] ] ] } },
{ "type": "Feature", "properties": { "GEOID": "36047049302", "gi_z": 0.14, "borough": "Brooklyn", "pop": 4714.0, "incidents": 186, "lisa": "Not significant" }, "geometry": { "type": "Polygon", "coordinates": [ [ [ -73.94344, 40.708781 ], [ -73.94285, 40.705182 ], [ -73.94103, 40.704637 ], [ -73.939313, 40.704815 ], [ -73.940076, 40.709102 ], [ -73.94344, 40.708781 ] ] ] } },
{ "type": "Feature", "properties": { "GEOID": "36047120802", "gi_z": 0.01, "borough": "Brooklyn", "pop": 5247.0, "incidents": 35, "lisa": "Not significant" }, "geometry": { "type": "Polygon", "coordinates": [ [ [ -73.866668, 40.673544 ], [ -73.865554, 40.669122 ], [ -73.862845, 40.669522 ], [ -73.863919, 40.673942 ], [ -73.866668, 40.673544 ] ] ] } },
{ "type": "Feature", "properties": { "GEOID": "36047010401", "gi_z": -0.24, "borough": "Brooklyn", "pop": 2060.0, "incidents": 157, "lisa": "Not significant" }, "geometry": { "type": "Polygon", "coordinates": [ [ [ -74.009409, 40.639085 ], [ -74.01176, 40.636823 ], [ -74.009557, 40.635493 ], [ -74.007206, 40.637755 ], [ -74.009409, 40.639085 ] ] ] } },
{ "type": "Feature", "properties": { "GEOID": "36061009903", "gi_z": 4.16, "borough": "Manhattan", "pop": 1465.0, "incidents": 354, "lisa": "High-High" }, "geometry": { "type": "Polygon", "coordinates": [ [ [ -74.010234957836204, 40.762746982165694 ], [ -74.0142468634549, 40.756655747290296 ], [ -74.000975, 40.752055 ], [ -73.999143, 40.754585 ], [ -73.997306, 40.75711 ], [ -74.010234957836204, 40.762746982165694 ] ] ] } },
{ "type": "Feature", "properties": { "GEOID": "36061013501", "gi_z": 3.05, "borough": "Manhattan", "pop": 4872.0, "incidents": 164, "lisa": "Low-High" }, "geometry": { "type": "Polygon", "coordinates": [ [ [ -74.002953334774105, 40.772719244448012 ], [ -74.004653254495906, 40.770391185829801 ], [ -73.991788, 40.764684 ], [ -73.989964, 40.767188 ], [ -74.002953334774105, 40.772719244448012 ] ] ] } },
{ "type": "Feature", "properties": { "GEOID": "36047107001", "gi_z": 2.11, "borough": "Brooklyn", "pop": 4672.0, "incidents": 497, "lisa": "Not significant" }, "geometry": { "type": "Polygon", "coordinates": [ [ [ -73.867181, 40.660452 ], [ -73.879733, 40.655563 ], [ -73.873384, 40.646821 ], [ -73.860483, 40.654659 ], [ -73.860676, 40.654868 ], [ -73.863815, 40.656029 ], [ -73.867181, 40.660452 ] ] ] } },
{ "type": "Feature", "properties": { "GEOID": "36081027302", "gi_z": 2.23, "borough": "Queens", "pop": 3813.0, "incidents": 298, "lisa": "High-High" }, "geometry": { "type": "Polygon", "coordinates": [ [ [ -73.875139, 40.756634 ], [ -73.874455, 40.752859 ], [ -73.870842, 40.751545 ], [ -73.873657, 40.756804 ], [ -73.875139, 40.756634 ] ] ] } },
{ "type": "Feature", "properties": { "GEOID": "36081122703", "gi_z": -0.36, "borough": "Queens", "pop": 5896.0, "incidents": 120, "lisa": "Not significant" }, "geometry": { "type": "Polygon", "coordinates": [ [ [ -73.809414, 40.738603 ], [ -73.810772, 40.732326 ], [ -73.804063, 40.731638 ], [ -73.804667, 40.738445 ], [ -73.809414, 40.738603 ] ] ] } },
{ "type": "Feature", "properties": { "GEOID": "36081001902", "gi_z": 2.27, "borough": "Queens", "pop": 6561.0, "incidents": 570, "lisa": "Not significant" }, "geometry": { "type": "Polygon", "coordinates": [ [ [ -73.940513, 40.750856 ], [ -73.943842, 40.74743 ], [ -73.939965, 40.745745 ], [ -73.936835, 40.748395 ], [ -73.940513, 40.750856 ] ] ] } },
{ "type": "Feature", "properties": { "GEOID": "36047053102", "gi_z": -1.07, "borough": "Brooklyn", "pop": 7846.0, "incidents": 44, "lisa": "Not significant" }, "geometry": { "type": "Polygon", "coordinates": [ [ [ -73.957167, 40.699708 ], [ -73.95702, 40.698974 ], [ -73.95337, 40.699405 ], [ -73.950091, 40.699791 ], [ -73.951288, 40.700922 ], [ -73.952551, 40.702051 ], [ -73.957167, 40.699708 ] ] ] } },
{ "type": "Feature", "properties": { "GEOID": "36047000501", "gi_z": -0.86, "borough": "Brooklyn", "pop": 4541.0, "incidents": 34, "lisa": "Not significant" }, "geometry": { "type": "Polygon", "coordinates": [ [ [ -73.994292, 40.698535 ], [ -73.996716, 40.693439 ], [ -73.99508, 40.693147 ], [ -73.99302, 40.69746 ], [ -73.994292, 40.698535 ] ] ] } },
{ "type": "Feature", "properties": { "GEOID": "36047037402", "gi_z": 0.56, "borough": "Brooklyn", "pop": 5843.0, "incidents": 114, "lisa": "Not significant" }, "geometry": { "type": "Polygon", "coordinates": [ [ [ -73.974217, 40.590111 ], [ -73.974638, 40.583114 ], [ -73.969063, 40.584 ], [ -73.970224, 40.59054 ], [ -73.971151, 40.590443 ], [ -73.974217, 40.590111 ] ] ] } },
{ "type": "Feature", "properties": { "GEOID": "36047061003", "gi_z": -0.09, "borough": "Brooklyn", "pop": 2038.0, "incidents": 34, "lisa": "Not significant" }, "geometry": { "type": "Polygon", "coordinates": [ [ [ -73.960027, 40.583209 ], [ -73.959943, 40.581959 ], [ -73.959801, 40.58008 ], [ -73.959663, 40.578366 ], [ -73.956536, 40.582659 ], [ -73.960027, 40.583209 ] ] ] } },
{ "type": "Feature", "properties": { "GEOID": "36047015100", "gi_z": -1.44, "borough": "Brooklyn", "pop": 4060.0, "incidents": 60, "lisa": "Low-Low" }, "geometry": { "type": "Polygon", "coordinates": [ [ [ -73.983943, 40.66803 ], [ -73.985948, 40.66563 ], [ -73.981225, 40.663347 ], [ -73.979224, 40.665749 ], [ -73.983943, 40.66803 ] ] ] } },
{ "type": "Feature", "properties": { "GEOID": "36047020500", "gi_z": -0.71, "borough": "Brooklyn", "pop": 3834.0, "incidents": 74, "lisa": "Not significant" }, "geometry": { "type": "Polygon", "coordinates": [ [ [ -73.968227, 40.679422 ], [ -73.969178, 40.676785 ], [ -73.963331, 40.675561 ], [ -73.963183, 40.675529 ], [ -73.962229, 40.678166 ], [ -73.968227, 40.679422 ] ] ] } },
{ "type": "Feature", "properties": { "GEOID": "36047017900", "gi_z": 0.59, "borough": "Brooklyn", "pop": 4183.0, "incidents": 118, "lisa": "Not significant" }, "geometry": { "type": "Polygon", "coordinates": [ [ [ -73.974281, 40.685513 ], [ -73.97378, 40.683061 ], [ -73.97064, 40.682414 ], [ -73.968664, 40.682 ], [ -73.96949, 40.686288 ], [ -73.974281, 40.685513 ] ] ] } },
{ "type": "Feature", "properties": { "GEOID": "36047008400", "gi_z": 0.44, "borough": "Brooklyn", "pop": 2994.0, "incidents": 318, "lisa": "Not significant" }, "geometry": { "type": "Polygon", "coordinates": [ [ [ -74.006231, 40.6554 ], [ -74.008545, 40.6532 ], [ -74.00449, 40.650706 ], [ -74.002144, 40.652956 ], [ -74.000413, 40.654629 ], [ -74.004465, 40.657072 ], [ -74.006231, 40.6554 ] ] ] } },
{ "type": "Feature", "properties": { "GEOID": "36047013400", "gi_z": -1.29, "borough": "Brooklyn", "pop": 4209.0, "incidents": 115, "lisa": "Not significant" }, "geometry": { "type": "Polygon", "coordinates": [ [ [ -74.02452, 40.632167 ], [ -74.025361, 40.630109 ], [ -74.017842, 40.626591 ], [ -74.016048, 40.631033 ], [ -74.01853, 40.632334 ], [ -74.02452, 40.632167 ] ] ] } },
{ "type": "Feature", "properties": { "GEOID": "36047025800", "gi_z": -1.05, "borough": "Brooklyn", "pop": 4068.0, "incidents": 84, "lisa": "Not significant" }, "geometry": { "type": "Polygon", "coordinates": [ [ [ -73.989851, 40.61613 ], [ -73.991598, 40.614452 ], [ -73.984963, 40.610448 ], [ -73.983222, 40.612122 ], [ -73.989851, 40.61613 ] ] ] } },
{ "type": "Feature", "properties": { "GEOID": "36047026900", "gi_z": 0.7, "borough": "Brooklyn", "pop": 3444.0, "incidents": 231, "lisa": "Not significant" }, "geometry": { "type": "Polygon", "coordinates": [ [ [ -73.94658, 40.682181 ], [ -73.946274, 40.680213 ], [ -73.943973, 40.680088 ], [ -73.940328, 40.67989 ], [ -73.940769, 40.6821 ], [ -73.940914, 40.682833 ], [ -73.94658, 40.682181 ] ] ] } },
{ "type": "Feature", "properties": { "GEOID": "36047028200", "gi_z": -0.85, "borough": "Brooklyn", "pop": 3239.0, "incidents": 160, "lisa": "Not significant" }, "geometry": { "type": "Polygon", "coordinates": [ [ [ -74.007563777781797, 40.598822486676312 ], [ -74.005504366790205, 40.597617968089807 ], [ -74.004948, 40.598172 ], [ -74.000324, 40.60262 ], [ -74.00263, 40.603847 ], [ -74.007563777781797, 40.598822486676312 ] ] ] } },
{ "type": "Feature", "properties": { "GEOID": "36047036900", "gi_z": 0.98, "borough": "Brooklyn", "pop": 5626.0, "incidents": 311, "lisa": "Not significant" }, "geometry": { "type": "Polygon", "coordinates": [ [ [ -73.911664, 40.682446 ], [ -73.910799, 40.678278 ], [ -73.910926, 40.676345 ], [ -73.908088, 40.67619 ], [ -73.905493, 40.680037 ], [ -73.908517, 40.681804 ], [ -73.911512, 40.683505 ], [ -73.911664, 40.682446 ] ] ] } },
{ "type": "Feature", "properties": { "GEOID": "36047044600", "gi_z": -1.5, "borough": "Brooklyn", "pop": 2123.0, "incidents": 66, "lisa": "Low-Low" }, "geometry": { "type": "Polygon", "coordinates": [ [ [ -73.97785, 40.617287 ], [ -73.979638, 40.615565 ], [ -73.974777, 40.612638 ], [ -73.972903, 40.614153 ], [ -73.973358, 40.616541 ], [ -73.97785, 40.617287 ] ] ] } },
{ "type": "Feature", "properties": { "GEOID": "36047043900", "gi_z": 1.83, "borough": "Brooklyn", "pop": 4172.0, "incidents": 500, "lisa": "Not significant" }, "geometry": { "type": "Polygon", "coordinates": [ [ [ -73.914061, 40.698838 ], [ -73.912556, 40.697982 ], [ -73.908799, 40.695845 ], [ -73.9058, 40.694128 ], [ -73.906117, 40.69675 ], [ -73.911036, 40.699532 ], [ -73.910679, 40.701046 ], [ -73.911422, 40.701487 ], [ -73.914061, 40.698838 ] ] ] } },
{ "type": "Feature", "properties": { "GEOID": "36047052600", "gi_z": -0.85, "borough": "Brooklyn", "pop": 3938.0, "incidents": 81, "lisa": "Not significant" }, "geometry": { "type": "Polygon", "coordinates": [ [ [ -73.968791, 40.639256 ], [ -73.968039, 40.636651 ], [ -73.966777, 40.632295 ], [ -73.964805, 40.633249 ], [ -73.966174, 40.640431 ], [ -73.968791, 40.639256 ] ] ] } },
{ "type": "Feature", "properties": { "GEOID": "36047059300", "gi_z": -0.64, "borough": "Brooklyn", "pop": 2669.0, "incidents": 87, "lisa": "Not significant" }, "geometry": { "type": "Polygon", "coordinates": [ [ [ -73.941043, 40.727841 ], [ -73.940738, 40.725973 ], [ -73.940221, 40.722892 ], [ -73.936764, 40.724839 ], [ -73.941043, 40.727841 ] ] ] } },
{ "type": "Feature", "properties": { "GEOID": "36047065400", "gi_z": -2.12, "borough": "Brooklyn", "pop": 1654.0, "incidents": 33, "lisa": "Low-Low" }, "geometry": { "type": "Polygon", "coordinates": [ [ [ -73.933917, 40.616508 ], [ -73.935348, 40.615584 ], [ -73.93316, 40.611381 ], [ -73.931345, 40.609747 ], [ -73.92846, 40.611613 ], [ -73.933917, 40.616508 ] ] ] } },
{ "type": "Feature", "properties": { "GEOID": "36047085400", "gi_z": -0.96, "borough": "Brooklyn", "pop": 2062.0, "incidents": 49, "lisa": "Not significant" }, "geometry": { "type": "Polygon", "coordinates": [ [ [ -73.946073, 40.645312 ], [ -73.945869, 40.643424 ], [ -73.943965, 40.643543 ], [ -73.940159, 40.64378 ], [ -73.937284, 40.643958 ], [ -73.937383, 40.644905 ], [ -73.942608, 40.644662 ], [ -73.943374, 40.647115 ], [ -73.946073, 40.645312 ] ] ] } },
{ "type": "Feature", "properties": { "GEOID": "36047074400", "gi_z": -1.5, "borough": "Brooklyn", "pop": 2648.0, "incidents": 39, "lisa": "Low-Low" }, "geometry": { "type": "Polygon", "coordinates": [ [ [ -73.945425, 40.624496 ], [ -73.944518, 40.619714 ], [ -73.940805, 40.620125 ], [ -73.941681, 40.624907 ], [ -73.942645, 40.6248 ], [ -73.945425, 40.624496 ] ] ] } },
{ "type": "Feature", "properties": { "GEOID": "36047100800", "gi_z": -2.0, "borough": "Brooklyn", "pop": 2161.0, "incidents": 50, "lisa": "Low-Low" }, "geometry": { "type": "Polygon", "coordinates": [ [ [ -73.901264, 40.634818 ], [ -73.897629, 40.631553 ], [ -73.89686, 40.63205 ], [ -73.89476, 40.633405 ], [ -73.8983, 40.636736 ], [ -73.901264, 40.634818 ] ] ] } },
{ "type": "Feature", "properties": { "GEOID": "36047089000", "gi_z": 0.69, "borough": "Brooklyn", "pop": 7674.0, "incidents": 318, "lisa": "Not significant" }, "geometry": { "type": "Polygon", "coordinates": [ [ [ -73.918299, 40.661162 ], [ -73.920082, 40.659858 ], [ -73.918147, 40.656766 ], [ -73.913744, 40.654169 ], [ -73.909726, 40.654313 ], [ -73.910123, 40.655852 ], [ -73.915567, 40.658393 ], [ -73.918299, 40.661162 ] ] ] } },
{ "type": "Feature", "properties": { "GEOID": "36047114201", "gi_z": 1.82, "borough": "Brooklyn", "pop": 1548.0, "incidents": 107, "lisa": "Low-High" }, "geometry": { "type": "Polygon", "coordinates": [ [ [ -73.904046, 40.67922 ], [ -73.89999, 40.6769 ], [ -73.896537, 40.678594 ], [ -73.893185, 40.680161 ], [ -73.892523, 40.683424 ], [ -73.896518, 40.682397 ], [ -73.902622, 40.680664 ], [ -73.904046, 40.67922 ] ] ] } },
{ "type": "Feature", "properties": { "GEOID": "36005011900", "gi_z": 4.51, "borough": "Bronx", "pop": 5879.0, "incidents": 529, "lisa": "High-High" }, "geometry": { "type": "Polygon", "coordinates": [ [ [ -73.892005, 40.824723 ], [ -73.891615, 40.820985 ], [ -73.890824, 40.820307 ], [ -73.88797, 40.82226 ], [ -73.886613, 40.825329 ], [ -73.89139, 40.824941 ], [ -73.892005, 40.824723 ] ] ] } },
{ "type": "Feature", "properties": { "GEOID": "36005016100", "gi_z": 2.27, "borough": "Bronx", "pop": 4703.0, "incidents": 426, "lisa": "Not significant" }, "geometry": { "type": "Polygon", "coordinates": [ [ [ -73.887289, 40.838135 ], [ -73.888742, 40.835707 ], [ -73.882222, 40.835463 ], [ -73.882006, 40.83746 ], [ -73.886185, 40.840105 ], [ -73.886598, 40.839279 ], [ -73.887289, 40.838135 ] ] ] } },
{ "type": "Feature", "properties": { "GEOID": "36005028900", "gi_z": 1.38, "borough": "Bronx", "pop": 4461.0, "incidents": 243, "lisa": "Not significant" }, "geometry": { "type": "Polygon", "coordinates": [ [ [ -73.910537, 40.880569 ], [ -73.91031, 40.879047 ], [ -73.907198, 40.876389 ], [ -73.903937, 40.880134 ], [ -73.908012, 40.8824 ], [ -73.909336, 40.881346 ], [ -73.910537, 40.880569 ] ] ] } },
{ "type": "Feature", "properties": { "GEOID": "36005012101", "gi_z": 1.2, "borough": "Bronx", "pop": 3293.0, "incidents": 191, "lisa": "Not significant" }, "geometry": { "type": "Polygon", "coordinates": [ [ [ -73.890873, 40.830136 ], [ -73.890905, 40.826788 ], [ -73.887895, 40.826743 ], [ -73.886092, 40.827695 ], [ -73.890873, 40.830136 ] ] ] } },
{ "type": "Feature", "properties": { "GEOID": "36005040400", "gi_z": 0.76, "borough": "Bronx", "pop": 3408.0, "incidents": 200, "lisa": "Not significant" }, "geometry": { "type": "Polygon", "coordinates": [ [ [ -73.853153, 40.8888 ], [ -73.855104, 40.885271 ], [ -73.849735, 40.883555 ], [ -73.849278, 40.884242 ], [ -73.847444, 40.886978 ], [ -73.853153, 40.8888 ] ] ] } },
{ "type": "Feature", "properties": { "GEOID": "36005011701", "gi_z": 3.42, "borough": "Bronx", "pop": 1262.0, "incidents": 178, "lisa": "High-High" }, "geometry": { "type": "Polygon", "coordinates": [ [ [ -73.88338, 40.817351 ], [ -73.887996, 40.816664 ], [ -73.882025, 40.81083 ], [ -73.880413, 40.809393 ], [ -73.88338, 40.817351 ] ] ] } },
{ "type": "Feature", "properties": { "GEOID": "36005046203", "gi_z": -0.06, "borough": "Bronx", "pop": 6756.0, "incidents": 288, "lisa": "Not significant" }, "geometry": { "type": "Polygon", "coordinates": [ [ [ -73.832451, 40.880216 ], [ -73.828367, 40.876687 ], [ -73.824844, 40.875702 ], [ -73.825886, 40.870396 ], [ -73.821458, 40.868406 ], [ -73.820873, 40.868907 ], [ -73.823296, 40.873098 ], [ -73.819926, 40.88212 ], [ -73.819814, 40.885574 ], [ -73.821807, 40.886126 ], [ -73.832451, 40.880216 ] ] ] } },
{ "type": "Feature", "properties": { "GEOID": "36005006200", "gi_z": 2.34, "borough": "Bronx", "pop": 6363.0, "incidents": 246, "lisa": "High-High" }, "geometry": { "type": "Polygon", "coordinates": [ [ [ -73.879252, 40.834424 ], [ -73.876067, 40.831638 ], [ -73.875507, 40.829234 ], [ -73.873193, 40.829905 ], [ -73.873799, 40.835968 ], [ -73.873943, 40.83598 ], [ -73.879252, 40.834424 ] ] ] } },
{ "type": "Feature", "properties": { "GEOID": "36005042000", "gi_z": 1.38, "borough": "Bronx", "pop": 4660.0, "incidents": 295, "lisa": "Not significant" }, "geometry": { "type": "Polygon", "coordinates": [ [ [ -73.862652, 40.891822 ], [ -73.858908, 40.890632 ], [ -73.857368, 40.893394 ], [ -73.856956, 40.894168 ], [ -73.86136, 40.894663 ], [ -73.862652, 40.891822 ] ] ] } },
{ "type": "Feature", "properties": { "GEOID": "36005040701", "gi_z": 1.22, "borough": "Bronx", "pop": 2839.0, "incidents": 68, "lisa": "Not significant" }, "geometry": { "type": "Polygon", "coordinates": [ [ [ -73.893071, 40.871396 ], [ -73.890976, 40.870159 ], [ -73.887851, 40.872121 ], [ -73.889372, 40.873382 ], [ -73.893071, 40.871396 ] ] ] } },
{ "type": "Feature", "properties": { "GEOID": "36005006700", "gi_z": 4.44, "borough": "Bronx", "pop": 7664.0, "incidents": 436, "lisa": "High-High" }, "geometry": { "type": "Polygon", "coordinates": [ [ [ -73.920665, 40.821837 ], [ -73.922118, 40.818796 ], [ -73.915991, 40.817211 ], [ -73.91352, 40.819542 ], [ -73.92034, 40.822095 ], [ -73.920665, 40.821837 ] ] ] } },
{ "type": "Feature", "properties": { "GEOID": "36061025900", "gi_z": 1.75, "borough": "Manhattan", "pop": 4790.0, "incidents": 194, "lisa": "Not significant" }, "geometry": { "type": "Polygon", "coordinates": [ [ [ -73.945155, 40.820876 ], [ -73.943778, 40.820294 ], [ -73.943322, 40.820917 ], [ -73.941426, 40.823507 ], [ -73.939602, 40.826002 ], [ -73.940595, 40.826414 ], [ -73.942924, 40.82326 ], [ -73.945155, 40.820876 ] ] ] } },
{ "type": "Feature", "properties": { "GEOID": "36081019600", "gi_z": -1.52, "borough": "Queens", "pop": 3175.0, "incidents": 130, "lisa": "Low-Low" }, "geometry": { "type": "Polygon", "coordinates": [ [ [ -73.805046, 40.688982 ], [ -73.80415, 40.688388 ], [ -73.799135, 40.687182 ], [ -73.798286, 40.687524 ], [ -73.795615, 40.688657 ], [ -73.796647, 40.68985 ], [ -73.798031, 40.691621 ], [ -73.798823, 40.69248 ], [ -73.805046, 40.688982 ] ] ] } },
{ "type": "Feature", "properties": { "GEOID": "36081007100", "gi_z": -0.16, "borough": "Queens", "pop": 3488.0, "incidents": 152, "lisa": "Not significant" }, "geometry": { "type": "Polygon", "coordinates": [ [ [ -73.927807, 40.769889 ], [ -73.926473, 40.769271 ], [ -73.922189, 40.767267 ], [ -73.919778, 40.766152 ], [ -73.918116, 40.770029 ], [ -73.921242, 40.768378 ], [ -73.9259, 40.772262 ], [ -73.927807, 40.769889 ] ] ] } },
{ "type": "Feature", "properties": { "GEOID": "36081013700", "gi_z": -1.02, "borough": "Queens", "pop": 1874.0, "incidents": 118, "lisa": "Not significant" }, "geometry": { "type": "Polygon", "coordinates": [ [ [ -73.910241, 40.769427 ], [ -73.910942, 40.76885 ], [ -73.902025, 40.767417 ], [ -73.900659, 40.767211 ], [ -73.899616, 40.768304 ], [ -73.902476, 40.77032 ], [ -73.903191, 40.770825 ], [ -73.908217, 40.771085 ], [ -73.910241, 40.769427 ] ] ] } },
{ "type": "Feature", "properties": { "GEOID": "36081029500", "gi_z": -0.86, "borough": "Queens", "pop": 3527.0, "incidents": 89, "lisa": "Not significant" }, "geometry": { "type": "Polygon", "coordinates": [ [ [ -73.906315, 40.759844 ], [ -73.910231, 40.752977 ], [ -73.904917, 40.753505 ], [ -73.906315, 40.759844 ] ] ] } },
{ "type": "Feature", "properties": { "GEOID": "36081027500", "gi_z": 1.66, "borough": "Queens", "pop": 6454.0, "incidents": 314, "lisa": "Not significant" }, "geometry": { "type": "Polygon", "coordinates": [ [ [ -73.877247, 40.752568 ], [ -73.87648, 40.748416 ], [ -73.876252, 40.748439 ], [ -73.873701, 40.748717 ], [ -73.874455, 40.752859 ], [ -73.875139, 40.756634 ], [ -73.876998, 40.756439 ], [ -73.877247, 40.752568 ] ] ] } },
{ "type": "Feature", "properties": { "GEOID": "36081028500", "gi_z": 3.94, "borough": "Queens", "pop": 4811.0, "incidents": 274, "lisa": "High-High" }, "geometry": { "type": "Polygon", "coordinates": [ [ [ -73.888157, 40.755266 ], [ -73.887647, 40.747245 ], [ -73.885787, 40.74744 ], [ -73.886298, 40.75546 ], [ -73.888157, 40.755266 ] ] ] } },
{ "type": "Feature", "properties": { "GEOID": "36081036100", "gi_z": -0.12, "borough": "Queens", "pop": 2608.0, "incidents": 112, "lisa": "Not significant" }, "geometry": { "type": "Polygon", "coordinates": [ [ [ -73.875535, 40.764231 ], [ -73.875313, 40.763008 ], [ -73.873252, 40.762657 ], [ -73.872219, 40.756943 ], [ -73.871324, 40.757036 ], [ -73.870414, 40.757132 ], [ -73.871355, 40.762332 ], [ -73.871773, 40.764625 ], [ -73.875535, 40.764231 ] ] ] } },
{ "type": "Feature", "properties": { "GEOID": "36081043900", "gi_z": 0.36, "borough": "Queens", "pop": 4150.0, "incidents": 215, "lisa": "Not significant" }, "geometry": { "type": "Polygon", "coordinates": [ [ [ -73.858681, 40.744031 ], [ -73.859449, 40.743036 ], [ -73.856454, 40.740363 ], [ -73.853129, 40.739374 ], [ -73.852358, 40.741375 ], [ -73.858681, 40.744031 ] ] ] } },
{ "type": "Feature", "properties": { "GEOID": "36081059000", "gi_z": -1.95, "borough": "Queens", "pop": 1258.0, "incidents": 19, "lisa": "Low-Low" }, "geometry": { "type": "Polygon", "coordinates": [ [ [ -73.740777, 40.70268 ], [ -73.741395, 40.70133 ], [ -73.737489, 40.700214 ], [ -73.73397, 40.699151 ], [ -73.733419, 40.700992 ], [ -73.734304, 40.702478 ], [ -73.740777, 40.70268 ] ] ] } },
{ "type": "Feature", "properties": { "GEOID": "36081055900", "gi_z": -0.84, "borough": "Queens", "pop": 1129.0, "incidents": 106, "lisa": "Not significant" }, "geometry": { "type": "Polygon", "coordinates": [ [ [ -73.905043, 40.693704 ], [ -73.901241, 40.691438 ], [ -73.90003, 40.693437 ], [ -73.898886, 40.69539 ], [ -73.901219, 40.697171 ], [ -73.905043, 40.693704 ] ] ] } },
{ "type": "Feature", "properties": { "GEOID": "36081087100", "gi_z": 3.67, "borough": "Queens", "pop": 5400.0, "incidents": 678, "lisa": "High-High" }, "geometry": { "type": "Polygon", "coordinates": [ [ [ -73.836917, 40.762767 ], [ -73.837917, 40.754541 ], [ -73.833678, 40.756321 ], [ -73.829469, 40.758194 ], [ -73.826541, 40.760464 ], [ -73.827516, 40.762421 ], [ -73.834922, 40.760255 ], [ -73.836917, 40.762767 ] ] ] } },
{ "type": "Feature", "properties": { "GEOID": "36081077902", "gi_z": -0.77, "borough": "Queens", "pop": 5643.0, "incidents": 115, "lisa": "Not significant" }, "geometry": { "type": "Polygon", "coordinates": [ [ [ -73.8317, 40.728034 ], [ -73.827555, 40.724961 ], [ -73.825859, 40.720463 ], [ -73.819425, 40.721997 ], [ -73.821853, 40.726675 ], [ -73.823537, 40.729999 ], [ -73.8317, 40.728034 ] ] ] } },
{ "type": "Feature", "properties": { "GEOID": "36081130100", "gi_z": -1.28, "borough": "Queens", "pop": 4044.0, "incidents": 104, "lisa": "Not significant" }, "geometry": { "type": "Polygon", "coordinates": [ [ [ -73.746738, 40.732583 ], [ -73.742421, 40.729919 ], [ -73.737155, 40.728732 ], [ -73.735265, 40.733454 ], [ -73.733773, 40.738899 ], [ -73.741676, 40.736827 ], [ -73.746738, 40.732583 ] ] ] } },
{ "type": "Feature", "properties": { "GEOID": "36081099701", "gi_z": -1.46, "borough": "Queens", "pop": 2507.0, "incidents": 75, "lisa": "Low-Low" }, "geometry": { "type": "Polygon", "coordinates": [ [ [ -73.79494, 40.786275 ], [ -73.792713, 40.773788 ], [ -73.784593, 40.776141 ], [ -73.785422, 40.782385 ], [ -73.790583, 40.788129 ], [ -73.79494, 40.786275 ] ] ] } },
{ "type": "Feature", "properties": { "GEOID": "36081145102", "gi_z": -1.97, "borough": "Queens", "pop": 2361.0, "incidents": 59, "lisa": "Low-Low" }, "geometry": { "type": "Polygon", "coordinates": [ [ [ -73.782481, 40.755997 ], [ -73.780532, 40.753329 ], [ -73.778312, 40.748745 ], [ -73.774336, 40.74983 ], [ -73.775878, 40.753261 ], [ -73.777403, 40.758214 ], [ -73.782481, 40.755997 ] ] ] } },
{ "type": "Feature", "properties": { "GEOID": "36047079201", "gi_z": -0.66, "borough": "Brooklyn", "pop": 1382.0, "incidents": 114, "lisa": "Not significant" }, "geometry": { "type": "Polygon", "coordinates": [ [ [ -73.958107, 40.646518 ], [ -73.958022, 40.64507 ], [ -73.957919, 40.644143 ], [ -73.957637, 40.642689 ], [ -73.954525, 40.642887 ], [ -73.955652, 40.646631 ], [ -73.958107, 40.646518 ] ] ] } },
{ "type": "Feature", "properties": { "GEOID": "36047120801", "gi_z": 0.64, "borough": "Brooklyn", "pop": 4834.0, "incidents": 186, "lisa": "Not significant" }, "geometry": { "type": "Polygon", "coordinates": [ [ [ -73.871303, 40.672858 ], [ -73.870112, 40.668014 ], [ -73.86833, 40.668728 ], [ -73.865554, 40.669122 ], [ -73.866668, 40.673544 ], [ -73.869447, 40.673143 ], [ -73.871303, 40.672858 ] ] ] } },
{ "type": "Feature", "properties": { "GEOID": "36047001801", "gi_z": -0.39, "borough": "Brooklyn", "pop": 1588.0, "incidents": 84, "lisa": "Not significant" }, "geometry": { "type": "Polygon", "coordinates": [ [ [ -74.002189985184799, 40.667339739300822 ], [ -73.999994, 40.663822 ], [ -74.005301, 40.660312 ], [ -74.00273, 40.658785 ], [ -73.999301, 40.662157 ], [ -73.996958, 40.664393 ], [ -73.994845, 40.666805 ], [ -73.996528, 40.668894 ], [ -73.998619, 40.67183 ], [ -74.002189985184799, 40.667339739300822 ] ] ] } },
{ "type": "Feature", "properties": { "GEOID": "36005012901", "gi_z": 2.9, "borough": "Bronx", "pop": 4944.0, "incidents": 463, "lisa": "High-High" }, "geometry": { "type": "Polygon", "coordinates": [ [ [ -73.901176, 40.824389 ], [ -73.901292, 40.820475 ], [ -73.901602, 40.819695 ], [ -73.895861, 40.822631 ], [ -73.8932, 40.824008 ], [ -73.894871, 40.823937 ], [ -73.901176, 40.824389 ] ] ] } },
{ "type": "Feature", "properties": { "GEOID": "36005005002", "gi_z": 2.74, "borough": "Bronx", "pop": 6275.0, "incidents": 428, "lisa": "High-High" }, "geometry": { "type": "Polygon", "coordinates": [ [ [ -73.881046, 40.828432 ], [ -73.880427, 40.82578 ], [ -73.875802, 40.826402 ], [ -73.876402, 40.828977 ], [ -73.881046, 40.828432 ] ] ] } },
{ "type": "Feature", "properties": { "GEOID": "36085013800", "gi_z": -2.07, "borough": "Staten Island", "pop": 6090.0, "incidents": 32, "lisa": "Low-Low" }, "geometry": { "type": "Polygon", "coordinates": [ [ [ -74.127089, 40.576369 ], [ -74.133007, 40.573433 ], [ -74.144186, 40.572038 ], [ -74.144388, 40.569707 ], [ -74.1317, 40.564536 ], [ -74.12942, 40.565721 ], [ -74.124899, 40.568949 ], [ -74.121286, 40.572107 ], [ -74.12177, 40.575054 ], [ -74.127089, 40.576369 ] ] ] } },
{ "type": "Feature", "properties": { "GEOID": "36085022300", "gi_z": -0.85, "borough": "Staten Island", "pop": 3263.0, "incidents": 76, "lisa": "Not significant" }, "geometry": { "type": "Polygon", "coordinates": [ [ [ -74.160159480985598, 40.638414116002508 ], [ -74.160311, 40.633788 ], [ -74.15186, 40.634179 ], [ -74.145631, 40.635246 ], [ -74.143244936726106, 40.639391296415894 ], [ -74.1544, 40.63718 ], [ -74.160159480985598, 40.638414116002508 ] ] ] } },
{ "type": "Feature", "properties": { "GEOID": "36047037401", "gi_z": 0.1, "borough": "Brooklyn", "pop": 4758.0, "incidents": 126, "lisa": "Not significant" }, "geometry": { "type": "Polygon", "coordinates": [ [ [ -73.970224, 40.59054 ], [ -73.969063, 40.584 ], [ -73.966614, 40.584575 ], [ -73.965129, 40.591108 ], [ -73.966519, 40.590953 ], [ -73.970224, 40.59054 ] ] ] } },
{ "type": "Feature", "properties": { "GEOID": "36047051601", "gi_z": -1.48, "borough": "Brooklyn", "pop": 4936.0, "incidents": 74, "lisa": "Low-Low" }, "geometry": { "type": "Polygon", "coordinates": [ [ [ -73.958966, 40.639305 ], [ -73.9584, 40.636327 ], [ -73.953743, 40.638566 ], [ -73.954043, 40.638878 ], [ -73.955638, 40.640504 ], [ -73.958966, 40.639305 ] ] ] } },
{ "type": "Feature", "properties": { "GEOID": "36047114400", "gi_z": 2.35, "borough": "Brooklyn", "pop": 2423.0, "incidents": 626, "lisa": "Not significant" }, "geometry": { "type": "Polygon", "coordinates": [ [ [ -73.902535, 40.675884 ], [ -73.903475, 40.675507 ], [ -73.901982, 40.66967 ], [ -73.898341, 40.670212 ], [ -73.894556, 40.67077 ], [ -73.892711, 40.671046 ], [ -73.89367, 40.674822 ], [ -73.899307, 40.673982 ], [ -73.89999, 40.6769 ], [ -73.902535, 40.675884 ] ] ] } },
{ "type": "Feature", "properties": { "GEOID": "36047105801", "gi_z": 1.58, "borough": "Brooklyn", "pop": 5655.0, "incidents": 171, "lisa": "High-High" }, "geometry": { "type": "Polygon", "coordinates": [ [ [ -73.886282, 40.652756 ], [ -73.876082, 40.643293 ], [ -73.876104, 40.646215 ], [ -73.882213, 40.654498 ], [ -73.884653, 40.653451 ], [ -73.886282, 40.652756 ] ] ] } },
{ "type": "Feature", "properties": { "GEOID": "36061015102", "gi_z": -0.9, "borough": "Manhattan", "pop": 9611.0, "incidents": 193, "lisa": "Not significant" }, "geometry": { "type": "Polygon", "coordinates": [ [ [ -73.997819207596507, 40.779775870557202 ], [ -74.000450576936601, 40.776154599153799 ], [ -73.990913, 40.770988 ], [ -73.98954, 40.772866 ], [ -73.987241, 40.776017 ], [ -73.997819207596507, 40.779775870557202 ] ] ] } },
{ "type": "Feature", "properties": { "GEOID": "36085017012", "gi_z": -2.36, "borough": "Staten Island", "pop": 5363.0, "incidents": 65, "lisa": "Low-Low" }, "geometry": { "type": "Polygon", "coordinates": [ [ [ -74.178088, 40.550857 ], [ -74.180721, 40.546673 ], [ -74.176498, 40.544487 ], [ -74.174682, 40.549661 ], [ -74.167572, 40.550575 ], [ -74.168052, 40.552718 ], [ -74.169827, 40.561078 ], [ -74.171878, 40.561566 ], [ -74.178088, 40.550857 ] ] ] } },
{ "type": "Feature", "properties": { "GEOID": "36061009901", "gi_z": 1.2, "borough": "Manhattan", "pop": 1948.0, "incidents": 156, "lisa": "Not significant" }, "geometry": { "type": "Polygon", "coordinates": [ [ [ -74.015013346956493, 40.753506084433297 ], [ -74.017282893472498, 40.744179978458703 ], [ -74.008204, 40.742148 ], [ -74.006385, 40.744646 ], [ -74.004653, 40.747023 ], [ -74.002785, 40.749592 ], [ -74.015013346956493, 40.753506084433297 ] ] ] } },
{ "type": "Feature", "properties": { "GEOID": "36047020300", "gi_z": 0.11, "borough": "Brooklyn", "pop": 2074.0, "incidents": 82, "lisa": "Not significant" }, "geometry": { "type": "Polygon", "coordinates": [ [ [ -73.967477, 40.681754 ], [ -73.968227, 40.679422 ], [ -73.962229, 40.678166 ], [ -73.961312, 40.680456 ], [ -73.964454, 40.681125 ], [ -73.967477, 40.681754 ] ] ] } },
{ "type": "Feature", "properties": { "GEOID": "36047023200", "gi_z": -1.62, "borough": "Brooklyn", "pop": 6611.0, "incidents": 49, "lisa": "Low-Low" }, "geometry": { "type": "Polygon", "coordinates": [ [ [ -73.989206, 40.637824 ], [ -73.990373, 40.636705 ], [ -73.983763, 40.632717 ], [ -73.982598, 40.633837 ], [ -73.982015, 40.634395 ], [ -73.987455, 40.639505 ], [ -73.989206, 40.637824 ] ] ] } },
{ "type": "Feature", "properties": { "GEOID": "36047006700", "gi_z": -1.52, "borough": "Brooklyn", "pop": 4032.0, "incidents": 66, "lisa": "Low-Low" }, "geometry": { "type": "Polygon", "coordinates": [ [ [ -73.999081, 40.684816 ], [ -74.000048, 40.682803 ], [ -73.996209, 40.681724 ], [ -73.994901, 40.68443 ], [ -73.994408, 40.685453 ], [ -73.998189, 40.6867 ], [ -73.999081, 40.684816 ] ] ] } },
{ "type": "Feature", "properties": { "GEOID": "36047012100", "gi_z": -0.56, "borough": "Brooklyn", "pop": 2157.0, "incidents": 144, "lisa": "Not significant" }, "geometry": { "type": "Polygon", "coordinates": [ [ [ -73.992369, 40.673813 ], [ -73.994384, 40.671403 ], [ -73.989723, 40.669146 ], [ -73.988726, 40.670342 ], [ -73.987715, 40.671557 ], [ -73.992369, 40.673813 ] ] ] } },
{ "type": "Feature", "properties": { "GEOID": "36061018200", "gi_z": 5.53, "borough": "Manhattan", "pop": 7266.0, "incidents": 903, "lisa": "High-High" }, "geometry": { "type": "Polygon", "coordinates": [ [ [ -73.941825, 40.80124 ], [ -73.945096, 40.796764 ], [ -73.941876, 40.795406 ], [ -73.940519, 40.797261 ], [ -73.938603, 40.799883 ], [ -73.941825, 40.80124 ] ] ] } },
{ "type": "Feature", "properties": { "GEOID": "36047013900", "gi_z": -1.31, "borough": "Brooklyn", "pop": 3574.0, "incidents": 96, "lisa": "Not significant" }, "geometry": { "type": "Polygon", "coordinates": [ [ [ -73.989723, 40.669146 ], [ -73.99073, 40.667941 ], [ -73.985948, 40.66563 ], [ -73.983943, 40.66803 ], [ -73.988726, 40.670342 ], [ -73.989723, 40.669146 ] ] ] } },
{ "type": "Feature", "properties": { "GEOID": "36081024700", "gi_z": -0.49, "borough": "Queens", "pop": 1506.0, "incidents": 61, "lisa": "Not significant" }, "geometry": { "type": "Polygon", "coordinates": [ [ [ -73.901409, 40.744251 ], [ -73.901679, 40.74097 ], [ -73.899146, 40.740668 ], [ -73.898985, 40.740646 ], [ -73.896453, 40.742861 ], [ -73.900029, 40.743762 ], [ -73.901409, 40.744251 ] ] ] } },
{ "type": "Feature", "properties": { "GEOID": "36081051600", "gi_z": -1.64, "borough": "Queens", "pop": 2161.0, "incidents": 44, "lisa": "Low-Low" }, "geometry": { "type": "Polygon", "coordinates": [ [ [ -73.750471, 40.70564 ], [ -73.74773, 40.699553 ], [ -73.744134, 40.702742 ], [ -73.746591, 40.705128 ], [ -73.750471, 40.70564 ] ] ] } },
{ "type": "Feature", "properties": { "GEOID": "36047024200", "gi_z": -1.36, "borough": "Brooklyn", "pop": 3402.0, "incidents": 181, "lisa": "High-Low" }, "geometry": { "type": "Polygon", "coordinates": [ [ [ -73.996115, 40.629232 ], [ -73.996788, 40.626826 ], [ -73.99255, 40.624274 ], [ -73.990094, 40.622789 ], [ -73.988302, 40.624514 ], [ -73.990756, 40.625998 ], [ -73.996115, 40.629232 ] ] ] } },
{ "type": "Feature", "properties": { "GEOID": "36047025000", "gi_z": -0.94, "borough": "Brooklyn", "pop": 1433.0, "incidents": 76, "lisa": "Not significant" }, "geometry": { "type": "Polygon", "coordinates": [ [ [ -73.997713, 40.62368 ], [ -73.998295, 40.621619 ], [ -73.996393, 40.620582 ], [ -73.994293, 40.622597 ], [ -73.99255, 40.624274 ], [ -73.996788, 40.626826 ], [ -73.997241, 40.625289 ], [ -73.997713, 40.62368 ] ] ] } },
{ "type": "Feature", "properties": { "GEOID": "36047028700", "gi_z": 0.58, "borough": "Brooklyn", "pop": 3398.0, "incidents": 395, "lisa": "Not significant" }, "geometry": { "type": "Polygon", "coordinates": [ [ [ -73.938177, 40.698641 ], [ -73.937792, 40.69669 ], [ -73.937342, 40.694485 ], [ -73.937195, 40.693752 ], [ -73.931458, 40.694855 ], [ -73.935222, 40.696986 ], [ -73.938177, 40.698641 ] ] ] } },
{ "type": "Feature", "properties": { "GEOID": "36047026600", "gi_z": -1.09, "borough": "Brooklyn", "pop": 3431.0, "incidents": 65, "lisa": "Not significant" }, "geometry": { "type": "Polygon", "coordinates": [ [ [ -73.993651, 40.615694 ], [ -73.99537, 40.613996 ], [ -73.993343, 40.612772 ], [ -73.986129, 40.60933 ], [ -73.984963, 40.610448 ], [ -73.991598, 40.614452 ], [ -73.993651, 40.615694 ] ] ] } },
{ "type": "Feature", "properties": { "GEOID": "36081054700", "gi_z": 1.16, "borough": "Queens", "pop": 5210.0, "incidents": 159, "lisa": "Not significant" }, "geometry": { "type": "Polygon", "coordinates": [ [ [ -73.911807, 40.703435 ], [ -73.911422, 40.701487 ], [ -73.910679, 40.701046 ], [ -73.906352, 40.705285 ], [ -73.907836, 40.70616 ], [ -73.90973, 40.705471 ], [ -73.911807, 40.703435 ] ] ] } },
{ "type": "Feature", "properties": { "GEOID": "36081043200", "gi_z": -1.89, "borough": "Queens", "pop": 1200.0, "incidents": 49, "lisa": "Low-Low" }, "geometry": { "type": "Polygon", "coordinates": [ [ [ -73.777836, 40.694321 ], [ -73.780237, 40.692972 ], [ -73.777893, 40.689918 ], [ -73.776619, 40.688364 ], [ -73.775755, 40.687691 ], [ -73.774639, 40.691021 ], [ -73.769631, 40.692681 ], [ -73.777281, 40.692114 ], [ -73.777836, 40.694321 ] ] ] } },
{ "type": "Feature", "properties": { "GEOID": "36081047100", "gi_z": 0.48, "borough": "Queens", "pop": 4244.0, "incidents": 159, "lisa": "Not significant" }, "geometry": { "type": "Polygon", "coordinates": [ [ [ -73.880278, 40.741297 ], [ -73.877431, 40.738601 ], [ -73.874103, 40.739488 ], [ -73.874361, 40.74016 ], [ -73.873485, 40.742501 ], [ -73.874658, 40.743268 ], [ -73.878479, 40.742151 ], [ -73.880278, 40.741297 ] ] ] } },
{ "type": "Feature", "properties": { "GEOID": "36081049302", "gi_z": -1.65, "borough": "Queens", "pop": 3320.0, "incidents": 139, "lisa": "Low-Low" }, "geometry": { "type": "Polygon", "coordinates": [ [ [ -73.895589, 40.728965 ], [ -73.894974, 40.725407 ], [ -73.887205, 40.727869 ], [ -73.88806, 40.730087 ], [ -73.892334, 40.731159 ], [ -73.895589, 40.728965 ] ] ] } },
{ "type": "Feature", "properties": { "GEOID": "36081061200", "gi_z": -2.18, "borough": "Queens", "pop": 1839.0, "incidents": 26, "lisa": "Low-Low" }, "geometry": { "type": "Polygon", "coordinates": [ [ [ -73.739223, 40.691048 ], [ -73.741229, 40.687493 ], [ -73.73396, 40.685639 ], [ -73.732239, 40.688937 ], [ -73.733107, 40.6892 ], [ -73.739223, 40.691048 ] ] ] } },
{ "type": "Feature", "properties": { "GEOID": "36047038300", "gi_z": -0.31, "borough": "Brooklyn", "pop": 5466.0, "incidents": 82, "lisa": "Not significant" }, "geometry": { "type": "Polygon", "coordinates": [ [ [ -73.929591, 40.685635 ], [ -73.929161, 40.683437 ], [ -73.929009, 40.682703 ], [ -73.922814, 40.683415 ], [ -73.923252, 40.685612 ], [ -73.923396, 40.686345 ], [ -73.929591, 40.685635 ] ] ] } },
{ "type": "Feature", "properties": { "GEOID": "36047034500", "gi_z": -0.01, "borough": "Brooklyn", "pop": 2703.0, "incidents": 177, "lisa": "Not significant" }, "geometry": { "type": "Polygon", "coordinates": [ [ [ -73.936078, 40.675335 ], [ -73.936406, 40.671774 ], [ -73.933635, 40.671626 ], [ -73.930868, 40.671474 ], [ -73.930615, 40.674147 ], [ -73.936078, 40.675335 ] ] ] } },
{ "type": "Feature", "properties": { "GEOID": "36047040500", "gi_z": 1.13, "borough": "Brooklyn", "pop": 1653.0, "incidents": 278, "lisa": "Not significant" }, "geometry": { "type": "Polygon", "coordinates": [ [ [ -73.905433, 40.68366 ], [ -73.908517, 40.681804 ], [ -73.905493, 40.680037 ], [ -73.904046, 40.67922 ], [ -73.902622, 40.680664 ], [ -73.905433, 40.68366 ] ] ] } },
{ "type": "Feature", "properties": { "GEOID": "36047045800", "gi_z": -2.08, "borough": "Brooklyn", "pop": 1373.0, "incidents": 28, "lisa": "Low-Low" }, "geometry": { "type": "Polygon", "coordinates": [ [ [ -73.971374, 40.628966 ], [ -73.970922, 40.62657 ], [ -73.970474, 40.624182 ], [ -73.966645, 40.622163 ], [ -73.968929, 40.629231 ], [ -73.971374, 40.628966 ] ] ] } },
{ "type": "Feature", "properties": { "GEOID": "36047048800", "gi_z": -0.85, "borough": "Brooklyn", "pop": 4933.0, "incidents": 74, "lisa": "Not significant" }, "geometry": { "type": "Polygon", "coordinates": [ [ [ -73.978327, 40.643268 ], [ -73.976415, 40.638168 ], [ -73.973941, 40.640882 ], [ -73.976577, 40.644004 ], [ -73.978327, 40.643268 ] ] ] } },
{ "type": "Feature", "properties": { "GEOID": "36047101200", "gi_z": -1.86, "borough": "Brooklyn", "pop": 2119.0, "incidents": 33, "lisa": "Low-Low" }, "geometry": { "type": "Polygon", "coordinates": [ [ [ -73.897011, 40.640374 ], [ -73.895191, 40.638742 ], [ -73.893375, 40.637108 ], [ -73.890328, 40.63908 ], [ -73.893961, 40.642343 ], [ -73.897011, 40.640374 ] ] ] } },
{ "type": "Feature", "properties": { "GEOID": "36047111000", "gi_z": 1.11, "borough": "Brooklyn", "pop": 2984.0, "incidents": 56, "lisa": "Not significant" }, "geometry": { "type": "Polygon", "coordinates": [ [ [ -73.880892, 40.662834 ], [ -73.882912, 40.659781 ], [ -73.881826, 40.658308 ], [ -73.878592, 40.659701 ], [ -73.880892, 40.662834 ] ] ] } },
{ "type": "Feature", "properties": { "GEOID": "36081003400", "gi_z": -0.91, "borough": "Queens", "pop": 2619.0, "incidents": 98, "lisa": "Not significant" }, "geometry": { "type": "Polygon", "coordinates": [ [ [ -73.866295, 40.683189 ], [ -73.864101, 40.682373 ], [ -73.849947, 40.6864 ], [ -73.850571, 40.687661 ], [ -73.85231, 40.687166 ], [ -73.85484, 40.686446 ], [ -73.860477, 40.684843 ], [ -73.866295, 40.683189 ] ] ] } },
{ "type": "Feature", "properties": { "GEOID": "36081020800", "gi_z": 3.23, "borough": "Queens", "pop": 4190.0, "incidents": 448, "lisa": "High-High" }, "geometry": { "type": "Polygon", "coordinates": [ [ [ -73.814429, 40.698335 ], [ -73.813719, 40.697153 ], [ -73.811897, 40.693962 ], [ -73.808243, 40.696393 ], [ -73.804891, 40.695852 ], [ -73.799341, 40.699291 ], [ -73.802409, 40.701852 ], [ -73.804129, 40.70146 ], [ -73.814429, 40.698335 ] ] ] } },
{ "type": "Feature", "properties": { "GEOID": "36081066403", "gi_z": -1.13, "borough": "Queens", "pop": 5738.0, "incidents": 63, "lisa": "Not significant" }, "geometry": { "type": "Polygon", "coordinates": [ [ [ -73.739376, 40.653796 ], [ -73.736735, 40.6491 ], [ -73.72853, 40.650973 ], [ -73.724874, 40.653447 ], [ -73.729705, 40.65359 ], [ -73.739376, 40.653796 ] ] ] } },
{ "type": "Feature", "properties": { "GEOID": "36081088902", "gi_z": -0.23, "borough": "Queens", "pop": 6357.0, "incidents": 137, "lisa": "Not significant" }, "geometry": { "type": "Polygon", "coordinates": [ [ [ -73.833428, 40.771434 ], [ -73.830686, 40.764712 ], [ -73.827863, 40.765363 ], [ -73.826558, 40.770137 ], [ -73.826566, 40.770642 ], [ -73.831713, 40.772474 ], [ -73.833428, 40.771434 ] ] ] } },
{ "type": "Feature", "properties": { "GEOID": "36081093900", "gi_z": 0.01, "borough": "Queens", "pop": 5819.0, "incidents": 92, "lisa": "Not significant" }, "geometry": { "type": "Polygon", "coordinates": [ [ [ -73.853072, 40.800113 ], [ -73.846068, 40.78805 ], [ -73.840083, 40.787849 ], [ -73.840456, 40.793832 ], [ -73.838434, 40.796787 ], [ -73.832354, 40.79637 ], [ -73.835409, 40.802199 ], [ -73.846654, 40.801024 ], [ -73.853072, 40.800113 ] ] ] } },
{ "type": "Feature", "properties": { "GEOID": "36061011401", "gi_z": 0.77, "borough": "Manhattan", "pop": 1026.0, "incidents": 113, "lisa": "Not significant" }, "geometry": { "type": "Polygon", "coordinates": [ [ [ -73.973015, 40.764279 ], [ -73.969801, 40.762914 ], [ -73.967974, 40.765413 ], [ -73.971189, 40.766767 ], [ -73.973015, 40.764279 ] ] ] } },
{ "type": "Feature", "properties": { "GEOID": "36061011201", "gi_z": 1.35, "borough": "Manhattan", "pop": 862.0, "incidents": 153, "lisa": "Not significant" }, "geometry": { "type": "Polygon", "coordinates": [ [ [ -73.976234, 40.765675 ], [ -73.977686, 40.763645 ], [ -73.974457, 40.762293 ], [ -73.973015, 40.764279 ], [ -73.976234, 40.765675 ] ] ] } },
{ "type": "Feature", "properties": { "GEOID": "36047043500", "gi_z": 1.48, "borough": "Brooklyn", "pop": 4897.0, "incidents": 195, "lisa": "Not significant" }, "geometry": { "type": "Polygon", "coordinates": [ [ [ -73.915562, 40.694922 ], [ -73.914808, 40.694497 ], [ -73.911805, 40.692785 ], [ -73.908799, 40.695845 ], [ -73.912556, 40.697982 ], [ -73.915562, 40.694922 ] ] ] } },
{ "type": "Feature", "properties": { "GEOID": "36081120100", "gi_z": -1.84, "borough": "Queens", "pop": 1546.0, "incidents": 34, "lisa": "Low-Low" }, "geometry": { "type": "Polygon", "coordinates": [ [ [ -73.815339, 40.755432 ], [ -73.817721, 40.754276 ], [ -73.813334, 40.750372 ], [ -73.811924, 40.751288 ], [ -73.810476, 40.754212 ], [ -73.815339, 40.755432 ] ] ] } },
{ "type": "Feature", "properties": { "GEOID": "36061016800", "gi_z": 1.31, "borough": "Manhattan", "pop": 5041.0, "incidents": 185, "lisa": "Not significant" }, "geometry": { "type": "Polygon", "coordinates": [ [ [ -73.951111, 40.794285 ], [ -73.954817, 40.789205 ], [ -73.951609, 40.787858 ], [ -73.948386, 40.792256 ], [ -73.947896, 40.792928 ], [ -73.951111, 40.794285 ] ] ] } },
{ "type": "Feature", "properties": { "GEOID": "36061012800", "gi_z": 0.09, "borough": "Manhattan", "pop": 5163.0, "incidents": 190, "lisa": "Not significant" }, "geometry": { "type": "Polygon", "coordinates": [ [ [ -73.961475, 40.774324 ], [ -73.964782, 40.769796 ], [ -73.961559, 40.768437 ], [ -73.959645, 40.771064 ], [ -73.958255, 40.772965 ], [ -73.961475, 40.774324 ] ] ] } },
{ "type": "Feature", "properties": { "GEOID": "36061016500", "gi_z": 0.76, "borough": "Manhattan", "pop": 7098.0, "incidents": 312, "lisa": "Not significant" }, "geometry": { "type": "Polygon", "coordinates": [ [ [ -73.976902, 40.785098 ], [ -73.978823, 40.782465 ], [ -73.973571, 40.779478 ], [ -73.971223, 40.782706 ], [ -73.976902, 40.785098 ] ] ] } },
{ "type": "Feature", "properties": { "GEOID": "36061001002", "gi_z": -0.4, "borough": "Manhattan", "pop": 6513.0, "incidents": 20, "lisa": "Not significant" }, "geometry": { "type": "Polygon", "coordinates": [ [ [ -73.978753, 40.719934 ], [ -73.980577, 40.716455 ], [ -73.978909, 40.715951 ], [ -73.968861, 40.71265 ], [ -73.968469, 40.712999 ], [ -73.967716, 40.71604 ], [ -73.978753, 40.719934 ] ] ] } },
{ "type": "Feature", "properties": { "GEOID": "36061003300", "gi_z": 3.06, "borough": "Manhattan", "pop": 5951.0, "incidents": 654, "lisa": "High-High" }, "geometry": { "type": "Polygon", "coordinates": [ [ [ -74.009205, 40.716188 ], [ -74.005889, 40.714678 ], [ -74.001884, 40.719398 ], [ -74.00531, 40.721824 ], [ -74.007912, 40.7237 ], [ -74.009205, 40.716188 ] ] ] } },
{ "type": "Feature", "properties": { "GEOID": "36061006300", "gi_z": 7.17, "borough": "Manhattan", "pop": 5759.0, "incidents": 187, "lisa": "High-High" }, "geometry": { "type": "Polygon", "coordinates": [ [ [ -73.99684, 40.737361 ], [ -74.000066, 40.732929 ], [ -73.996974, 40.731409 ], [ -73.995489, 40.733437 ], [ -73.993617, 40.736005 ], [ -73.99684, 40.737361 ] ] ] } },
{ "type": "Feature", "properties": { "GEOID": "36047001803", "gi_z": -0.28, "borough": "Brooklyn", "pop": 11.0, "incidents": 66, "lisa": "Not significant" }, "geometry": { "type": "Polygon", "coordinates": [ [ [ -74.013895, 40.655466 ], [ -74.015170893442402, 40.657026160582099 ], [ -74.024367, 40.650404 ], [ -74.023835, 40.645919 ], [ -74.019256, 40.646853 ], [ -74.015184, 40.650773 ], [ -74.013895, 40.655466 ] ] ] } },
{ "type": "Feature", "properties": { "GEOID": "36047050300", "gi_z": 0.07, "borough": "Brooklyn", "pop": 2803.0, "incidents": 103, "lisa": "Not significant" }, "geometry": { "type": "Polygon", "coordinates": [ [ [ -73.949372, 40.714067 ], [ -73.948655, 40.709725 ], [ -73.946973, 40.709894 ], [ -73.945475, 40.71074 ], [ -73.945949, 40.713638 ], [ -73.94607, 40.714372 ], [ -73.949372, 40.714067 ] ] ] } },
{ "type": "Feature", "properties": { "GEOID": "36047056000", "gi_z": -1.42, "borough": "Brooklyn", "pop": 3477.0, "incidents": 48, "lisa": "Not significant" }, "geometry": { "type": "Polygon", "coordinates": [ [ [ -73.953922, 40.606217 ], [ -73.953037, 40.601506 ], [ -73.949874, 40.601853 ], [ -73.94895, 40.601954 ], [ -73.949837, 40.606667 ], [ -73.953922, 40.606217 ] ] ] } },
{ "type": "Feature", "properties": { "GEOID": "36047053400", "gi_z": -1.45, "borough": "Brooklyn", "pop": 4620.0, "incidents": 89, "lisa": "Low-Low" }, "geometry": { "type": "Polygon", "coordinates": [ [ [ -73.965173, 40.624766 ], [ -73.96472, 40.622373 ], [ -73.964268, 40.619984 ], [ -73.96094, 40.622791 ], [ -73.961393, 40.625179 ], [ -73.965173, 40.624766 ] ] ] } },
{ "type": "Feature", "properties": { "GEOID": "36081079000", "gi_z": -0.78, "borough": "Queens", "pop": 3137.0, "incidents": 81, "lisa": "Not significant" }, "geometry": { "type": "Polygon", "coordinates": [ [ [ -73.801793, 40.674394 ], [ -73.801255, 40.67126 ], [ -73.792438, 40.670328 ], [ -73.791652, 40.67349 ], [ -73.794726, 40.673761 ], [ -73.801793, 40.674394 ] ] ] } },
{ "type": "Feature", "properties": { "GEOID": "36081084601", "gi_z": -0.6, "borough": "Queens", "pop": 2687.0, "incidents": 104, "lisa": "Not significant" }, "geometry": { "type": "Polygon", "coordinates": [ [ [ -73.826953, 40.669718 ], [ -73.828079, 40.66609 ], [ -73.818577, 40.66548 ], [ -73.813198, 40.667253 ], [ -73.826953, 40.669718 ] ] ] } },
{ "type": "Feature", "properties": { "GEOID": "36081138501", "gi_z": -1.27, "borough": "Queens", "pop": 4189.0, "incidents": 92, "lisa": "Not significant" }, "geometry": { "type": "Polygon", "coordinates": [ [ [ -73.762395, 40.759497 ], [ -73.75944, 40.752403 ], [ -73.756866, 40.749361 ], [ -73.746808, 40.752028 ], [ -73.750048, 40.758405 ], [ -73.75585, 40.757765 ], [ -73.758001, 40.76038 ], [ -73.762395, 40.759497 ] ] ] } },
{ "type": "Feature", "properties": { "GEOID": "36081103900", "gi_z": -1.04, "borough": "Queens", "pop": 6540.0, "incidents": 188, "lisa": "Not significant" }, "geometry": { "type": "Polygon", "coordinates": [ [ [ -73.822537, 40.789568 ], [ -73.824998, 40.7817 ], [ -73.823313, 40.779579 ], [ -73.81453, 40.778888 ], [ -73.813813, 40.784129 ], [ -73.813374, 40.787156 ], [ -73.816086, 40.787807 ], [ -73.822537, 40.789568 ] ] ] } },
{ "type": "Feature", "properties": { "GEOID": "36047079400", "gi_z": 0.11, "borough": "Brooklyn", "pop": 2366.0, "incidents": 234, "lisa": "Not significant" }, "geometry": { "type": "Polygon", "coordinates": [ [ [ -73.958707, 40.650387 ], [ -73.958141, 40.647504 ], [ -73.958107, 40.646518 ], [ -73.955652, 40.646631 ], [ -73.95205, 40.646771 ], [ -73.952469, 40.65067 ], [ -73.955825, 40.65053 ], [ -73.958707, 40.650387 ] ] ] } },
{ "type": "Feature", "properties": { "GEOID": "36047085600", "gi_z": -0.21, "borough": "Brooklyn", "pop": 3161.0, "incidents": 127, "lisa": "Not significant" }, "geometry": { "type": "Polygon", "coordinates": [ [ [ -73.946674, 40.650948 ], [ -73.94626, 40.647006 ], [ -73.946073, 40.645312 ], [ -73.943374, 40.647115 ], [ -73.942631, 40.649339 ], [ -73.942826, 40.65111 ], [ -73.945706, 40.651006 ], [ -73.946674, 40.650948 ] ] ] } },
{ "type": "Feature", "properties": { "GEOID": "36047070201", "gi_z": -1.2, "borough": "Brooklyn", "pop": 6531.0, "incidents": 106, "lisa": "Not significant" }, "geometry": { "type": "Polygon", "coordinates": [ [ [ -73.911682, 40.616851 ], [ -73.914056, 40.608984 ], [ -73.917254, 40.606731 ], [ -73.912994, 40.60286 ], [ -73.901445, 40.604354 ], [ -73.901698, 40.608223 ], [ -73.904927, 40.613237 ], [ -73.91026, 40.61778 ], [ -73.911682, 40.616851 ] ] ] } },
{ "type": "Feature", "properties": { "GEOID": "36047092200", "gi_z": 0.5, "borough": "Brooklyn", "pop": 2842.0, "incidents": 91, "lisa": "Not significant" }, "geometry": { "type": "Polygon", "coordinates": [ [ [ -73.910123, 40.655852 ], [ -73.909726, 40.654313 ], [ -73.908558, 40.652096 ], [ -73.907856, 40.654589 ], [ -73.900303, 40.657263 ], [ -73.906369, 40.656412 ], [ -73.910123, 40.655852 ] ] ] } },
{ "type": "Feature", "properties": { "GEOID": "36081150702", "gi_z": -1.36, "borough": "Queens", "pop": 3134.0, "incidents": 41, "lisa": "Not significant" }, "geometry": { "type": "Polygon", "coordinates": [ [ [ -73.737539, 40.768402 ], [ -73.731862, 40.760542 ], [ -73.72794, 40.762869 ], [ -73.721059, 40.764499 ], [ -73.733962, 40.772449 ], [ -73.737539, 40.768402 ] ] ] } },
{ "type": "Feature", "properties": { "GEOID": "36047031401", "gi_z": -0.15, "borough": "Brooklyn", "pop": 4912.0, "incidents": 163, "lisa": "Not significant" }, "geometry": { "type": "Polygon", "coordinates": [ [ [ -73.996288677915004, 40.589226864266401 ], [ -73.992523, 40.587984 ], [ -73.988358, 40.583475 ], [ -73.987084, 40.584619 ], [ -73.984505, 40.58789 ], [ -73.989621, 40.590982 ], [ -73.996288677915004, 40.589226864266401 ] ] ] } },
{ "type": "Feature", "properties": { "GEOID": "36047006901", "gi_z": -0.82, "borough": "Brooklyn", "pop": 1785.0, "incidents": 61, "lisa": "Not significant" }, "geometry": { "type": "Polygon", "coordinates": [ [ [ -73.993269, 40.687825 ], [ -73.99393, 40.686453 ], [ -73.989129, 40.68459 ], [ -73.988289, 40.685869 ], [ -73.993269, 40.687825 ] ] ] } },
{ "type": "Feature", "properties": { "GEOID": "36047016100", "gi_z": 0.39, "borough": "Brooklyn", "pop": 3468.0, "incidents": 446, "lisa": "Not significant" }, "geometry": { "type": "Polygon", "coordinates": [ [ [ -73.97378, 40.683061 ], [ -73.97618, 40.678065 ], [ -73.971904, 40.676413 ], [ -73.97064, 40.682414 ], [ -73.97378, 40.683061 ] ] ] } },
{ "type": "Feature", "properties": { "GEOID": "36081012601", "gi_z": -1.25, "borough": "Queens", "pop": 2787.0, "incidents": 120, "lisa": "Not significant" }, "geometry": { "type": "Polygon", "coordinates": [ [ [ -73.837167, 40.696866 ], [ -73.839634, 40.695535 ], [ -73.838679, 40.690961 ], [ -73.837511, 40.691297 ], [ -73.834806, 40.692071 ], [ -73.837167, 40.696866 ] ] ] } },
{ "type": "Feature", "properties": { "GEOID": "36085007500", "gi_z": -1.34, "borough": "Staten Island", "pop": 3150.0, "incidents": 115, "lisa": "Low-Low" }, "geometry": { "type": "Polygon", "coordinates": [ [ [ -74.092449, 40.635619 ], [ -74.095885, 40.635643 ], [ -74.097155, 40.631898 ], [ -74.095921, 40.631723 ], [ -74.088904, 40.630292 ], [ -74.085749, 40.633955 ], [ -74.083734, 40.635737 ], [ -74.085879, 40.636692 ], [ -74.092449, 40.635619 ] ] ] } },
{ "type": "Feature", "properties": { "GEOID": "36085016901", "gi_z": -1.99, "borough": "Staten Island", "pop": 3586.0, "incidents": 60, "lisa": "Low-Low" }, "geometry": { "type": "Polygon", "coordinates": [ [ [ -74.122557, 40.613076 ], [ -74.121384, 40.609899 ], [ -74.121339, 40.609684 ], [ -74.115014, 40.61108 ], [ -74.110535, 40.610254 ], [ -74.097658, 40.610503 ], [ -74.103511, 40.616414 ], [ -74.113375, 40.613805 ], [ -74.122557, 40.613076 ] ] ] } },
{ "type": "Feature", "properties": { "GEOID": "36085027900", "gi_z": -2.64, "borough": "Staten Island", "pop": 2148.0, "incidents": 33, "lisa": "Low-Low" }, "geometry": { "type": "Polygon", "coordinates": [ [ [ -74.169835, 40.570879 ], [ -74.169827, 40.561078 ], [ -74.164941, 40.560112 ], [ -74.160968, 40.56146 ], [ -74.155851, 40.563774 ], [ -74.152956, 40.566776 ], [ -74.147897, 40.570888 ], [ -74.144388, 40.569707 ], [ -74.144186, 40.572038 ], [ -74.133007, 40.573433 ], [ -74.127089, 40.576369 ], [ -74.127115, 40.579179 ], [ -74.13394, 40.586299 ], [ -74.138667, 40.58902 ], [ -74.145834, 40.588564 ], [ -74.146322, 40.58607 ], [ -74.152528, 40.580617 ], [ -74.169835, 40.570879 ] ] ] } },
{ "type": "Feature", "properties": { "GEOID": "36005042902", "gi_z": 0.24, "borough": "Bronx", "pop": 3656.0, "incidents": 165, "lisa": "Not significant" }, "geometry": { "type": "Polygon", "coordinates": [ [ [ -73.876491, 40.875499 ], [ -73.871596, 40.878646 ], [ -73.874387, 40.879055 ], [ -73.876491, 40.875499 ] ] ] } },
{ "type": "Feature", "properties": { "GEOID": "36005024700", "gi_z": 0.28, "borough": "Bronx", "pop": 1756.0, "incidents": 75, "lisa": "Not significant" }, "geometry": { "type": "Polygon", "coordinates": [ [ [ -73.920958, 40.855112 ], [ -73.921405, 40.854358 ], [ -73.919595, 40.853339 ], [ -73.918167, 40.852983 ], [ -73.916935, 40.854609 ], [ -73.915158, 40.858911 ], [ -73.91929, 40.857475 ], [ -73.920958, 40.855112 ] ] ] } },
{ "type": "Feature", "properties": { "GEOID": "36005030701", "gi_z": -0.68, "borough": "Bronx", "pop": 5743.0, "incidents": 133, "lisa": "Not significant" }, "geometry": { "type": "Polygon", "coordinates": [ [ [ -73.916037, 40.884867 ], [ -73.914892, 40.884625 ], [ -73.909064, 40.889508 ], [ -73.907463, 40.899394 ], [ -73.910839, 40.900031 ], [ -73.911116, 40.894905 ], [ -73.913465, 40.886799 ], [ -73.916037, 40.884867 ] ] ] } },
{ "type": "Feature", "properties": { "GEOID": "36005035600", "gi_z": 1.82, "borough": "Bronx", "pop": 2207.0, "incidents": 223, "lisa": "Not significant" }, "geometry": { "type": "Polygon", "coordinates": [ [ [ -73.837402, 40.871109 ], [ -73.843586, 40.869088 ], [ -73.836971, 40.865643 ], [ -73.829594, 40.862173 ], [ -73.83273, 40.868457 ], [ -73.837402, 40.871109 ] ] ] } },
{ "type": "Feature", "properties": { "GEOID": "36005036700", "gi_z": 0.74, "borough": "Bronx", "pop": 2718.0, "incidents": 115, "lisa": "Not significant" }, "geometry": { "type": "Polygon", "coordinates": [ [ [ -73.890554, 40.842678 ], [ -73.892169, 40.84105 ], [ -73.886598, 40.839279 ], [ -73.886185, 40.840105 ], [ -73.890554, 40.842678 ] ] ] } },
{ "type": "Feature", "properties": { "GEOID": "36005040600", "gi_z": 0.89, "borough": "Bronx", "pop": 3451.0, "incidents": 281, "lisa": "Not significant" }, "geometry": { "type": "Polygon", "coordinates": [ [ [ -73.860452, 40.887804 ], [ -73.860862, 40.887097 ], [ -73.855104, 40.885271 ], [ -73.853153, 40.8888 ], [ -73.858908, 40.890632 ], [ -73.860452, 40.887804 ] ] ] } },
{ "type": "Feature", "properties": { "GEOID": "36005041500", "gi_z": 3.91, "borough": "Bronx", "pop": 5555.0, "incidents": 170, "lisa": "High-High" }, "geometry": { "type": "Polygon", "coordinates": [ [ [ -73.886229, 40.870778 ], [ -73.883625, 40.867258 ], [ -73.88247, 40.872128 ], [ -73.882957, 40.873052 ], [ -73.886229, 40.870778 ] ] ] } },
{ "type": "Feature", "properties": { "GEOID": "36085011204", "gi_z": -0.84, "borough": "Staten Island", "pop": 75.0, "incidents": 5, "lisa": "Not significant" }, "geometry": { "type": "Polygon", "coordinates": [ [ [ -74.087678, 40.573071 ], [ -74.092686, 40.568065 ], [ -74.10471, 40.574006 ], [ -74.108739, 40.569992 ], [ -74.095242807756605, 40.563244590594202 ], [ -74.084846696226407, 40.571548709626803 ], [ -74.087678, 40.573071 ] ] ] } },
{ "type": "Feature", "properties": { "GEOID": "36081044400", "gi_z": 1.03, "borough": "Queens", "pop": 4178.0, "incidents": 504, "lisa": "Not significant" }, "geometry": { "type": "Polygon", "coordinates": [ [ [ -73.794895, 40.705461 ], [ -73.793792, 40.704032 ], [ -73.792368, 40.702121 ], [ -73.791156, 40.702294 ], [ -73.782566, 40.705425 ], [ -73.777842, 40.703217 ], [ -73.773957, 40.699806 ], [ -73.772308, 40.700572 ], [ -73.775139, 40.706884 ], [ -73.768445, 40.709637 ], [ -73.771736, 40.710313 ], [ -73.773139, 40.709923 ], [ -73.779048, 40.70871 ], [ -73.78429, 40.707931 ], [ -73.78975, 40.707171 ], [ -73.794895, 40.705461 ] ] ] } },
{ "type": "Feature", "properties": { "GEOID": "36081141700", "gi_z": -1.31, "borough": "Queens", "pop": 4300.0, "incidents": 125, "lisa": "Low-Low" }, "geometry": { "type": "Polygon", "coordinates": [ [ [ -73.794719, 40.750648 ], [ -73.797295, 40.749435 ], [ -73.794676, 40.747212 ], [ -73.796951, 40.741933 ], [ -73.796302, 40.738333 ], [ -73.786713, 40.740911 ], [ -73.786354, 40.746537 ], [ -73.788671, 40.75139 ], [ -73.794719, 40.750648 ] ] ] } },
{ "type": "Feature", "properties": { "GEOID": "36081099703", "gi_z": -1.37, "borough": "Queens", "pop": 3931.0, "incidents": 40, "lisa": "Low-Low" }, "geometry": { "type": "Polygon", "coordinates": [ [ [ -73.781715, 40.79053 ], [ -73.78227, 40.788661 ], [ -73.775321, 40.780466 ], [ -73.775839, 40.778613 ], [ -73.767565219730699, 40.778311659539007 ], [ -73.774334, 40.786216 ], [ -73.781715, 40.79053 ] ] ] } },
{ "type": "Feature", "properties": { "GEOID": "36081039902", "gi_z": 0.19, "borough": "Queens", "pop": 1982.0, "incidents": 37, "lisa": "Not significant" }, "geometry": { "type": "Polygon", "coordinates": [ [ [ -73.855799, 40.75441 ], [ -73.854556, 40.751962 ], [ -73.852205, 40.752661 ], [ -73.853126, 40.755109 ], [ -73.855799, 40.75441 ] ] ] } },
{ "type": "Feature", "properties": { "GEOID": "36005046205", "gi_z": 0.32, "borough": "Bronx", "pop": 3633.0, "incidents": 416, "lisa": "Not significant" }, "geometry": { "type": "Polygon", "coordinates": [ [ [ -73.834881, 40.875505 ], [ -73.83273, 40.868457 ], [ -73.829594, 40.862173 ], [ -73.828372, 40.860947 ], [ -73.828261, 40.860853 ], [ -73.824725, 40.864987 ], [ -73.821458, 40.868406 ], [ -73.825886, 40.870396 ], [ -73.827259, 40.874264 ], [ -73.830132, 40.87533 ], [ -73.834881, 40.875505 ] ] ] } },
{ "type": "Feature", "properties": { "GEOID": "36005043101", "gi_z": 0.68, "borough": "Bronx", "pop": 5051.0, "incidents": 167, "lisa": "Not significant" }, "geometry": { "type": "Polygon", "coordinates": [ [ [ -73.881244, 40.88271 ], [ -73.878487, 40.881076 ], [ -73.878126, 40.882154 ], [ -73.881244, 40.88271 ] ] ] } },
{ "type": "Feature", "properties": { "GEOID": "36081077300", "gi_z": -1.78, "borough": "Queens", "pop": 2203.0, "incidents": 111, "lisa": "Low-Low" }, "geometry": { "type": "Polygon", "coordinates": [ [ [ -73.840692, 40.710153 ], [ -73.843016, 40.709176 ], [ -73.837147, 40.707957 ], [ -73.829314, 40.712423 ], [ -73.830982, 40.71431 ], [ -73.833634, 40.712989 ], [ -73.835014, 40.712221 ], [ -73.840692, 40.710153 ] ] ] } },
{ "type": "Feature", "properties": { "GEOID": "36005009200", "gi_z": 2.89, "borough": "Bronx", "pop": 5888.0, "incidents": 460, "lisa": "High-High" }, "geometry": { "type": "Polygon", "coordinates": [ [ [ -73.851684, 40.834201 ], [ -73.860344, 40.833294 ], [ -73.855977, 40.831831 ], [ -73.847261, 40.829313 ], [ -73.849559, 40.834409 ], [ -73.851684, 40.834201 ] ] ] } },
{ "type": "Feature", "properties": { "GEOID": "36005011800", "gi_z": -1.04, "borough": "Bronx", "pop": 5057.0, "incidents": 91, "lisa": "Not significant" }, "geometry": { "type": "Polygon", "coordinates": [ [ [ -73.81545, 40.817703 ], [ -73.814075, 40.816402 ], [ -73.811299, 40.805397 ], [ -73.799745, 40.802199 ], [ -73.794111943144699, 40.800539354068015 ], [ -73.790859, 40.806568 ], [ -73.80184, 40.810316 ], [ -73.802716, 40.812551 ], [ -73.798313935439793, 40.816223271219599 ], [ -73.804474, 40.816177 ], [ -73.810022, 40.818637 ], [ -73.81545, 40.817703 ] ] ] } },
{ "type": "Feature", "properties": { "GEOID": "36005036800", "gi_z": 0.25, "borough": "Bronx", "pop": 1958.0, "incidents": 120, "lisa": "Not significant" }, "geometry": { "type": "Polygon", "coordinates": [ [ [ -73.859752, 40.876861 ], [ -73.860512, 40.875494 ], [ -73.856513, 40.874218 ], [ -73.853637, 40.873301 ], [ -73.851201, 40.875154 ], [ -73.859752, 40.876861 ] ] ] } },
{ "type": "Feature", "properties": { "GEOID": "36005015800", "gi_z": -0.72, "borough": "Bronx", "pop": 1490.0, "incidents": 80, "lisa": "Not significant" }, "geometry": { "type": "Polygon", "coordinates": [ [ [ -73.821676, 40.826202 ], [ -73.81914, 40.822347 ], [ -73.818322, 40.827835 ], [ -73.821676, 40.826202 ] ] ] } },
{ "type": "Feature", "properties": { "GEOID": "36005014500", "gi_z": 2.53, "borough": "Bronx", "pop": 6899.0, "incidents": 414, "lisa": "High-High" }, "geometry": { "type": "Polygon", "coordinates": [ [ [ -73.908691, 40.833938 ], [ -73.91049, 40.830737 ], [ -73.90896, 40.830226 ], [ -73.906571, 40.829452 ], [ -73.904506, 40.830625 ], [ -73.903435, 40.832216 ], [ -73.908691, 40.833938 ] ] ] } },
{ "type": "Feature", "properties": { "GEOID": "36005036901", "gi_z": 2.64, "borough": "Bronx", "pop": 1808.0, "incidents": 147, "lisa": "Low-High" }, "geometry": { "type": "Polygon", "coordinates": [ [ [ -73.892901, 40.846269 ], [ -73.894809, 40.843761 ], [ -73.890554, 40.842678 ], [ -73.889017, 40.84437 ], [ -73.891125, 40.84541 ], [ -73.892901, 40.846269 ] ] ] } },
{ "type": "Feature", "properties": { "GEOID": "36005004400", "gi_z": 1.93, "borough": "Bronx", "pop": 4303.0, "incidents": 133, "lisa": "Low-High" }, "geometry": { "type": "Polygon", "coordinates": [ [ [ -73.872723, 40.826819 ], [ -73.872506, 40.824591 ], [ -73.871515, 40.824715 ], [ -73.869842, 40.824923 ], [ -73.859703, 40.826277 ], [ -73.860674, 40.828419 ], [ -73.862642, 40.82817 ], [ -73.868223, 40.827426 ], [ -73.872723, 40.826819 ] ] ] } },
{ "type": "Feature", "properties": { "GEOID": "36061013502", "gi_z": 2.24, "borough": "Manhattan", "pop": 5873.0, "incidents": 166, "lisa": "Low-High" }, "geometry": { "type": "Polygon", "coordinates": [ [ [ -74.000450576936601, 40.776154599153799 ], [ -74.002953334774105, 40.772719244448012 ], [ -73.989964, 40.767188 ], [ -73.988063, 40.769791 ], [ -73.990913, 40.770988 ], [ -74.000450576936601, 40.776154599153799 ] ] ] } },
{ "type": "Feature", "properties": { "GEOID": "36081010500", "gi_z": -0.86, "borough": "Queens", "pop": 4668.0, "incidents": 92, "lisa": "Not significant" }, "geometry": { "type": "Polygon", "coordinates": [ [ [ -73.915236, 40.786041 ], [ -73.916805, 40.784251 ], [ -73.910835, 40.779635 ], [ -73.908671, 40.781401 ], [ -73.915236, 40.786041 ] ] ] } },
{ "type": "Feature", "properties": { "GEOID": "36081014202", "gi_z": 0.78, "borough": "Queens", "pop": 2755.0, "incidents": 256, "lisa": "Not significant" }, "geometry": { "type": "Polygon", "coordinates": [ [ [ -73.82631, 40.698258 ], [ -73.825832, 40.694448 ], [ -73.816174, 40.696583 ], [ -73.813719, 40.697153 ], [ -73.814429, 40.698335 ], [ -73.816477, 40.70245 ], [ -73.822459, 40.703656 ], [ -73.82125, 40.699699 ], [ -73.82631, 40.698258 ] ] ] } },
{ "type": "Feature", "properties": { "GEOID": "36081033700", "gi_z": 0.15, "borough": "Queens", "pop": 2791.0, "incidents": 117, "lisa": "Not significant" }, "geometry": { "type": "Polygon", "coordinates": [ [ [ -73.884536, 40.761414 ], [ -73.883507, 40.755755 ], [ -73.881648, 40.755952 ], [ -73.880719, 40.756049 ], [ -73.881748, 40.761705 ], [ -73.884536, 40.761414 ] ] ] } },
{ "type": "Feature", "properties": { "GEOID": "36081023000", "gi_z": -0.87, "borough": "Queens", "pop": 1848.0, "incidents": 45, "lisa": "Not significant" }, "geometry": { "type": "Polygon", "coordinates": [ [ [ -73.807774, 40.715716 ], [ -73.809834, 40.712812 ], [ -73.808046, 40.709357 ], [ -73.805482, 40.710089 ], [ -73.806457, 40.712056 ], [ -73.807774, 40.715716 ] ] ] } },
{ "type": "Feature", "properties": { "GEOID": "36081051200", "gi_z": -1.36, "borough": "Queens", "pop": 2683.0, "incidents": 87, "lisa": "Not significant" }, "geometry": { "type": "Polygon", "coordinates": [ [ [ -73.754037, 40.71388 ], [ -73.753607, 40.713071 ], [ -73.750471, 40.70564 ], [ -73.746591, 40.705128 ], [ -73.746818, 40.709132 ], [ -73.749345, 40.715145 ], [ -73.754037, 40.71388 ] ] ] } },
{ "type": "Feature", "properties": { "GEOID": "36081044602", "gi_z": 2.63, "borough": "Queens", "pop": 4774.0, "incidents": 220, "lisa": "High-High" }, "geometry": { "type": "Polygon", "coordinates": [ [ [ -73.803024, 40.70814 ], [ -73.801657, 40.705761 ], [ -73.796317, 40.707723 ], [ -73.797314, 40.70927 ], [ -73.798701, 40.710663 ], [ -73.803024, 40.70814 ] ] ] } },
{ "type": "Feature", "properties": { "GEOID": "36081060100", "gi_z": -1.5, "borough": "Queens", "pop": 2084.0, "incidents": 77, "lisa": "Low-Low" }, "geometry": { "type": "Polygon", "coordinates": [ [ [ -73.906021, 40.715743 ], [ -73.905376, 40.712877 ], [ -73.904895, 40.712857 ], [ -73.904772, 40.712866 ], [ -73.897502, 40.716384 ], [ -73.899018, 40.717382 ], [ -73.906021, 40.715743 ] ] ] } },
{ "type": "Feature", "properties": { "GEOID": "36081062700", "gi_z": -0.98, "borough": "Queens", "pop": 2831.0, "incidents": 54, "lisa": "Not significant" }, "geometry": { "type": "Polygon", "coordinates": [ [ [ -73.889119, 40.705599 ], [ -73.888043, 40.702972 ], [ -73.887401, 40.701401 ], [ -73.883747, 40.701705 ], [ -73.885549, 40.706155 ], [ -73.889119, 40.705599 ] ] ] } },
{ "type": "Feature", "properties": { "GEOID": "36081056600", "gi_z": -0.88, "borough": "Queens", "pop": 1546.0, "incidents": 46, "lisa": "Not significant" }, "geometry": { "type": "Polygon", "coordinates": [ [ [ -73.737763, 40.722166 ], [ -73.741961, 40.720357 ], [ -73.73984, 40.717309 ], [ -73.735304, 40.718498 ], [ -73.736917, 40.722467 ], [ -73.737763, 40.722166 ] ] ] } },
{ "type": "Feature", "properties": { "GEOID": "36081086400", "gi_z": -0.22, "borough": "Queens", "pop": 2884.0, "incidents": 79, "lisa": "Not significant" }, "geometry": { "type": "Polygon", "coordinates": [ [ [ -73.839521, 40.679962 ], [ -73.836981, 40.674678 ], [ -73.833312, 40.666759 ], [ -73.828079, 40.66609 ], [ -73.826953, 40.669718 ], [ -73.825818, 40.673353 ], [ -73.824673, 40.677031 ], [ -73.825406, 40.677147 ], [ -73.828837, 40.677692 ], [ -73.833325, 40.678657 ], [ -73.839521, 40.679962 ] ] ] } },
{ "type": "Feature", "properties": { "GEOID": "36081079900", "gi_z": -0.07, "borough": "Queens", "pop": 3151.0, "incidents": 125, "lisa": "Not significant" }, "geometry": { "type": "Polygon", "coordinates": [ [ [ -73.830609, 40.749026 ], [ -73.829301, 40.745633 ], [ -73.824262, 40.744421 ], [ -73.825844, 40.749348 ], [ -73.830609, 40.749026 ] ] ] } },
{ "type": "Feature", "properties": { "GEOID": "36081112300", "gi_z": -1.34, "borough": "Queens", "pop": 2341.0, "incidents": 136, "lisa": "Low-Low" }, "geometry": { "type": "Polygon", "coordinates": [ [ [ -73.774687, 40.768792 ], [ -73.770769, 40.763193 ], [ -73.768347, 40.76343 ], [ -73.770169, 40.769738 ], [ -73.770639, 40.769645 ], [ -73.774687, 40.768792 ] ] ] } },
{ "type": "Feature", "properties": { "GEOID": "36061011202", "gi_z": 1.66, "borough": "Manhattan", "pop": 518.0, "incidents": 89, "lisa": "Low-High" }, "geometry": { "type": "Polygon", "coordinates": [ [ [ -73.973015, 40.764279 ], [ -73.974457, 40.762293 ], [ -73.971243, 40.760937 ], [ -73.969801, 40.762914 ], [ -73.973015, 40.764279 ] ] ] } },
{ "type": "Feature", "properties": { "GEOID": "36061013400", "gi_z": -0.93, "borough": "Manhattan", "pop": 10475.0, "incidents": 163, "lisa": "Not significant" }, "geometry": { "type": "Polygon", "coordinates": [ [ [ -73.958255, 40.772965 ], [ -73.959645, 40.771064 ], [ -73.957404, 40.77012 ], [ -73.955037, 40.76912 ], [ -73.954112, 40.770389 ], [ -73.952686, 40.77234 ], [ -73.957294, 40.774283 ], [ -73.958255, 40.772965 ] ] ] } },
{ "type": "Feature", "properties": { "GEOID": "36061008900", "gi_z": 3.33, "borough": "Manhattan", "pop": 5890.0, "incidents": 223, "lisa": "High-High" }, "geometry": { "type": "Polygon", "coordinates": [ [ [ -74.004653, 40.747023 ], [ -74.006385, 40.744646 ], [ -74.000703, 40.742254 ], [ -73.998972, 40.74463 ], [ -74.004653, 40.747023 ] ] ] } },
{ "type": "Feature", "properties": { "GEOID": "36061003900", "gi_z": 2.36, "borough": "Manhattan", "pop": 5699.0, "incidents": 173, "lisa": "High-High" }, "geometry": { "type": "Polygon", "coordinates": [ [ [ -74.021831639725704, 40.725486955536212 ], [ -74.023065773904804, 40.720413970726497 ], [ -74.012292, 40.719039 ], [ -74.012731, 40.717114 ], [ -74.009205, 40.716188 ], [ -74.007912, 40.7237 ], [ -74.021831639725704, 40.725486955536212 ] ] ] } },
{ "type": "Feature", "properties": { "GEOID": "36061001502", "gi_z": 2.91, "borough": "Manhattan", "pop": 8375.0, "incidents": 528, "lisa": "High-High" }, "geometry": { "type": "MultiPolygon", "coordinates": [ [ [ [ -73.996371533420202, 40.703420668143302 ], [ -73.997747178028717, 40.701349458208909 ], [ -73.995138, 40.70298 ], [ -73.996371533420202, 40.703420668143302 ] ] ], [ [ [ -74.010542, 40.709154 ], [ -74.004284283293217, 40.704408570022288 ], [ -74.002198036341397, 40.705377048573112 ], [ -74.009063, 40.710887 ], [ -74.010542, 40.709154 ] ] ] ] } },
{ "type": "Feature", "properties": { "GEOID": "36061009300", "gi_z": 2.57, "borough": "Manhattan", "pop": 9559.0, "incidents": 333, "lisa": "High-High" }, "geometry": { "type": "Polygon", "coordinates": [ [ [ -74.002785, 40.749592 ], [ -74.004653, 40.747023 ], [ -73.998972, 40.74463 ], [ -73.997099, 40.747205 ], [ -74.002785, 40.749592 ] ] ] } },
{ "type": "Feature", "properties": { "GEOID": "36061004200", "gi_z": 3.98, "borough": "Manhattan", "pop": 5141.0, "incidents": 240, "lisa": "High-High" }, "geometry": { "type": "Polygon", "coordinates": [ [ [ -73.991285, 40.727762 ], [ -73.989482, 40.730133 ], [ -73.98718, 40.733292 ], [ -73.989903, 40.734435 ], [ -73.99039, 40.731289 ], [ -73.991285, 40.727762 ] ] ] } },
{ "type": "Feature", "properties": { "GEOID": "36047090600", "gi_z": 1.43, "borough": "Brooklyn", "pop": 4344.0, "incidents": 223, "lisa": "Not significant" }, "geometry": { "type": "Polygon", "coordinates": [ [ [ -73.911336, 40.672077 ], [ -73.91009, 40.667154 ], [ -73.906355, 40.667708 ], [ -73.907877, 40.673567 ], [ -73.909255, 40.672948 ], [ -73.911336, 40.672077 ] ] ] } },
{ "type": "Feature", "properties": { "GEOID": "36047112200", "gi_z": 2.3, "borough": "Brooklyn", "pop": 3500.0, "incidents": 168, "lisa": "High-High" }, "geometry": { "type": "Polygon", "coordinates": [ [ [ -73.889907, 40.663778 ], [ -73.888385, 40.661338 ], [ -73.881856, 40.66415 ], [ -73.883309, 40.666112 ], [ -73.889907, 40.663778 ] ] ] } },
{ "type": "Feature", "properties": { "GEOID": "36047088200", "gi_z": -0.26, "borough": "Brooklyn", "pop": 6535.0, "incidents": 170, "lisa": "Not significant" }, "geometry": { "type": "Polygon", "coordinates": [ [ [ -73.928544, 40.664574 ], [ -73.930685, 40.66362 ], [ -73.926464, 40.659814 ], [ -73.924654, 40.657007 ], [ -73.923599, 40.656053 ], [ -73.923216, 40.659107 ], [ -73.928228, 40.66471 ], [ -73.928544, 40.664574 ] ] ] } },
{ "type": "Feature", "properties": { "GEOID": "36047090000", "gi_z": 0.62, "borough": "Brooklyn", "pop": 4964.0, "incidents": 234, "lisa": "Not significant" }, "geometry": { "type": "Polygon", "coordinates": [ [ [ -73.924389, 40.666385 ], [ -73.919097, 40.66423 ], [ -73.916267, 40.664654 ], [ -73.917482, 40.669393 ], [ -73.922753, 40.667098 ], [ -73.924389, 40.666385 ] ] ] } },
{ "type": "Feature", "properties": { "GEOID": "36061014402", "gi_z": -1.46, "borough": "Manhattan", "pop": 6799.0, "incidents": 102, "lisa": "Low-Low" }, "geometry": { "type": "Polygon", "coordinates": [ [ [ -73.947968, 40.778807 ], [ -73.949374, 40.776876 ], [ -73.945728, 40.773622 ], [ -73.944337, 40.773108 ], [ -73.941937, 40.776031 ], [ -73.947968, 40.778807 ] ] ] } },
{ "type": "Feature", "properties": { "GEOID": "36061021800", "gi_z": 1.72, "borough": "Manhattan", "pop": 6128.0, "incidents": 474, "lisa": "Not significant" }, "geometry": { "type": "Polygon", "coordinates": [ [ [ -73.954416, 40.805725 ], [ -73.956321, 40.803115 ], [ -73.950636, 40.80072 ], [ -73.950186, 40.801332 ], [ -73.948728, 40.803331 ], [ -73.954416, 40.805725 ] ] ] } },
{ "type": "Feature", "properties": { "GEOID": "36061016400", "gi_z": 2.17, "borough": "Manhattan", "pop": 8310.0, "incidents": 293, "lisa": "High-High" }, "geometry": { "type": "Polygon", "coordinates": [ [ [ -73.945636, 40.790254 ], [ -73.947924, 40.787121 ], [ -73.943319, 40.785174 ], [ -73.941019, 40.788319 ], [ -73.945636, 40.790254 ] ] ] } },
{ "type": "Feature", "properties": { "GEOID": "36061020102", "gi_z": 2.08, "borough": "Manhattan", "pop": 4148.0, "incidents": 172, "lisa": "High-High" }, "geometry": { "type": "Polygon", "coordinates": [ [ [ -73.957266, 40.806916 ], [ -73.958204, 40.803894 ], [ -73.956321, 40.803115 ], [ -73.954416, 40.805725 ], [ -73.957266, 40.806916 ] ] ] } },
{ "type": "Feature", "properties": { "GEOID": "36061000600", "gi_z": 2.54, "borough": "Manhattan", "pop": 10302.0, "incidents": 316, "lisa": "High-High" }, "geometry": { "type": "Polygon", "coordinates": [ [ [ -73.992562, 40.714388 ], [ -73.991939, 40.709528 ], [ -73.989381, 40.705137 ], [ -73.98653, 40.704979 ], [ -73.987165, 40.714312 ], [ -73.99022, 40.714405 ], [ -73.992562, 40.714388 ] ] ] } },
{ "type": "Feature", "properties": { "GEOID": "36061009200", "gi_z": 2.46, "borough": "Manhattan", "pop": 1387.0, "incidents": 777, "lisa": "Not significant" }, "geometry": { "type": "Polygon", "coordinates": [ [ [ -73.97837, 40.752416 ], [ -73.977677, 40.752119 ], [ -73.974449, 40.750766 ], [ -73.973503, 40.752065 ], [ -73.971217, 40.755193 ], [ -73.974439, 40.756556 ], [ -73.97837, 40.752416 ] ] ] } },
{ "type": "Feature", "properties": { "GEOID": "36085013302", "gi_z": -0.84, "borough": "Staten Island", "pop": 3216.0, "incidents": 203, "lisa": "Not significant" }, "geometry": { "type": "Polygon", "coordinates": [ [ [ -74.13047, 40.631676 ], [ -74.130461, 40.630897 ], [ -74.124891, 40.631728 ], [ -74.116836, 40.632675 ], [ -74.117199, 40.634568 ], [ -74.120239, 40.6343 ], [ -74.120636, 40.636573 ], [ -74.117549, 40.636954 ], [ -74.117657, 40.638062 ], [ -74.120892072038899, 40.641730592743514 ], [ -74.126975404959893, 40.639962979709189 ], [ -74.13047, 40.631676 ] ] ] } },
{ "type": "Feature", "properties": { "GEOID": "36047015900", "gi_z": -0.62, "borough": "Brooklyn", "pop": 5377.0, "incidents": 162, "lisa": "Not significant" }, "geometry": { "type": "Polygon", "coordinates": [ [ [ -73.97618, 40.678065 ], [ -73.97796, 40.675438 ], [ -73.972955, 40.673488 ], [ -73.970409, 40.672617 ], [ -73.968924, 40.672938 ], [ -73.969498, 40.675906 ], [ -73.971904, 40.676413 ], [ -73.97618, 40.678065 ] ] ] } },
{ "type": "Feature", "properties": { "GEOID": "36047017800", "gi_z": -1.71, "borough": "Brooklyn", "pop": 2517.0, "incidents": 85, "lisa": "Low-Low" }, "geometry": { "type": "Polygon", "coordinates": [ [ [ -74.008369, 40.605217 ], [ -74.006172, 40.603887 ], [ -74.004934, 40.605075 ], [ -74.000935, 40.608637 ], [ -74.002665, 40.60957 ], [ -74.003425, 40.609969 ], [ -74.008369, 40.605217 ] ] ] } },
{ "type": "Feature", "properties": { "GEOID": "36047009800", "gi_z": -0.41, "borough": "Brooklyn", "pop": 6713.0, "incidents": 167, "lisa": "Not significant" }, "geometry": { "type": "Polygon", "coordinates": [ [ [ -74.009153, 40.646227 ], [ -74.011484, 40.643986 ], [ -74.007079, 40.641325 ], [ -74.004747, 40.643567 ], [ -74.009153, 40.646227 ] ] ] } },
{ "type": "Feature", "properties": { "GEOID": "36047002200", "gi_z": -0.56, "borough": "Brooklyn", "pop": 4650.0, "incidents": 184, "lisa": "Not significant" }, "geometry": { "type": "Polygon", "coordinates": [ [ [ -74.026257, 40.640132 ], [ -74.026861, 40.639536 ], [ -74.021165, 40.641417 ], [ -74.020212, 40.641981 ], [ -74.017877, 40.644201 ], [ -74.016651, 40.645331 ], [ -74.019256, 40.646853 ], [ -74.023835, 40.645919 ], [ -74.021598, 40.644598 ], [ -74.026257, 40.640132 ] ] ] } },
{ "type": "Feature", "properties": { "GEOID": "36047032300", "gi_z": 0.09, "borough": "Brooklyn", "pop": 3589.0, "incidents": 119, "lisa": "Not significant" }, "geometry": { "type": "Polygon", "coordinates": [ [ [ -73.957292, 40.664303 ], [ -73.953849, 40.663728 ], [ -73.95327, 40.670007 ], [ -73.955269, 40.670125 ], [ -73.957292, 40.664303 ] ] ] } },
{ "type": "Feature", "properties": { "GEOID": "36047027200", "gi_z": -1.45, "borough": "Brooklyn", "pop": 3750.0, "incidents": 46, "lisa": "Not significant" }, "geometry": { "type": "Polygon", "coordinates": [ [ [ -73.996922, 40.609335 ], [ -73.997503, 40.608775 ], [ -73.995303, 40.607445 ], [ -73.993104, 40.606116 ], [ -73.988551, 40.607002 ], [ -73.988423, 40.607119 ], [ -73.987965, 40.607566 ], [ -73.992394, 40.610241 ], [ -73.996922, 40.609335 ] ] ] } },
{ "type": "Feature", "properties": { "GEOID": "36047037300", "gi_z": 0.57, "borough": "Brooklyn", "pop": 4952.0, "incidents": 215, "lisa": "Not significant" }, "geometry": { "type": "Polygon", "coordinates": [ [ [ -73.918046, 40.687213 ], [ -73.91785, 40.686233 ], [ -73.917122, 40.682568 ], [ -73.916977, 40.681834 ], [ -73.911664, 40.682446 ], [ -73.911512, 40.683505 ], [ -73.912273, 40.683935 ], [ -73.916046, 40.686072 ], [ -73.918046, 40.687213 ] ] ] } },
{ "type": "Feature", "properties": { "GEOID": "36047041401", "gi_z": -1.66, "borough": "Brooklyn", "pop": 1237.0, "incidents": 58, "lisa": "Low-Low" }, "geometry": { "type": "Polygon", "coordinates": [ [ [ -73.972565, 40.601794 ], [ -73.972911, 40.599315 ], [ -73.971911, 40.599423 ], [ -73.96913, 40.599733 ], [ -73.970021, 40.604444 ], [ -73.972178, 40.604195 ], [ -73.972565, 40.601794 ] ] ] } },
{ "type": "Feature", "properties": { "GEOID": "36047046201", "gi_z": -1.5, "borough": "Brooklyn", "pop": 2311.0, "incidents": 46, "lisa": "Low-Low" }, "geometry": { "type": "Polygon", "coordinates": [ [ [ -73.976578, 40.627574 ], [ -73.976235, 40.625976 ], [ -73.970922, 40.62657 ], [ -73.971374, 40.628966 ], [ -73.971568, 40.629988 ], [ -73.971806, 40.629874 ], [ -73.976578, 40.627574 ] ] ] } },
{ "type": "Feature", "properties": { "GEOID": "36047052000", "gi_z": -0.91, "borough": "Brooklyn", "pop": 3511.0, "incidents": 113, "lisa": "Not significant" }, "geometry": { "type": "Polygon", "coordinates": [ [ [ -73.966174, 40.640431 ], [ -73.964805, 40.633249 ], [ -73.962203, 40.6345 ], [ -73.963186, 40.639672 ], [ -73.963557, 40.64161 ], [ -73.966174, 40.640431 ] ] ] } },
{ "type": "Feature", "properties": { "GEOID": "36047057600", "gi_z": -1.72, "borough": "Brooklyn", "pop": 2649.0, "incidents": 61, "lisa": "Low-Low" }, "geometry": { "type": "Polygon", "coordinates": [ [ [ -73.949874, 40.601853 ], [ -73.949047, 40.597479 ], [ -73.94623, 40.597789 ], [ -73.945265, 40.597894 ], [ -73.946096, 40.60227 ], [ -73.94895, 40.601954 ], [ -73.949874, 40.601853 ] ] ] } },
{ "type": "Feature", "properties": { "GEOID": "36047059600", "gi_z": -1.27, "borough": "Brooklyn", "pop": 2261.0, "incidents": 67, "lisa": "Not significant" }, "geometry": { "type": "Polygon", "coordinates": [ [ [ -73.944012, 40.591265 ], [ -73.943609, 40.589147 ], [ -73.939796, 40.589565 ], [ -73.936985, 40.589871 ], [ -73.93778, 40.594126 ], [ -73.939641, 40.593922 ], [ -73.944012, 40.591265 ] ] ] } },
{ "type": "Feature", "properties": { "GEOID": "36081027301", "gi_z": 2.38, "borough": "Queens", "pop": 3098.0, "incidents": 476, "lisa": "High-High" }, "geometry": { "type": "Polygon", "coordinates": [ [ [ -73.874455, 40.752859 ], [ -73.873701, 40.748717 ], [ -73.873303, 40.748758 ], [ -73.872373, 40.748852 ], [ -73.869425, 40.749157 ], [ -73.870842, 40.751545 ], [ -73.874455, 40.752859 ] ] ] } },
{ "type": "Feature", "properties": { "GEOID": "36081097206", "gi_z": -1.29, "borough": "Queens", "pop": 2635.0, "incidents": 31, "lisa": "Not significant" }, "geometry": { "type": "Polygon", "coordinates": [ [ [ -73.781952, 40.596457 ], [ -73.781836, 40.595267 ], [ -73.77387, 40.595772 ], [ -73.771156, 40.598298 ], [ -73.775455, 40.601651 ], [ -73.779683, 40.596693 ], [ -73.781952, 40.596457 ] ] ] } },
{ "type": "Feature", "properties": { "GEOID": "36005017702", "gi_z": 2.12, "borough": "Bronx", "pop": 5232.0, "incidents": 314, "lisa": "High-High" }, "geometry": { "type": "Polygon", "coordinates": [ [ [ -73.9129, 40.835297 ], [ -73.908691, 40.833938 ], [ -73.907402, 40.836232 ], [ -73.905979, 40.838505 ], [ -73.905383, 40.839769 ], [ -73.905607, 40.839844 ], [ -73.909458, 40.837057 ], [ -73.91139, 40.837866 ], [ -73.9129, 40.835297 ] ] ] } },
{ "type": "Feature", "properties": { "GEOID": "36005037504", "gi_z": 4.78, "borough": "Bronx", "pop": 4015.0, "incidents": 443, "lisa": "High-High" }, "geometry": { "type": "Polygon", "coordinates": [ [ [ -73.893071, 40.85325 ], [ -73.896177, 40.846659 ], [ -73.893374, 40.846401 ], [ -73.889879, 40.85207 ], [ -73.89003, 40.854221 ], [ -73.890389, 40.854689 ], [ -73.893071, 40.85325 ] ] ] } },
{ "type": "Feature", "properties": { "GEOID": "36081019902", "gi_z": -0.84, "borough": "Queens", "pop": 181.0, "incidents": 80, "lisa": "Not significant" }, "geometry": { "type": "Polygon", "coordinates": [ [ [ -73.947064, 40.737516 ], [ -73.942163, 40.735678 ], [ -73.937525, 40.729815 ], [ -73.928307, 40.72834 ], [ -73.927512, 40.729122 ], [ -73.931639, 40.729223 ], [ -73.93742, 40.733762 ], [ -73.935079, 40.737494 ], [ -73.934868, 40.742983 ], [ -73.937651, 40.743305 ], [ -73.941462, 40.739249 ], [ -73.947064, 40.737516 ] ] ] } },
{ "type": "Feature", "properties": { "GEOID": "36005025300", "gi_z": 3.98, "borough": "Bronx", "pop": 5503.0, "incidents": 268, "lisa": "High-High" }, "geometry": { "type": "Polygon", "coordinates": [ [ [ -73.907773, 40.859608 ], [ -73.904868, 40.858693 ], [ -73.90108, 40.862756 ], [ -73.903319, 40.862735 ], [ -73.904934, 40.862749 ], [ -73.907773, 40.859608 ] ] ] } },
{ "type": "Feature", "properties": { "GEOID": "36005017300", "gi_z": 4.59, "borough": "Bronx", "pop": 5266.0, "incidents": 349, "lisa": "High-High" }, "geometry": { "type": "Polygon", "coordinates": [ [ [ -73.920665, 40.821837 ], [ -73.92034, 40.822095 ], [ -73.916773, 40.824387 ], [ -73.915451, 40.825748 ], [ -73.912962, 40.82816 ], [ -73.91641, 40.82929 ], [ -73.918459, 40.825574 ], [ -73.920665, 40.821837 ] ] ] } },
{ "type": "Feature", "properties": { "GEOID": "36047053000", "gi_z": -1.45, "borough": "Brooklyn", "pop": 3329.0, "incidents": 70, "lisa": "Low-Low" }, "geometry": { "type": "Polygon", "coordinates": [ [ [ -73.966074, 40.629545 ], [ -73.965173, 40.624766 ], [ -73.961393, 40.625179 ], [ -73.962298, 40.629961 ], [ -73.966074, 40.629545 ] ] ] } },
{ "type": "Feature", "properties": { "GEOID": "36081080900", "gi_z": -0.45, "borough": "Queens", "pop": 7864.0, "incidents": 158, "lisa": "Not significant" }, "geometry": { "type": "Polygon", "coordinates": [ [ [ -73.824812, 40.739631 ], [ -73.825665, 40.73228 ], [ -73.833863, 40.730553 ], [ -73.8317, 40.728034 ], [ -73.823537, 40.729999 ], [ -73.814916, 40.732038 ], [ -73.814968, 40.73855 ], [ -73.824812, 40.739631 ] ] ] } },
{ "type": "Feature", "properties": { "GEOID": "36081129102", "gi_z": -1.22, "borough": "Queens", "pop": 3807.0, "incidents": 91, "lisa": "Not significant" }, "geometry": { "type": "Polygon", "coordinates": [ [ [ -73.7637, 40.732864 ], [ -73.762038, 40.729452 ], [ -73.756783, 40.726306 ], [ -73.750658, 40.729195 ], [ -73.746738, 40.732583 ], [ -73.741676, 40.736827 ], [ -73.755196, 40.734302 ], [ -73.7637, 40.732864 ] ] ] } },
{ "type": "Feature", "properties": { "GEOID": "36081155101", "gi_z": -1.45, "borough": "Queens", "pop": 2174.0, "incidents": 0, "lisa": "Not significant" }, "geometry": { "type": "Polygon", "coordinates": [ [ [ -73.713325, 40.75973 ], [ -73.716986, 40.759428 ], [ -73.721489, 40.756427 ], [ -73.715411, 40.755678 ], [ -73.712769, 40.751912 ], [ -73.707825, 40.756216 ], [ -73.713325, 40.75973 ] ] ] } },
{ "type": "Feature", "properties": { "GEOID": "36081122300", "gi_z": -0.85, "borough": "Queens", "pop": 3166.0, "incidents": 98, "lisa": "Not significant" }, "geometry": { "type": "Polygon", "coordinates": [ [ [ -73.804667, 40.738445 ], [ -73.804063, 40.731638 ], [ -73.803163, 40.7316 ], [ -73.798658, 40.731428 ], [ -73.794278, 40.732696 ], [ -73.796302, 40.738333 ], [ -73.804667, 40.738445 ] ] ] } },
{ "type": "Feature", "properties": { "GEOID": "36081025302", "gi_z": -0.63, "borough": "Queens", "pop": 3026.0, "incidents": 122, "lisa": "Not significant" }, "geometry": { "type": "Polygon", "coordinates": [ [ [ -73.914303, 40.746138 ], [ -73.915021, 40.742553 ], [ -73.913828, 40.742414 ], [ -73.911987, 40.742189 ], [ -73.912449, 40.74592 ], [ -73.914303, 40.746138 ] ] ] } },
{ "type": "Feature", "properties": { "GEOID": "36081006502", "gi_z": 0.43, "borough": "Queens", "pop": 3975.0, "incidents": 184, "lisa": "Not significant" }, "geometry": { "type": "Polygon", "coordinates": [ [ [ -73.91819, 40.765394 ], [ -73.915791, 40.764268 ], [ -73.914992, 40.763892 ], [ -73.913701, 40.76548 ], [ -73.91194, 40.76901 ], [ -73.914874, 40.76947 ], [ -73.91819, 40.765394 ] ] ] } },
{ "type": "Feature", "properties": { "GEOID": "36081094202", "gi_z": -0.02, "borough": "Queens", "pop": 5623.0, "incidents": 220, "lisa": "Not significant" }, "geometry": { "type": "Polygon", "coordinates": [ [ [ -73.819835, 40.591897 ], [ -73.817229, 40.585687 ], [ -73.813048, 40.587338 ], [ -73.801991, 40.588869 ], [ -73.802438, 40.59264 ], [ -73.807512, 40.597862 ], [ -73.810285, 40.595073 ], [ -73.819835, 40.591897 ] ] ] } },
{ "type": "Feature", "properties": { "GEOID": "36085014607", "gi_z": -1.68, "borough": "Staten Island", "pop": 4754.0, "incidents": 27, "lisa": "Low-Low" }, "geometry": { "type": "Polygon", "coordinates": [ [ [ -74.169827, 40.561078 ], [ -74.168052, 40.552718 ], [ -74.157672, 40.554058 ], [ -74.160968, 40.56146 ], [ -74.164941, 40.560112 ], [ -74.169827, 40.561078 ] ] ] } },
{ "type": "Feature", "properties": { "GEOID": "36047033600", "gi_z": -0.73, "borough": "Brooklyn", "pop": 4762.0, "incidents": 53, "lisa": "Not significant" }, "geometry": { "type": "Polygon", "coordinates": [ [ [ -74.004000833087005, 40.581722484094101 ], [ -74.010881, 40.580582 ], [ -74.012865, 40.577908 ], [ -74.01147, 40.574479 ], [ -74.00287, 40.572305 ], [ -74.002548, 40.573327 ], [ -74.002796, 40.574637 ], [ -74.003223, 40.576887 ], [ -74.004000833087005, 40.581722484094101 ] ] ] } },
{ "type": "Feature", "properties": { "GEOID": "36047040200", "gi_z": -1.63, "borough": "Brooklyn", "pop": 2414.0, "incidents": 91, "lisa": "Low-Low" }, "geometry": { "type": "Polygon", "coordinates": [ [ [ -73.985491, 40.59793 ], [ -73.985266, 40.596744 ], [ -73.984678, 40.593659 ], [ -73.98464, 40.593552 ], [ -73.980711, 40.593997 ], [ -73.979955, 40.594074 ], [ -73.980358, 40.596192 ], [ -73.980784, 40.598447 ], [ -73.983567, 40.59814 ], [ -73.985491, 40.59793 ] ] ] } },
{ "type": "Feature", "properties": { "GEOID": "36047045200", "gi_z": -2.1, "borough": "Brooklyn", "pop": 2543.0, "incidents": 22, "lisa": "Low-Low" }, "geometry": { "type": "Polygon", "coordinates": [ [ [ -73.970474, 40.624182 ], [ -73.969784, 40.620559 ], [ -73.969112, 40.61701 ], [ -73.965739, 40.61738 ], [ -73.966645, 40.622163 ], [ -73.970474, 40.624182 ] ] ] } },
{ "type": "Feature", "properties": { "GEOID": "36081061900", "gi_z": -1.91, "borough": "Queens", "pop": 3046.0, "incidents": 72, "lisa": "Low-Low" }, "geometry": { "type": "Polygon", "coordinates": [ [ [ -73.880063, 40.712653 ], [ -73.877683, 40.707177 ], [ -73.881232, 40.706372 ], [ -73.87722, 40.706687 ], [ -73.874918, 40.706816 ], [ -73.875478, 40.71312 ], [ -73.878292, 40.712831 ], [ -73.880063, 40.712653 ] ] ] } },
{ "type": "Feature", "properties": { "GEOID": "36081054800", "gi_z": -1.5, "borough": "Queens", "pop": 2382.0, "incidents": 34, "lisa": "Low-Low" }, "geometry": { "type": "Polygon", "coordinates": [ [ [ -73.754969, 40.72416 ], [ -73.755771, 40.72364 ], [ -73.752334, 40.720262 ], [ -73.746662, 40.723639 ], [ -73.748917, 40.725764 ], [ -73.754969, 40.72416 ] ] ] } },
{ "type": "Feature", "properties": { "GEOID": "36081088400", "gi_z": 0.03, "borough": "Queens", "pop": 8995.0, "incidents": 259, "lisa": "Not significant" }, "geometry": { "type": "Polygon", "coordinates": [ [ [ -73.842429, 40.668784 ], [ -73.842266, 40.668272 ], [ -73.841652, 40.66597 ], [ -73.836813, 40.649249 ], [ -73.835664, 40.644058 ], [ -73.825337, 40.644248 ], [ -73.828392, 40.65603 ], [ -73.832705, 40.665406 ], [ -73.833312, 40.666759 ], [ -73.842429, 40.668784 ] ] ] } },
{ "type": "Feature", "properties": { "GEOID": "36081073700", "gi_z": -0.93, "borough": "Queens", "pop": 2088.0, "incidents": 277, "lisa": "Not significant" }, "geometry": { "type": "Polygon", "coordinates": [ [ [ -73.845254, 40.719441 ], [ -73.842315, 40.715588 ], [ -73.841165, 40.717414 ], [ -73.839812, 40.719602 ], [ -73.840852, 40.720065 ], [ -73.843978, 40.721455 ], [ -73.845254, 40.719441 ] ] ] } },
{ "type": "Feature", "properties": { "GEOID": "36047077200", "gi_z": -1.71, "borough": "Brooklyn", "pop": 3068.0, "incidents": 103, "lisa": "Low-Low" }, "geometry": { "type": "Polygon", "coordinates": [ [ [ -73.957299, 40.630512 ], [ -73.956847, 40.62812 ], [ -73.954885, 40.628336 ], [ -73.951106, 40.62875 ], [ -73.950177, 40.628852 ], [ -73.951059, 40.633635 ], [ -73.956241, 40.635509 ], [ -73.957299, 40.630512 ] ] ] } },
{ "type": "Feature", "properties": { "GEOID": "36047081600", "gi_z": -0.4, "borough": "Brooklyn", "pop": 2893.0, "incidents": 93, "lisa": "Not significant" }, "geometry": { "type": "Polygon", "coordinates": [ [ [ -73.947159, 40.655594 ], [ -73.945706, 40.651006 ], [ -73.942826, 40.65111 ], [ -73.941891, 40.651169 ], [ -73.942401, 40.655885 ], [ -73.947159, 40.655594 ] ] ] } },
{ "type": "Feature", "properties": { "GEOID": "36047069200", "gi_z": -1.66, "borough": "Brooklyn", "pop": 2301.0, "incidents": 62, "lisa": "Low-Low" }, "geometry": { "type": "Polygon", "coordinates": [ [ [ -73.923497, 40.623802 ], [ -73.923262, 40.6216 ], [ -73.917515, 40.621941 ], [ -73.917995, 40.626458 ], [ -73.920869, 40.626251 ], [ -73.923497, 40.623802 ] ] ] } },
{ "type": "Feature", "properties": { "GEOID": "36047091000", "gi_z": 0.44, "borough": "Brooklyn", "pop": 5837.0, "incidents": 201, "lisa": "Not significant" }, "geometry": { "type": "Polygon", "coordinates": [ [ [ -73.906355, 40.667708 ], [ -73.905173, 40.663106 ], [ -73.901451, 40.663659 ], [ -73.900851, 40.665346 ], [ -73.901668, 40.668413 ], [ -73.906355, 40.667708 ] ] ] } },
{ "type": "Feature", "properties": { "GEOID": "36047096400", "gi_z": -1.19, "borough": "Brooklyn", "pop": 2086.0, "incidents": 93, "lisa": "Not significant" }, "geometry": { "type": "Polygon", "coordinates": [ [ [ -73.907084, 40.644623 ], [ -73.910764, 40.642246 ], [ -73.907454, 40.639276 ], [ -73.903774, 40.641652 ], [ -73.907084, 40.644623 ] ] ] } },
{ "type": "Feature", "properties": { "GEOID": "36047115800", "gi_z": 1.96, "borough": "Brooklyn", "pop": 2529.0, "incidents": 155, "lisa": "Low-High" }, "geometry": { "type": "Polygon", "coordinates": [ [ [ -73.894556, 40.67077 ], [ -73.893446, 40.666446 ], [ -73.890694, 40.666852 ], [ -73.88977, 40.66699 ], [ -73.890878, 40.671318 ], [ -73.892711, 40.671046 ], [ -73.894556, 40.67077 ] ] ] } },
{ "type": "Feature", "properties": { "GEOID": "36047120200", "gi_z": 0.34, "borough": "Brooklyn", "pop": 1999.0, "incidents": 162, "lisa": "Not significant" }, "geometry": { "type": "Polygon", "coordinates": [ [ [ -73.868547, 40.677206 ], [ -73.869776, 40.677027 ], [ -73.861764, 40.674233 ], [ -73.861064, 40.674343 ], [ -73.861318, 40.675021 ], [ -73.862028, 40.677886 ], [ -73.868547, 40.677206 ] ] ] } },
{ "type": "Feature", "properties": { "GEOID": "36081156700", "gi_z": -1.64, "borough": "Queens", "pop": 1751.0, "incidents": 73, "lisa": "Low-Low" }, "geometry": { "type": "Polygon", "coordinates": [ [ [ -73.740291, 40.738517 ], [ -73.741676, 40.736827 ], [ -73.733773, 40.738899 ], [ -73.735265, 40.733454 ], [ -73.727734, 40.731058 ], [ -73.726366, 40.733455 ], [ -73.726569, 40.740823 ], [ -73.726469, 40.744206 ], [ -73.718944, 40.746944 ], [ -73.719887, 40.74937 ], [ -73.72768, 40.749639 ], [ -73.728649, 40.748068 ], [ -73.733763, 40.742869 ], [ -73.740291, 40.738517 ] ] ] } },
{ "type": "Feature", "properties": { "GEOID": "36005033201", "gi_z": 1.81, "borough": "Bronx", "pop": 4050.0, "incidents": 120, "lisa": "Low-High" }, "geometry": { "type": "Polygon", "coordinates": [ [ [ -73.870579, 40.861405 ], [ -73.868383, 40.857812 ], [ -73.867588, 40.85783 ], [ -73.867486, 40.861346 ], [ -73.870579, 40.861405 ] ] ] } },
{ "type": "Feature", "properties": { "GEOID": "36005009600", "gi_z": 1.97, "borough": "Bronx", "pop": 1978.0, "incidents": 359, "lisa": "Not significant" }, "geometry": { "type": "Polygon", "coordinates": [ [ [ -73.849559, 40.834409 ], [ -73.847261, 40.829313 ], [ -73.845255, 40.828463 ], [ -73.843917, 40.828447 ], [ -73.842385, 40.828688 ], [ -73.839332, 40.833554 ], [ -73.839364, 40.840878 ], [ -73.842041, 40.840646 ], [ -73.844581, 40.838536 ], [ -73.847316, 40.836264 ], [ -73.849559, 40.834409 ] ] ] } },
{ "type": "Feature", "properties": { "GEOID": "36047034800", "gi_z": 1.84, "borough": "Brooklyn", "pop": 3011.0, "incidents": 253, "lisa": "Not significant" }, "geometry": { "type": "Polygon", "coordinates": [ [ [ -73.990679, 40.58006 ], [ -73.990504, 40.578358 ], [ -73.984149, 40.579053 ], [ -73.983435, 40.575414 ], [ -73.981256, 40.575563 ], [ -73.981975, 40.579254 ], [ -73.976271, 40.579821 ], [ -73.974638, 40.583114 ], [ -73.987084, 40.584619 ], [ -73.988358, 40.583475 ], [ -73.990679, 40.58006 ] ] ] } },
{ "type": "Feature", "properties": { "GEOID": "36047043000", "gi_z": -1.38, "borough": "Brooklyn", "pop": 3666.0, "incidents": 155, "lisa": "Low-Low" }, "geometry": { "type": "Polygon", "coordinates": [ [ [ -73.987965, 40.607566 ], [ -73.988423, 40.607119 ], [ -73.982548, 40.607764 ], [ -73.981624, 40.607866 ], [ -73.98266, 40.612693 ], [ -73.983222, 40.612122 ], [ -73.984963, 40.610448 ], [ -73.986129, 40.60933 ], [ -73.987965, 40.607566 ] ] ] } },
{ "type": "Feature", "properties": { "GEOID": "36061024302", "gi_z": 4.83, "borough": "Manhattan", "pop": 7627.0, "incidents": 168, "lisa": "High-High" }, "geometry": { "type": "Polygon", "coordinates": [ [ [ -73.933006, 40.835679 ], [ -73.938683, 40.832801 ], [ -73.940167, 40.830383 ], [ -73.938588, 40.829717 ], [ -73.937271, 40.829154 ], [ -73.933059, 40.828156 ], [ -73.933144, 40.834815 ], [ -73.933006, 40.835679 ] ] ] } },
{ "type": "Feature", "properties": { "GEOID": "36047105804", "gi_z": 0.64, "borough": "Brooklyn", "pop": 6083.0, "incidents": 167, "lisa": "Not significant" }, "geometry": { "type": "Polygon", "coordinates": [ [ [ -73.889994, 40.651138 ], [ -73.891252, 40.650026 ], [ -73.880739, 40.639613 ], [ -73.876082, 40.643293 ], [ -73.886282, 40.652756 ], [ -73.889994, 40.651138 ] ] ] } },
{ "type": "Feature", "properties": { "GEOID": "36085009601", "gi_z": -1.7, "borough": "Staten Island", "pop": 4326.0, "incidents": 54, "lisa": "Low-Low" }, "geometry": { "type": "Polygon", "coordinates": [ [ [ -74.091779, 40.599239 ], [ -74.097221, 40.595365 ], [ -74.088365, 40.590752 ], [ -74.085875, 40.59589 ], [ -74.082288, 40.598402 ], [ -74.082188, 40.601941 ], [ -74.089476, 40.600904 ], [ -74.091779, 40.599239 ] ] ] } },
{ "type": "Feature", "properties": { "GEOID": "36005040702", "gi_z": 2.19, "borough": "Bronx", "pop": 6233.0, "incidents": 310, "lisa": "High-High" }, "geometry": { "type": "Polygon", "coordinates": [ [ [ -73.887851, 40.872121 ], [ -73.890976, 40.870159 ], [ -73.889892, 40.869522 ], [ -73.888314, 40.868547 ], [ -73.885937, 40.865924 ], [ -73.883625, 40.867258 ], [ -73.886229, 40.870778 ], [ -73.887851, 40.872121 ] ] ] } },
{ "type": "Feature", "properties": { "GEOID": "36005041900", "gi_z": 2.93, "borough": "Bronx", "pop": 6215.0, "incidents": 474, "lisa": "High-High" }, "geometry": { "type": "Polygon", "coordinates": [ [ [ -73.885265, 40.879228 ], [ -73.884782, 40.878419 ], [ -73.882957, 40.873052 ], [ -73.88247, 40.872128 ], [ -73.87923, 40.873672 ], [ -73.877686, 40.878994 ], [ -73.885265, 40.879228 ] ] ] } },
{ "type": "Feature", "properties": { "GEOID": "36005043600", "gi_z": -0.01, "borough": "Bronx", "pop": 2362.0, "incidents": 109, "lisa": "Not significant" }, "geometry": { "type": "Polygon", "coordinates": [ [ [ -73.848219, 40.899828 ], [ -73.853136, 40.894922 ], [ -73.848629, 40.895914 ], [ -73.846875, 40.8963 ], [ -73.848219, 40.899828 ] ] ] } },
{ "type": "Feature", "properties": { "GEOID": "36005022902", "gi_z": 1.82, "borough": "Bronx", "pop": 3378.0, "incidents": 291, "lisa": "Not significant" }, "geometry": { "type": "Polygon", "coordinates": [ [ [ -73.909361, 40.845006 ], [ -73.909547, 40.843045 ], [ -73.905, 40.842535 ], [ -73.904937, 40.843375 ], [ -73.904851, 40.844726 ], [ -73.909361, 40.845006 ] ] ] } },
{ "type": "Feature", "properties": { "GEOID": "36085007002", "gi_z": -1.45, "borough": "Staten Island", "pop": 5914.0, "incidents": 82, "lisa": "Low-Low" }, "geometry": { "type": "Polygon", "coordinates": [ [ [ -74.081649, 40.59221 ], [ -74.088496, 40.584789 ], [ -74.076031, 40.578301 ], [ -74.065021309922102, 40.58906834988661 ], [ -74.07044, 40.596735 ], [ -74.081649, 40.59221 ] ] ] } },
{ "type": "Feature", "properties": { "GEOID": "36047019600", "gi_z": -1.83, "borough": "Brooklyn", "pop": 3872.0, "incidents": 61, "lisa": "Low-Low" }, "geometry": { "type": "Polygon", "coordinates": [ [ [ -74.006095, 40.625033 ], [ -74.007839, 40.623355 ], [ -74.005637, 40.622024 ], [ -74.003436, 40.620696 ], [ -74.00053, 40.62349 ], [ -74.004932, 40.626151 ], [ -74.006095, 40.625033 ] ] ] } },
{ "type": "Feature", "properties": { "GEOID": "36047011600", "gi_z": -1.23, "borough": "Brooklyn", "pop": 3233.0, "incidents": 81, "lisa": "Not significant" }, "geometry": { "type": "Polygon", "coordinates": [ [ [ -74.005003, 40.636425 ], [ -74.007356, 40.634164 ], [ -74.005564, 40.633084 ], [ -74.004107, 40.63406 ], [ -74.001957, 40.635497 ], [ -73.999807, 40.636936 ], [ -74.002672, 40.638667 ], [ -74.005003, 40.636425 ] ] ] } },
{ "type": "Feature", "properties": { "GEOID": "36047013800", "gi_z": -1.2, "borough": "Brooklyn", "pop": 3800.0, "incidents": 100, "lisa": "Not significant" }, "geometry": { "type": "Polygon", "coordinates": [ [ [ -74.027153, 40.625727 ], [ -74.02835, 40.622799 ], [ -74.026214, 40.621491 ], [ -74.021794, 40.624355 ], [ -74.026561, 40.627187 ], [ -74.026856, 40.626459 ], [ -74.027153, 40.625727 ] ] ] } },
{ "type": "Feature", "properties": { "GEOID": "36081002600", "gi_z": -1.21, "borough": "Queens", "pop": 2236.0, "incidents": 70, "lisa": "Not significant" }, "geometry": { "type": "Polygon", "coordinates": [ [ [ -73.845025, 40.699359 ], [ -73.845397, 40.695157 ], [ -73.843442, 40.695187 ], [ -73.840351, 40.695383 ], [ -73.842938, 40.700554 ], [ -73.845025, 40.699359 ] ] ] } },
{ "type": "Feature", "properties": { "GEOID": "36081034700", "gi_z": 0.4, "borough": "Queens", "pop": 3976.0, "incidents": 176, "lisa": "Not significant" }, "geometry": { "type": "Polygon", "coordinates": [ [ [ -73.887731, 40.766915 ], [ -73.887552, 40.76635 ], [ -73.879073, 40.767836 ], [ -73.877973, 40.761795 ], [ -73.876014, 40.761444 ], [ -73.875313, 40.763008 ], [ -73.875535, 40.764231 ], [ -73.876119, 40.771629 ], [ -73.887731, 40.766915 ] ] ] } },
{ "type": "Feature", "properties": { "GEOID": "36047006300", "gi_z": -1.65, "borough": "Brooklyn", "pop": 1904.0, "incidents": 72, "lisa": "Low-Low" }, "geometry": { "type": "Polygon", "coordinates": [ [ [ -74.003346, 40.67963 ], [ -74.002255, 40.678205 ], [ -74.000048, 40.682803 ], [ -73.999081, 40.684816 ], [ -74.000642, 40.685247 ], [ -74.003346, 40.67963 ] ] ] } },
{ "type": "Feature", "properties": { "GEOID": "36047016700", "gi_z": -1.51, "borough": "Brooklyn", "pop": 4800.0, "incidents": 73, "lisa": "Low-Low" }, "geometry": { "type": "Polygon", "coordinates": [ [ [ -73.981225, 40.663347 ], [ -73.982231, 40.662142 ], [ -73.980171, 40.661155 ], [ -73.975337, 40.666419 ], [ -73.977717, 40.66757 ], [ -73.979224, 40.665749 ], [ -73.981225, 40.663347 ] ] ] } },
{ "type": "Feature", "properties": { "GEOID": "36081009100", "gi_z": -0.72, "borough": "Queens", "pop": 1928.0, "incidents": 39, "lisa": "Not significant" }, "geometry": { "type": "Polygon", "coordinates": [ [ [ -73.934412, 40.778093 ], [ -73.935855, 40.777212 ], [ -73.931046, 40.773981 ], [ -73.924928, 40.773489 ], [ -73.923981, 40.774615 ], [ -73.928277, 40.776899 ], [ -73.934412, 40.778093 ] ] ] } },
{ "type": "Feature", "properties": { "GEOID": "36081012400", "gi_z": -0.81, "borough": "Queens", "pop": 2913.0, "incidents": 123, "lisa": "Not significant" }, "geometry": { "type": "Polygon", "coordinates": [ [ [ -73.834844, 40.698269 ], [ -73.837167, 40.696866 ], [ -73.834806, 40.692071 ], [ -73.8313, 40.693058 ], [ -73.834066, 40.698695 ], [ -73.834844, 40.698269 ] ] ] } },
{ "type": "Feature", "properties": { "GEOID": "36081014400", "gi_z": -0.37, "borough": "Queens", "pop": 1671.0, "incidents": 112, "lisa": "Not significant" }, "geometry": { "type": "Polygon", "coordinates": [ [ [ -73.831521, 40.70139 ], [ -73.830886, 40.700009 ], [ -73.827972, 40.693992 ], [ -73.825832, 40.694448 ], [ -73.82631, 40.698258 ], [ -73.827953, 40.70229 ], [ -73.831521, 40.70139 ] ] ] } },
{ "type": "Feature", "properties": { "GEOID": "36081019800", "gi_z": -0.47, "borough": "Queens", "pop": 3189.0, "incidents": 92, "lisa": "Not significant" }, "geometry": { "type": "Polygon", "coordinates": [ [ [ -73.806425, 40.690874 ], [ -73.805046, 40.688982 ], [ -73.798823, 40.69248 ], [ -73.801196, 40.695337 ], [ -73.806425, 40.690874 ] ] ] } },
{ "type": "Feature", "properties": { "GEOID": "36081026600", "gi_z": -1.7, "borough": "Queens", "pop": 1941.0, "incidents": 57, "lisa": "Low-Low" }, "geometry": { "type": "Polygon", "coordinates": [ [ [ -73.781464, 40.69447 ], [ -73.785299, 40.692857 ], [ -73.783266, 40.689994 ], [ -73.777893, 40.689918 ], [ -73.780237, 40.692972 ], [ -73.781464, 40.69447 ] ] ] } },
{ "type": "Feature", "properties": { "GEOID": "36081053401", "gi_z": -2.27, "borough": "Queens", "pop": 1968.0, "incidents": 76, "lisa": "Low-Low" }, "geometry": { "type": "Polygon", "coordinates": [ [ [ -73.74773, 40.699553 ], [ -73.74619, 40.696119 ], [ -73.743593, 40.696215 ], [ -73.741395, 40.70133 ], [ -73.740777, 40.70268 ], [ -73.7405, 40.703435 ], [ -73.743307, 40.70296 ], [ -73.744134, 40.702742 ], [ -73.74773, 40.699553 ] ] ] } },
{ "type": "Feature", "properties": { "GEOID": "36085030301", "gi_z": -1.06, "borough": "Staten Island", "pop": 5384.0, "incidents": 189, "lisa": "Not significant" }, "geometry": { "type": "Polygon", "coordinates": [ [ [ -74.168141, 40.622078 ], [ -74.168725, 40.621209 ], [ -74.160501, 40.617416 ], [ -74.153689, 40.612322 ], [ -74.151983, 40.61753 ], [ -74.146145, 40.62493 ], [ -74.148768, 40.625104 ], [ -74.149241, 40.623329 ], [ -74.155425, 40.620069 ], [ -74.168141, 40.622078 ] ] ] } },
{ "type": "Feature", "properties": { "GEOID": "36005044200", "gi_z": 1.73, "borough": "Bronx", "pop": 4007.0, "incidents": 196, "lisa": "High-High" }, "geometry": { "type": "Polygon", "coordinates": [ [ [ -73.848653, 40.906778 ], [ -73.850375, 40.903428 ], [ -73.846936, 40.90152 ], [ -73.840999, 40.902812 ], [ -73.848653, 40.906778 ] ] ] } },
{ "type": "Feature", "properties": { "GEOID": "36005039700", "gi_z": 4.81, "borough": "Bronx", "pop": 4219.0, "incidents": 651, "lisa": "High-High" }, "geometry": { "type": "Polygon", "coordinates": [ [ [ -73.891815, 40.861817 ], [ -73.891447, 40.861634 ], [ -73.890887, 40.861345 ], [ -73.890438, 40.861119 ], [ -73.885991, 40.858806 ], [ -73.88183, 40.857455 ], [ -73.880764, 40.856992 ], [ -73.880515, 40.860346 ], [ -73.883079, 40.866593 ], [ -73.883625, 40.867258 ], [ -73.885937, 40.865924 ], [ -73.890161, 40.863477 ], [ -73.891815, 40.861817 ] ] ] } },
{ "type": "Feature", "properties": { "GEOID": "36047024600", "gi_z": -1.63, "borough": "Brooklyn", "pop": 3298.0, "incidents": 75, "lisa": "Low-Low" }, "geometry": { "type": "Polygon", "coordinates": [ [ [ -73.985693, 40.620131 ], [ -73.986275, 40.619567 ], [ -73.979638, 40.615565 ], [ -73.97785, 40.617287 ], [ -73.977379, 40.617883 ], [ -73.982282, 40.619962 ], [ -73.985693, 40.620131 ] ] ] } },
{ "type": "Feature", "properties": { "GEOID": "36047026500", "gi_z": 0.28, "borough": "Brooklyn", "pop": 4101.0, "incidents": 139, "lisa": "Not significant" }, "geometry": { "type": "Polygon", "coordinates": [ [ [ -73.947748, 40.688044 ], [ -73.94731, 40.685846 ], [ -73.947165, 40.685113 ], [ -73.941494, 40.685764 ], [ -73.941932, 40.687963 ], [ -73.942076, 40.688697 ], [ -73.947748, 40.688044 ] ] ] } },
{ "type": "Feature", "properties": { "GEOID": "36047030100", "gi_z": 0.7, "borough": "Brooklyn", "pop": 3171.0, "incidents": 121, "lisa": "Not significant" }, "geometry": { "type": "Polygon", "coordinates": [ [ [ -73.921646, 40.67887 ], [ -73.921816, 40.677019 ], [ -73.913696, 40.676495 ], [ -73.910926, 40.676345 ], [ -73.910799, 40.678278 ], [ -73.916301, 40.678577 ], [ -73.921646, 40.67887 ] ] ] } },
{ "type": "Feature", "properties": { "GEOID": "36081036700", "gi_z": -0.56, "borough": "Queens", "pop": 2935.0, "incidents": 89, "lisa": "Not significant" }, "geometry": { "type": "Polygon", "coordinates": [ [ [ -73.871773, 40.764625 ], [ -73.871355, 40.762332 ], [ -73.868255, 40.761806 ], [ -73.864335, 40.761143 ], [ -73.863496, 40.761558 ], [ -73.867492, 40.765688 ], [ -73.871773, 40.764625 ] ] ] } },
{ "type": "Feature", "properties": { "GEOID": "36081040400", "gi_z": -0.51, "borough": "Queens", "pop": 3671.0, "incidents": 85, "lisa": "Not significant" }, "geometry": { "type": "Polygon", "coordinates": [ [ [ -73.768445, 40.709637 ], [ -73.775139, 40.706884 ], [ -73.772308, 40.700572 ], [ -73.766573, 40.702752 ], [ -73.767344, 40.706636 ], [ -73.76826, 40.709526 ], [ -73.768445, 40.709637 ] ] ] } },
{ "type": "Feature", "properties": { "GEOID": "36081046700", "gi_z": 2.31, "borough": "Queens", "pop": 6774.0, "incidents": 169, "lisa": "High-High" }, "geometry": { "type": "Polygon", "coordinates": [ [ [ -73.876282, 40.744869 ], [ -73.878479, 40.742151 ], [ -73.874658, 40.743268 ], [ -73.871946, 40.746908 ], [ -73.872373, 40.748852 ], [ -73.873303, 40.748758 ], [ -73.876282, 40.744869 ] ] ] } },
{ "type": "Feature", "properties": { "GEOID": "36081048900", "gi_z": -0.99, "borough": "Queens", "pop": 1838.0, "incidents": 139, "lisa": "Not significant" }, "geometry": { "type": "Polygon", "coordinates": [ [ [ -73.895838, 40.740453 ], [ -73.896029, 40.735018 ], [ -73.89175, 40.734485 ], [ -73.888566, 40.734592 ], [ -73.887253, 40.738836 ], [ -73.894685, 40.740233 ], [ -73.895838, 40.740453 ] ] ] } },
{ "type": "Feature", "properties": { "GEOID": "36061019600", "gi_z": 5.51, "borough": "Manhattan", "pop": 4166.0, "incidents": 1019, "lisa": "High-High" }, "geometry": { "type": "Polygon", "coordinates": [ [ [ -73.938544, 40.80573 ], [ -73.941825, 40.80124 ], [ -73.938603, 40.799883 ], [ -73.93631, 40.803024 ], [ -73.938544, 40.80573 ] ] ] } },
{ "type": "Feature", "properties": { "GEOID": "36061017700", "gi_z": 1.26, "borough": "Manhattan", "pop": 10030.0, "incidents": 188, "lisa": "Not significant" }, "geometry": { "type": "Polygon", "coordinates": [ [ [ -73.973147, 40.790244 ], [ -73.96745, 40.787861 ], [ -73.965632, 40.790365 ], [ -73.971316, 40.792753 ], [ -73.973147, 40.790244 ] ] ] } },
{ "type": "Feature", "properties": { "GEOID": "36081006100", "gi_z": -0.36, "borough": "Queens", "pop": 5207.0, "incidents": 165, "lisa": "Not significant" }, "geometry": { "type": "Polygon", "coordinates": [ [ [ -73.926188, 40.762351 ], [ -73.919799, 40.759349 ], [ -73.917888, 40.761695 ], [ -73.924253, 40.764725 ], [ -73.926188, 40.762351 ] ] ] } },
{ "type": "Feature", "properties": { "GEOID": "36081020400", "gi_z": 0.21, "borough": "Queens", "pop": 1986.0, "incidents": 216, "lisa": "Not significant" }, "geometry": { "type": "Polygon", "coordinates": [ [ [ -73.804891, 40.695852 ], [ -73.808902, 40.692564 ], [ -73.806425, 40.690874 ], [ -73.801196, 40.695337 ], [ -73.797537, 40.698199 ], [ -73.799341, 40.699291 ], [ -73.804891, 40.695852 ] ] ] } },
{ "type": "Feature", "properties": { "GEOID": "36081051100", "gi_z": -1.56, "borough": "Queens", "pop": 2494.0, "incidents": 50, "lisa": "Low-Low" }, "geometry": { "type": "Polygon", "coordinates": [ [ [ -73.905684, 40.72855 ], [ -73.90707, 40.727466 ], [ -73.894974, 40.725407 ], [ -73.895589, 40.728965 ], [ -73.899246, 40.72905 ], [ -73.905684, 40.72855 ] ] ] } },
{ "type": "Feature", "properties": { "GEOID": "36081056200", "gi_z": -0.96, "borough": "Queens", "pop": 1399.0, "incidents": 17, "lisa": "Not significant" }, "geometry": { "type": "Polygon", "coordinates": [ [ [ -73.731219, 40.726698 ], [ -73.736545, 40.725517 ], [ -73.735829, 40.722709 ], [ -73.729905, 40.723273 ], [ -73.731219, 40.726698 ] ] ] } },
{ "type": "Feature", "properties": { "GEOID": "36081071100", "gi_z": -1.41, "borough": "Queens", "pop": 5759.0, "incidents": 266, "lisa": "High-Low" }, "geometry": { "type": "Polygon", "coordinates": [ [ [ -73.862038, 40.725957 ], [ -73.858522, 40.721529 ], [ -73.850605, 40.719381 ], [ -73.845254, 40.719441 ], [ -73.843978, 40.721455 ], [ -73.84733, 40.722933 ], [ -73.854542, 40.723726 ], [ -73.858072, 40.724474 ], [ -73.862038, 40.725957 ] ] ] } },
{ "type": "Feature", "properties": { "GEOID": "36047010000", "gi_z": -0.08, "borough": "Brooklyn", "pop": 5489.0, "incidents": 180, "lisa": "Not significant" }, "geometry": { "type": "Polygon", "coordinates": [ [ [ -74.011484, 40.643986 ], [ -74.013814, 40.641745 ], [ -74.009409, 40.639085 ], [ -74.007079, 40.641325 ], [ -74.011484, 40.643986 ] ] ] } },
{ "type": "Feature", "properties": { "GEOID": "36081024300", "gi_z": -1.34, "borough": "Queens", "pop": 5607.0, "incidents": 164, "lisa": "Low-Low" }, "geometry": { "type": "Polygon", "coordinates": [ [ [ -73.909285, 40.736334 ], [ -73.90108, 40.733908 ], [ -73.899022, 40.735149 ], [ -73.896029, 40.735018 ], [ -73.895838, 40.740453 ], [ -73.898985, 40.740646 ], [ -73.899146, 40.740668 ], [ -73.909285, 40.736334 ] ] ] } },
{ "type": "Feature", "properties": { "GEOID": "36081015801", "gi_z": -0.93, "borough": "Queens", "pop": 3841.0, "incidents": 218, "lisa": "Not significant" }, "geometry": { "type": "Polygon", "coordinates": [ [ [ -73.815228, 40.690733 ], [ -73.816926, 40.69025 ], [ -73.814974, 40.686695 ], [ -73.811645, 40.685656 ], [ -73.808017, 40.68706 ], [ -73.810749, 40.691917 ], [ -73.815228, 40.690733 ] ] ] } },
{ "type": "Feature", "properties": { "GEOID": "36081058700", "gi_z": -0.71, "borough": "Queens", "pop": 3486.0, "incidents": 80, "lisa": "Not significant" }, "geometry": { "type": "Polygon", "coordinates": [ [ [ -73.903652, 40.707853 ], [ -73.902119, 40.705149 ], [ -73.89694, 40.706499 ], [ -73.898453, 40.70904 ], [ -73.903652, 40.707853 ] ] ] } },
{ "type": "Feature", "properties": { "GEOID": "36085015601", "gi_z": -1.85, "borough": "Staten Island", "pop": 6214.0, "incidents": 44, "lisa": "Low-Low" }, "geometry": { "type": "Polygon", "coordinates": [ [ [ -74.150839, 40.549963 ], [ -74.164231, 40.543301 ], [ -74.157537, 40.536294 ], [ -74.153975, 40.534268 ], [ -74.145912, 40.542424 ], [ -74.150839, 40.549963 ] ] ] } },
{ "type": "Feature", "properties": { "GEOID": "36005008400", "gi_z": -0.03, "borough": "Bronx", "pop": 3108.0, "incidents": 69, "lisa": "Not significant" }, "geometry": { "type": "Polygon", "coordinates": [ [ [ -73.851629, 40.816354 ], [ -73.846097, 40.813079 ], [ -73.847539, 40.816905 ], [ -73.850599, 40.816498 ], [ -73.851629, 40.816354 ] ] ] } },
{ "type": "Feature", "properties": { "GEOID": "36081155104", "gi_z": -1.69, "borough": "Queens", "pop": 3239.0, "incidents": 58, "lisa": "Low-Low" }, "geometry": { "type": "Polygon", "coordinates": [ [ [ -73.718944, 40.746944 ], [ -73.717625, 40.744028 ], [ -73.710296, 40.747908 ], [ -73.701633, 40.752493 ], [ -73.707825, 40.756216 ], [ -73.712769, 40.751912 ], [ -73.718944, 40.746944 ] ] ] } },
{ "type": "Feature", "properties": { "GEOID": "36047076000", "gi_z": -1.65, "borough": "Brooklyn", "pop": 3205.0, "incidents": 58, "lisa": "Low-Low" }, "geometry": { "type": "Polygon", "coordinates": [ [ [ -73.958088, 40.623105 ], [ -73.957632, 40.620714 ], [ -73.955037, 40.618558 ], [ -73.952148, 40.618875 ], [ -73.953052, 40.623658 ], [ -73.953983, 40.623555 ], [ -73.958088, 40.623105 ] ] ] } },
{ "type": "Feature", "properties": { "GEOID": "36061010803", "gi_z": 0.95, "borough": "Manhattan", "pop": 1922.0, "incidents": 106, "lisa": "Not significant" }, "geometry": { "type": "Polygon", "coordinates": [ [ [ -73.966583, 40.761552 ], [ -73.968024, 40.759578 ], [ -73.965783, 40.758632 ], [ -73.964314, 40.760599 ], [ -73.966583, 40.761552 ] ] ] } },
{ "type": "Feature", "properties": { "GEOID": "36081027101", "gi_z": 0.66, "borough": "Queens", "pop": 5409.0, "incidents": 97, "lisa": "Not significant" }, "geometry": { "type": "Polygon", "coordinates": [ [ [ -73.882633, 40.742787 ], [ -73.881004, 40.741841 ], [ -73.877904, 40.74559 ], [ -73.879818, 40.746442 ], [ -73.880747, 40.745233 ], [ -73.882633, 40.742787 ] ] ] } },
{ "type": "Feature", "properties": { "GEOID": "36081040502", "gi_z": 2.54, "borough": "Queens", "pop": 1686.0, "incidents": 503, "lisa": "High-High" }, "geometry": { "type": "Polygon", "coordinates": [ [ [ -73.865401, 40.75301 ], [ -73.862726, 40.749868 ], [ -73.861751, 40.749968 ], [ -73.863582, 40.753491 ], [ -73.865401, 40.75301 ] ] ] } },
{ "type": "Feature", "properties": { "GEOID": "36047057500", "gi_z": -0.2, "borough": "Brooklyn", "pop": 4596.0, "incidents": 138, "lisa": "Not significant" }, "geometry": { "type": "Polygon", "coordinates": [ [ [ -73.95519, 40.735867 ], [ -73.954609, 40.732324 ], [ -73.953658, 40.728823 ], [ -73.952412, 40.728418 ], [ -73.950731, 40.728972 ], [ -73.952975, 40.736079 ], [ -73.95519, 40.735867 ] ] ] } },
{ "type": "Feature", "properties": { "GEOID": "36047076200", "gi_z": -1.82, "borough": "Brooklyn", "pop": 4224.0, "incidents": 54, "lisa": "Low-Low" }, "geometry": { "type": "Polygon", "coordinates": [ [ [ -73.958994, 40.627886 ], [ -73.958088, 40.623105 ], [ -73.953983, 40.623555 ], [ -73.954885, 40.628336 ], [ -73.956847, 40.62812 ], [ -73.958994, 40.627886 ] ] ] } },
{ "type": "Feature", "properties": { "GEOID": "36047088600", "gi_z": 0.84, "borough": "Brooklyn", "pop": 4340.0, "incidents": 226, "lisa": "Not significant" }, "geometry": { "type": "Polygon", "coordinates": [ [ [ -73.923599, 40.656053 ], [ -73.921776, 40.654424 ], [ -73.918147, 40.656766 ], [ -73.920082, 40.659858 ], [ -73.920909, 40.660599 ], [ -73.923216, 40.659107 ], [ -73.923599, 40.656053 ] ] ] } },
{ "type": "Feature", "properties": { "GEOID": "36081113900", "gi_z": -1.7, "borough": "Queens", "pop": 4051.0, "incidents": 96, "lisa": "Low-Low" }, "geometry": { "type": "Polygon", "coordinates": [ [ [ -73.793179, 40.770403 ], [ -73.793959, 40.764695 ], [ -73.79076, 40.760986 ], [ -73.785168, 40.761433 ], [ -73.785274, 40.761842 ], [ -73.788075, 40.764199 ], [ -73.791902, 40.768936 ], [ -73.793179, 40.770403 ] ] ] } },
{ "type": "Feature", "properties": { "GEOID": "36047021200", "gi_z": -1.14, "borough": "Brooklyn", "pop": 3150.0, "incidents": 66, "lisa": "Not significant" }, "geometry": { "type": "Polygon", "coordinates": [ [ [ -74.010004, 40.630113 ], [ -74.00435, 40.626711 ], [ -74.002515, 40.628475 ], [ -74.001931, 40.629033 ], [ -74.007023, 40.63211 ], [ -74.010004, 40.630113 ] ] ] } },
{ "type": "Feature", "properties": { "GEOID": "36047019200", "gi_z": -1.29, "borough": "Brooklyn", "pop": 3118.0, "incidents": 119, "lisa": "Not significant" }, "geometry": { "type": "Polygon", "coordinates": [ [ [ -74.001931, 40.629033 ], [ -74.002515, 40.628475 ], [ -73.997241, 40.625289 ], [ -73.996788, 40.626826 ], [ -73.996115, 40.629232 ], [ -73.997359, 40.629986 ], [ -73.999561, 40.631315 ], [ -74.001931, 40.629033 ] ] ] } },
{ "type": "Feature", "properties": { "GEOID": "36047031702", "gi_z": -0.59, "borough": "Brooklyn", "pop": 3622.0, "incidents": 169, "lisa": "Not significant" }, "geometry": { "type": "Polygon", "coordinates": [ [ [ -73.953019, 40.672681 ], [ -73.95327, 40.670007 ], [ -73.950502, 40.669856 ], [ -73.947731, 40.669705 ], [ -73.947642, 40.670664 ], [ -73.94748, 40.67238 ], [ -73.953019, 40.672681 ] ] ] } },
{ "type": "Feature", "properties": { "GEOID": "36047038100", "gi_z": -0.06, "borough": "Brooklyn", "pop": 5138.0, "incidents": 137, "lisa": "Not significant" }, "geometry": { "type": "Polygon", "coordinates": [ [ [ -73.929009, 40.682703 ], [ -73.929058, 40.679277 ], [ -73.921646, 40.67887 ], [ -73.922545, 40.681936 ], [ -73.922814, 40.683415 ], [ -73.929009, 40.682703 ] ] ] } },
{ "type": "Feature", "properties": { "GEOID": "36085024402", "gi_z": -1.07, "borough": "Staten Island", "pop": 5013.0, "incidents": 40, "lisa": "Not significant" }, "geometry": { "type": "Polygon", "coordinates": [ [ [ -74.254588, 40.502303 ], [ -74.250188, 40.496703 ], [ -74.246688, 40.496103 ], [ -74.23324, 40.501299 ], [ -74.221909068509802, 40.502397307787305 ], [ -74.223215, 40.508659 ], [ -74.254588, 40.502303 ] ] ] } },
{ "type": "Feature", "properties": { "GEOID": "36005037400", "gi_z": 0.38, "borough": "Bronx", "pop": 3633.0, "incidents": 155, "lisa": "Not significant" }, "geometry": { "type": "Polygon", "coordinates": [ [ [ -73.86805, 40.877799 ], [ -73.868258, 40.871462 ], [ -73.867159, 40.871442 ], [ -73.865209, 40.871407 ], [ -73.86462, 40.876804 ], [ -73.866271, 40.877327 ], [ -73.86805, 40.877799 ] ] ] } },
{ "type": "Feature", "properties": { "GEOID": "36047020400", "gi_z": -1.96, "borough": "Brooklyn", "pop": 2037.0, "incidents": 19, "lisa": "Low-Low" }, "geometry": { "type": "Polygon", "coordinates": [ [ [ -74.012245, 40.626016 ], [ -74.016406, 40.622014 ], [ -74.014203, 40.620685 ], [ -74.010042, 40.624686 ], [ -74.012245, 40.626016 ] ] ] } },
{ "type": "Feature", "properties": { "GEOID": "36047013100", "gi_z": 0.16, "borough": "Brooklyn", "pop": 3533.0, "incidents": 60, "lisa": "Not significant" }, "geometry": { "type": "Polygon", "coordinates": [ [ [ -73.981755, 40.679317 ], [ -73.983041, 40.677417 ], [ -73.97796, 40.675438 ], [ -73.97618, 40.678065 ], [ -73.978676, 40.679047 ], [ -73.981324, 40.679952 ], [ -73.981755, 40.679317 ] ] ] } },
{ "type": "Feature", "properties": { "GEOID": "36047038800", "gi_z": -1.58, "borough": "Brooklyn", "pop": 5353.0, "incidents": 55, "lisa": "Low-Low" }, "geometry": { "type": "Polygon", "coordinates": [ [ [ -73.971765, 40.595112 ], [ -73.971782, 40.593756 ], [ -73.971151, 40.590443 ], [ -73.970224, 40.59054 ], [ -73.966519, 40.590953 ], [ -73.967376, 40.595461 ], [ -73.971765, 40.595112 ] ] ] } },
{ "type": "Feature", "properties": { "GEOID": "36047068600", "gi_z": -1.17, "borough": "Brooklyn", "pop": 1649.0, "incidents": 44, "lisa": "Not significant" }, "geometry": { "type": "Polygon", "coordinates": [ [ [ -73.920527, 40.613943 ], [ -73.919009, 40.61212 ], [ -73.913877, 40.615432 ], [ -73.91714, 40.61839 ], [ -73.920527, 40.613943 ] ] ] } },
{ "type": "Feature", "properties": { "GEOID": "36081007300", "gi_z": -0.69, "borough": "Queens", "pop": 3813.0, "incidents": 86, "lisa": "Not significant" }, "geometry": { "type": "Polygon", "coordinates": [ [ [ -73.926473, 40.769271 ], [ -73.928556, 40.766714 ], [ -73.924253, 40.764725 ], [ -73.922189, 40.767267 ], [ -73.926473, 40.769271 ] ] ] } },
{ "type": "Feature", "properties": { "GEOID": "36081040000", "gi_z": -1.79, "borough": "Queens", "pop": 1410.0, "incidents": 14, "lisa": "Low-Low" }, "geometry": { "type": "Polygon", "coordinates": [ [ [ -73.765083, 40.701428 ], [ -73.768834, 40.696904 ], [ -73.761592, 40.695905 ], [ -73.762615, 40.698697 ], [ -73.765083, 40.701428 ] ] ] } },
{ "type": "Feature", "properties": { "GEOID": "36081115700", "gi_z": -1.56, "borough": "Queens", "pop": 3136.0, "incidents": 84, "lisa": "Low-Low" }, "geometry": { "type": "Polygon", "coordinates": [ [ [ -73.817293, 40.771478 ], [ -73.817388, 40.766572 ], [ -73.817325, 40.765354 ], [ -73.816387, 40.76316 ], [ -73.812764, 40.764125 ], [ -73.813227, 40.771573 ], [ -73.817293, 40.771478 ] ] ] } },
{ "type": "Feature", "properties": { "GEOID": "36081013000", "gi_z": -1.05, "borough": "Queens", "pop": 1829.0, "incidents": 62, "lisa": "Not significant" }, "geometry": { "type": "Polygon", "coordinates": [ [ [ -73.841564, 40.701101 ], [ -73.837167, 40.696866 ], [ -73.834844, 40.698269 ], [ -73.836619, 40.70342 ], [ -73.836962, 40.704212 ], [ -73.841564, 40.701101 ] ] ] } },
{ "type": "Feature", "properties": { "GEOID": "36085004003", "gi_z": -1.07, "borough": "Staten Island", "pop": 3517.0, "incidents": 148, "lisa": "Not significant" }, "geometry": { "type": "Polygon", "coordinates": [ [ [ -74.08721, 40.613307 ], [ -74.087487, 40.612932 ], [ -74.082976, 40.611461 ], [ -74.07988, 40.616835 ], [ -74.081103, 40.617789 ], [ -74.08721, 40.613307 ] ] ] } },
{ "type": "Feature", "properties": { "GEOID": "36081058200", "gi_z": -1.45, "borough": "Queens", "pop": 5141.0, "incidents": 84, "lisa": "Low-Low" }, "geometry": { "type": "Polygon", "coordinates": [ [ [ -73.742141, 40.710248 ], [ -73.7405, 40.703435 ], [ -73.740777, 40.70268 ], [ -73.734304, 40.702478 ], [ -73.734265, 40.70322 ], [ -73.732638, 40.708865 ], [ -73.735539, 40.71186 ], [ -73.742141, 40.710248 ] ] ] } },
{ "type": "Feature", "properties": { "GEOID": "36061020101", "gi_z": -0.67, "borough": "Manhattan", "pop": 1968.0, "incidents": 59, "lisa": "Not significant" }, "geometry": { "type": "Polygon", "coordinates": [ [ [ -73.960106, 40.80812 ], [ -73.962008, 40.805509 ], [ -73.958407, 40.807419 ], [ -73.960106, 40.80812 ] ] ] } },
{ "type": "Feature", "properties": { "GEOID": "36061005501", "gi_z": 4.54, "borough": "Manhattan", "pop": 5346.0, "incidents": 202, "lisa": "High-High" }, "geometry": { "type": "Polygon", "coordinates": [ [ [ -73.996572, 40.729552 ], [ -73.999916, 40.726935 ], [ -73.996772, 40.725432 ], [ -73.994252, 40.728412 ], [ -73.995061, 40.72881 ], [ -73.996572, 40.729552 ] ] ] } },
{ "type": "Feature", "properties": { "GEOID": "36005007300", "gi_z": 3.28, "borough": "Bronx", "pop": 4325.0, "incidents": 396, "lisa": "High-High" }, "geometry": { "type": "Polygon", "coordinates": [ [ [ -73.911942, 40.816047 ], [ -73.912954, 40.814269 ], [ -73.910948, 40.813621 ], [ -73.907245, 40.812855 ], [ -73.908225, 40.816203 ], [ -73.911942, 40.816047 ] ] ] } },
{ "type": "Feature", "properties": { "GEOID": "36005012102", "gi_z": 1.67, "borough": "Bronx", "pop": 1429.0, "incidents": 168, "lisa": "High-High" }, "geometry": { "type": "Polygon", "coordinates": [ [ [ -73.89139, 40.824941 ], [ -73.886613, 40.825329 ], [ -73.886092, 40.827695 ], [ -73.887895, 40.826743 ], [ -73.89139, 40.824941 ] ] ] } },
{ "type": "Feature", "properties": { "GEOID": "36005004001", "gi_z": 1.69, "borough": "Bronx", "pop": 1294.0, "incidents": 123, "lisa": "Low-High" }, "geometry": { "type": "Polygon", "coordinates": [ [ [ -73.85699, 40.830385 ], [ -73.860674, 40.828419 ], [ -73.859703, 40.826277 ], [ -73.8563, 40.826757 ], [ -73.856151, 40.82677 ], [ -73.85699, 40.830385 ] ] ] } },
{ "type": "Feature", "properties": { "GEOID": "36047087401", "gi_z": -0.26, "borough": "Brooklyn", "pop": 3127.0, "incidents": 168, "lisa": "Not significant" }, "geometry": { "type": "Polygon", "coordinates": [ [ [ -73.940029, 40.663021 ], [ -73.939813, 40.660785 ], [ -73.939734, 40.660074 ], [ -73.936864, 40.657942 ], [ -73.937264, 40.663192 ], [ -73.940029, 40.663021 ] ] ] } },
{ "type": "Feature", "properties": { "GEOID": "36081011200", "gi_z": -0.67, "borough": "Queens", "pop": 2375.0, "incidents": 211, "lisa": "Not significant" }, "geometry": { "type": "Polygon", "coordinates": [ [ [ -73.842175, 40.685354 ], [ -73.841196, 40.683351 ], [ -73.839922, 40.681187 ], [ -73.835951, 40.684844 ], [ -73.837278, 40.686747 ], [ -73.839923, 40.685995 ], [ -73.842175, 40.685354 ] ] ] } },
{ "type": "Feature", "properties": { "GEOID": "36081015000", "gi_z": -0.94, "borough": "Queens", "pop": 2233.0, "incidents": 75, "lisa": "Not significant" }, "geometry": { "type": "Polygon", "coordinates": [ [ [ -73.827181, 40.692378 ], [ -73.826594, 40.691179 ], [ -73.815121, 40.69444 ], [ -73.815709, 40.695638 ], [ -73.827181, 40.692378 ] ] ] } },
{ "type": "Feature", "properties": { "GEOID": "36047009402", "gi_z": -1.52, "borough": "Brooklyn", "pop": 3280.0, "incidents": 35, "lisa": "Low-Low" }, "geometry": { "type": "Polygon", "coordinates": [ [ [ -74.000213, 40.644477 ], [ -74.002545, 40.642236 ], [ -74.000341, 40.640905 ], [ -73.999176, 40.642026 ], [ -73.998011, 40.643147 ], [ -74.000213, 40.644477 ] ] ] } },
{ "type": "Feature", "properties": { "GEOID": "36047023300", "gi_z": -0.18, "borough": "Brooklyn", "pop": 5988.0, "incidents": 212, "lisa": "Not significant" }, "geometry": { "type": "Polygon", "coordinates": [ [ [ -73.959428, 40.690448 ], [ -73.960006, 40.688881 ], [ -73.959568, 40.686683 ], [ -73.954684, 40.687245 ], [ -73.955122, 40.689444 ], [ -73.95541, 40.690908 ], [ -73.959428, 40.690448 ] ] ] } },
{ "type": "Feature", "properties": { "GEOID": "36081004001", "gi_z": -0.79, "borough": "Queens", "pop": 2063.0, "incidents": 59, "lisa": "Not significant" }, "geometry": { "type": "Polygon", "coordinates": [ [ [ -73.842175, 40.685354 ], [ -73.851979, 40.682564 ], [ -73.847868, 40.681487 ], [ -73.841196, 40.683351 ], [ -73.842175, 40.685354 ] ] ] } },
{ "type": "Feature", "properties": { "GEOID": "36047031701", "gi_z": -0.01, "borough": "Brooklyn", "pop": 4300.0, "incidents": 114, "lisa": "Not significant" }, "geometry": { "type": "Polygon", "coordinates": [ [ [ -73.952937, 40.673571 ], [ -73.953019, 40.672681 ], [ -73.94748, 40.67238 ], [ -73.94723, 40.675053 ], [ -73.952768, 40.675355 ], [ -73.952937, 40.673571 ] ] ] } },
{ "type": "Feature", "properties": { "GEOID": "36081048100", "gi_z": 1.03, "borough": "Queens", "pop": 6551.0, "incidents": 121, "lisa": "Not significant" }, "geometry": { "type": "Polygon", "coordinates": [ [ [ -73.887986, 40.743548 ], [ -73.887511, 40.741083 ], [ -73.881004, 40.741841 ], [ -73.882633, 40.742787 ], [ -73.885095, 40.743974 ], [ -73.887986, 40.743548 ] ] ] } },
{ "type": "Feature", "properties": { "GEOID": "36047046400", "gi_z": -1.91, "borough": "Brooklyn", "pop": 3327.0, "incidents": 17, "lisa": "Low-Low" }, "geometry": { "type": "Polygon", "coordinates": [ [ [ -73.979818, 40.625774 ], [ -73.981566, 40.624095 ], [ -73.977033, 40.62153 ], [ -73.976235, 40.625976 ], [ -73.976578, 40.627574 ], [ -73.978067, 40.627455 ], [ -73.979818, 40.625774 ] ] ] } },
{ "type": "Feature", "properties": { "GEOID": "36081055600", "gi_z": -1.51, "borough": "Queens", "pop": 2233.0, "incidents": 36, "lisa": "Low-Low" }, "geometry": { "type": "Polygon", "coordinates": [ [ [ -73.748917, 40.725764 ], [ -73.746662, 40.723639 ], [ -73.74548, 40.722529 ], [ -73.741047, 40.725257 ], [ -73.744588, 40.728586 ], [ -73.748917, 40.725764 ] ] ] } },
{ "type": "Feature", "properties": { "GEOID": "36047050202", "gi_z": -1.61, "borough": "Brooklyn", "pop": 2413.0, "incidents": 25, "lisa": "Low-Low" }, "geometry": { "type": "Polygon", "coordinates": [ [ [ -73.978039, 40.654747 ], [ -73.976347, 40.65122 ], [ -73.972683, 40.652639 ], [ -73.973555, 40.655644 ], [ -73.978039, 40.654747 ] ] ] } },
{ "type": "Feature", "properties": { "GEOID": "36047092800", "gi_z": 0.01, "borough": "Brooklyn", "pop": 2663.0, "incidents": 131, "lisa": "Not significant" }, "geometry": { "type": "Polygon", "coordinates": [ [ [ -73.913744, 40.654169 ], [ -73.915226, 40.653039 ], [ -73.911823, 40.649984 ], [ -73.909449, 40.651522 ], [ -73.908558, 40.652096 ], [ -73.909726, 40.654313 ], [ -73.913744, 40.654169 ] ] ] } },
{ "type": "Feature", "properties": { "GEOID": "36061015101", "gi_z": -0.2, "borough": "Manhattan", "pop": 3476.0, "incidents": 61, "lisa": "Not significant" }, "geometry": { "type": "Polygon", "coordinates": [ [ [ -73.987241, 40.776017 ], [ -73.98954, 40.772866 ], [ -73.986695, 40.771668 ], [ -73.986238, 40.772299 ], [ -73.984412, 40.774808 ], [ -73.987241, 40.776017 ] ] ] } },
{ "type": "Feature", "properties": { "GEOID": "36081037900", "gi_z": 1.76, "borough": "Queens", "pop": 5841.0, "incidents": 343, "lisa": "Not significant" }, "geometry": { "type": "Polygon", "coordinates": [ [ [ -73.866904, 40.754363 ], [ -73.865401, 40.75301 ], [ -73.863582, 40.753491 ], [ -73.861211, 40.753934 ], [ -73.861906, 40.757795 ], [ -73.862807, 40.757759 ], [ -73.86657, 40.757536 ], [ -73.866904, 40.754363 ] ] ] } },
{ "type": "Feature", "properties": { "GEOID": "36047096800", "gi_z": -0.96, "borough": "Brooklyn", "pop": 1224.0, "incidents": 143, "lisa": "Not significant" }, "geometry": { "type": "Polygon", "coordinates": [ [ [ -73.903982, 40.646629 ], [ -73.907084, 40.644623 ], [ -73.903774, 40.641652 ], [ -73.90067, 40.64366 ], [ -73.903982, 40.646629 ] ] ] } },
{ "type": "Feature", "properties": { "GEOID": "36061017900", "gi_z": 1.26, "borough": "Manhattan", "pop": 9875.0, "incidents": 245, "lisa": "Not significant" }, "geometry": { "type": "Polygon", "coordinates": [ [ [ -73.984417440418696, 40.798219285358918 ], [ -73.986305491752304, 40.795620962805621 ], [ -73.973147, 40.790244 ], [ -73.971316, 40.792753 ], [ -73.984417440418696, 40.798219285358918 ] ] ] } },
{ "type": "Feature", "properties": { "GEOID": "36081122704", "gi_z": -0.68, "borough": "Queens", "pop": 5015.0, "incidents": 192, "lisa": "Not significant" }, "geometry": { "type": "Polygon", "coordinates": [ [ [ -73.810772, 40.732326 ], [ -73.811124, 40.727833 ], [ -73.80717, 40.728269 ], [ -73.803163, 40.7316 ], [ -73.804063, 40.731638 ], [ -73.810772, 40.732326 ] ] ] } },
{ "type": "Feature", "properties": { "GEOID": "36005030100", "gi_z": -0.71, "borough": "Bronx", "pop": 1570.0, "incidents": 18, "lisa": "Not significant" }, "geometry": { "type": "Polygon", "coordinates": [ [ [ -73.918761, 40.88557 ], [ -73.919221, 40.880768 ], [ -73.914892, 40.884625 ], [ -73.916037, 40.884867 ], [ -73.918761, 40.88557 ] ] ] } },
{ "type": "Feature", "properties": { "GEOID": "36081077907", "gi_z": -1.02, "borough": "Queens", "pop": 3294.0, "incidents": 73, "lisa": "Not significant" }, "geometry": { "type": "Polygon", "coordinates": [ [ [ -73.821853, 40.726675 ], [ -73.819425, 40.721997 ], [ -73.81512, 40.72328 ], [ -73.817171, 40.72727 ], [ -73.821853, 40.726675 ] ] ] } },
{ "type": "Feature", "properties": { "GEOID": "36061027300", "gi_z": 1.74, "borough": "Manhattan", "pop": 7434.0, "incidents": 263, "lisa": "Not significant" }, "geometry": { "type": "Polygon", "coordinates": [ [ [ -73.935606, 40.858863 ], [ -73.940285, 40.851322 ], [ -73.936661, 40.850448 ], [ -73.936038, 40.854915 ], [ -73.934088, 40.859382 ], [ -73.935606, 40.858863 ] ] ] } },
{ "type": "Feature", "properties": { "GEOID": "36081024000", "gi_z": 4.25, "borough": "Queens", "pop": 6558.0, "incidents": 794, "lisa": "High-High" }, "geometry": { "type": "Polygon", "coordinates": [ [ [ -73.811632, 40.703052 ], [ -73.811529, 40.702273 ], [ -73.804129, 40.70146 ], [ -73.802409, 40.701852 ], [ -73.79992, 40.702474 ], [ -73.801657, 40.705761 ], [ -73.805648, 40.704672 ], [ -73.811632, 40.703052 ] ] ] } },
{ "type": "Feature", "properties": { "GEOID": "36061025100", "gi_z": 2.86, "borough": "Manhattan", "pop": 2502.0, "incidents": 440, "lisa": "High-High" }, "geometry": { "type": "Polygon", "coordinates": [ [ [ -73.942013, 40.84281 ], [ -73.943066, 40.840193 ], [ -73.939827, 40.838498 ], [ -73.938343, 40.837909 ], [ -73.936464, 40.840482 ], [ -73.942013, 40.84281 ] ] ] } },
{ "type": "Feature", "properties": { "GEOID": "36085029106", "gi_z": -1.31, "borough": "Staten Island", "pop": 2845.0, "incidents": 19, "lisa": "Not significant" }, "geometry": { "type": "Polygon", "coordinates": [ [ [ -74.167197, 40.602076 ], [ -74.168836, 40.594721 ], [ -74.163317, 40.592508 ], [ -74.1619, 40.595299 ], [ -74.163287, 40.601681 ], [ -74.167197, 40.602076 ] ] ] } }
]
}
